Unit,Min,Sec,skip,Time,TC Surface Center 0.2m,TC Surface Center 0.4m,TC Surface Center 0.6m,TC Surface Center 0.8m,TC Surface Center 1.0m,TC Surface Center 1.2m,TC Surface Center 1.4m,TC Surface Center 1.6m,TC Surface Center 1.8m,TC Surface Center 2.0m,TC Surface Center 2.2m,TC Surface Offset 0.2m,TC Surface Offset 0.4m,TC Surface Offset 0.6m,TC Surface Offset 0.8m,TC Surface Offset 1.0m,TC Surface Offset 1.2m,TC Surface Offset 1.4m,TC Surface Offset 1.6m,TC Surface Offset 1.8m,TC Surface Offset 2.0m,TC Surface Offset 2.2m,TC Back Center 0.2m,TC Back Center 0.4m,TC Back Center 0.6m,TC Back Center 0.8m,TC Back Center 1.0m,TC Back Center 1.2m,TC Back Center 1.4m,TC Back Center 1.6m,TC Back Center 1.8m,TC Back Center 2.0m,TC Back Center 2.2m,TC Plume 2.4m,TC Plume 2.2m,TC Plume 2.0m,TC Plume 1.8m,TC Plume 1.6m,TC Plume 1.4m,TC Plume 1.2m,TC Plume 1.0m,TC Plume 0.8m,TC Plume 0.6m,TC Plume 0.4m,TC Plume 0.2m,HF Center 0.2m,HF Center 0.4m,HF Center 0.6m,HF Center 0.8m,HF Center 1.0m,HF Center 1.2m,HF Offset 0.2m,HF Offset 0.4m,HF Offset 0.6m,HF Offset 0.8m,HF Offset 1.0m,HF Offset 1.2m
116,1508,44.3,,0,32.11,34.04,33.76,31.03,29.63,29.1,28.38,27.37,26.49,26.07,25.74,30.39,32.45,33.01,30.83,30.53,29.53,29.32,27.88,27.31,26.67,26.51,33.86,34.34,34.98,32.49,29.97,28.92,27.9,26.73,26.19,25.99,25.66,22.9,22.98,23.04,23.04,23.1,23.14,23.26,23.36,23.73,23.95,24.03,23.63,-0.267,-0.352,-0.175,-0.187,-0.056,-0.055,-0.304,-0.175,-0.253,-0.183,-0.067,-0.069
116,1508,48.3,,4,37.64,36.74,35.32,31.69,30.07,29.21,28.68,27.5,26.63,26.15,25.83,38.31,41.46,36.82,32.42,30.83,29.93,29.53,28.16,27.36,26.79,26.55,33.78,34.24,34.9,32.48,29.91,28.82,27.68,26.71,26.19,25.99,25.66,22.98,23.06,23.51,24.92,26.07,30.51,35.98,38.25,43.29,70.7,68.36,147,51.78,26.34,12.65,6.167,4.087,2.36,14.8,11.93,8.93,3.815,2.776,1.833
116,1508,52.3,,8,237,169.5,112.7,64.07,58.55,36.28,55.35,43.28,38.44,34.32,37.6,107.7,108.9,67.97,62.31,41.78,47.67,38.02,40.53,31.29,34.46,30.19,33.66,34.16,34.84,32.5,29.95,28.85,27.56,26.63,26.11,25.87,25.59,36,36.64,37.92,43.22,47.94,52.82,59.26,64.17,86.9,134.7,138.7,285.6,69.71,35.43,17.63,10.44,7.13,4.65,20.19,10.18,6.793,9.8,8.69,6.385
116,1508,56.3,,12,323.3,253.4,166.4,84.1,75.3,42.4,62.33,48.24,43.71,38.65,46.33,144.8,146.7,112.7,91,51.61,55.03,42.7,45.82,34.24,42.3,33.88,33.78,34.06,34.78,32.45,29.83,28.76,27.43,26.59,26.03,25.82,25.46,43.47,47.92,54.81,58.68,65.91,76.9,84.4,90.9,123.7,184.8,197.8,377.9,73.1,55.17,32.67,17.17,9.11,6.328,18.07,14.51,7.48,4.974,4.723,2.878
116,1509,0.3,,16,366.5,298.4,212.6,107.1,88,47.25,69.32,52.2,45.1,39.49,46.45,170.9,175.4,122.8,106.3,58.01,55.05,42.5,44.65,34.86,41.82,34.44,34.14,34,34.72,32.34,29.73,28.68,27.58,26.55,25.95,25.79,25.38,49.17,52.74,59.37,61.39,69.75,83,102.4,119.4,148.9,233.2,261.7,484,76.2,59.23,37.16,20.33,11.7,6.764,15.09,13.53,8.4,5.972,6.667,4.418
116,1509,4.3,,20,389.4,336.3,235.7,119.3,92.6,49.79,64.93,48.87,43,39.03,45.16,184.8,190.4,140,117.1,68.63,64.18,48.64,51.29,37.95,46.97,37.04,34.22,33.92,34.62,32.28,29.69,28.66,27.68,26.51,25.95,25.77,25.26,51.31,55.94,63.34,67.04,76.9,95.2,126.1,150.1,186.7,295.5,332.5,550.4,71.2,46.04,26.52,13.25,7.62,5.248,14.1,13,9.63,7.44,6.141,4.515
116,1509,8.3,,24,418.4,329.6,229,120.7,96.7,51.59,75.2,55.01,49.19,43.53,51.75,183.6,190.8,152.2,135.1,75.3,72.2,52.91,54.65,39.53,50.48,39.11,33.74,33.5,34.54,32.27,29.69,28.6,27.88,26.57,26.03,25.83,25.4,56.61,62.21,70.6,73.8,81.1,94.4,119.7,148.7,202.9,314.7,378,622.9,70.3,60.83,51.8,28.05,12.5,8.64,14.48,14.11,11.37,9.11,7.28,5.333
116,1509,12.3,,28,445.6,400.1,281.2,146.6,122.7,64.34,103.6,69.3,59.83,49.67,60.26,186.6,194.7,153.7,137.5,83.6,83.2,60.99,64.3,44.17,55.05,42.64,33.54,33.62,34.46,32.25,29.67,28.54,27.88,26.59,26.07,25.83,25.44,60.7,66.05,82.6,79.4,85,105.2,138.1,164.3,229.3,337.7,410.4,658.5,63.8,61.2,44.06,27.33,15.32,8.95,15.74,19.37,13.35,8.81,7.22,5.754
116,1509,16.3,,32,458.3,418.1,300.1,161.9,129.8,65.44,98.9,71.5,61.84,52.1,62.49,193.1,210.5,172.5,155.1,97,96,67.71,68.87,46.13,58.6,44.88,33.56,33.8,34.48,32.19,29.65,28.64,27.84,26.61,26.07,25.8,25.52,63.04,71.1,84.9,85.3,96,114.5,153.3,180.3,268.8,401.4,468.7,713,67.61,60.17,47.68,34.48,23.31,16.2,15.43,20.12,25.25,15.95,16.25,7.17
116,1509,20.3,,36,470.8,449.8,349.2,201.3,154.5,75.1,110.5,77.3,64.78,55.27,66.06,197.5,247.1,205.5,184,110,111,81.3,86.2,51.67,66.7,47.72,33.8,34.02,34.52,32.19,29.69,28.7,27.84,26.59,26.07,25.83,25.5,68.04,72.8,86.3,89.6,107.1,143,189.4,222.1,304.8,427.4,496.2,739,66.64,65.45,60.11,36.55,21.63,12.51,12.47,12.55,9.2,7.96,8.61,7.34
116,1509,24.3,,40,504.2,473,384.2,212.9,159.7,79.8,110.8,75.7,63.38,54.67,61.68,199.3,241.1,197.7,170.5,104.8,95.7,71.9,73.7,49.79,62,47.53,34.1,34,34.58,32.28,29.73,28.7,27.84,26.61,26.07,25.83,25.54,70.6,76.9,96.1,97.8,113.7,148.4,206.3,240,349.9,480.7,546.3,750,65.76,62.7,56.43,32.32,19.3,11.25,12.19,12.21,14.54,7.64,5.269,4.5
116,1509,28.3,,44,500.6,486.9,400.3,234.5,173,83.4,110,73.6,62.67,53.59,61.44,197.6,222.1,196.4,168.6,108,97.8,72,73.6,50.68,62.21,47.82,34.42,34.18,34.72,32.42,29.81,28.64,27.76,26.59,26.09,25.81,25.5,73.1,80.5,101.8,103.8,120.6,151.3,208,251.9,374.9,505.9,573.2,777,62.77,63.6,49.68,29.23,18.32,11.12,11.82,11.47,9.38,6.522,5.743,3.853
116,1509,32.3,,48,528.5,518.1,428,253.9,187.8,91.2,119,82.4,67.61,57.44,65.54,200.8,232,196.7,176.9,110.7,100.2,74.6,72.8,51.55,63.1,49.17,35.44,34.7,34.96,32.62,29.81,28.68,28,26.59,26.07,25.83,25.42,75.5,84,108.5,112.2,131.3,159.4,222.9,275.2,410.4,543.8,608.4,779,61.93,57.13,33.96,21.06,15.36,9.25,14.2,15.99,18.91,18.89,9.02,5.672
116,1509,36.3,,52,516.3,498.3,408.5,249.9,185.3,92.6,111,78.4,66.39,56.77,63.34,205.9,249.6,217.4,186.9,112,99.8,74.7,76,53.19,66.53,50.44,35.1,35.36,35.48,32.92,29.89,28.72,28.16,26.61,26.11,25.82,25.5,79.1,89.7,112.7,121.1,137.1,169,243,293,423.5,554.3,629.5,789,66.46,65.51,56.16,37.52,19.28,13.83,12.75,13.67,16.97,10.5,9.24,6.572
116,1509,40.3,,56,528,514.8,438,273.8,199.8,101.6,130.3,88.7,72.6,60.03,68.28,212.6,248.7,221.3,193.4,122.1,107.8,77.8,77.1,53.67,64.54,50.92,36.42,36.08,36.06,33.34,30.13,28.85,28.2,26.65,26.19,25.89,25.59,88.3,99.4,123.4,129.9,150,186.2,262.9,308.2,445.7,570.4,648.8,800,70.2,63.39,47.21,26.61,22.92,14.31,13.32,12.94,11.19,9.46,6.782,4.468
116,1509,44.3,,60,539.5,525.1,449.6,289.2,224.4,109.4,134.2,91.3,77.5,63.24,72.6,213.2,241.6,213.8,186.3,120,107.2,80.7,81.7,56.39,66.59,52.38,37.92,36.92,36.76,33.8,30.37,28.86,28.36,26.79,26.29,25.95,25.54,88.5,102.7,125.2,123.4,140.8,175.1,257.5,321,475.8,581.9,663.9,791,67.65,60.77,49.45,30.75,21.44,13.28,13.79,13.76,14.59,12.74,10.93,7.3
116,1509,48.3,,64,542.7,532.2,444.8,289,213.7,108.4,127.4,91.1,77.8,65.86,76.9,216.7,252.8,223.1,196.9,128.2,116.2,85.1,85.2,58.17,71.7,55.78,39.19,38.06,37.7,34.38,30.65,28.97,28.68,26.83,26.37,25.99,25.67,88,100.5,125.9,125.3,148.7,195,269.2,329.7,486.4,603.3,691.7,801,65.61,56.6,49.18,34.65,18.68,11.37,16.74,18.62,19.38,11.71,8.89,7.87
116,1509,52.3,,68,552.3,561.2,479.1,312.3,229.3,114.7,134.3,93.6,77.5,63.93,71.1,224.4,256,234.6,211,132.6,119.2,86.5,85.4,59.2,70.1,54.08,40.79,39.27,38.69,35.02,30.85,29.15,28.89,26.98,26.47,26.03,25.67,88.4,100.8,121.3,127.1,154.8,194.5,266.6,335.5,499.5,617.5,701,813,66.48,65.95,57.83,34.61,24.29,15.92,13.49,12.8,8.55,6.832,6.208,4.213
116,1509,56.3,,72,566.7,570.7,498.3,337.2,251.7,122.9,142.9,98.1,81.5,67.43,76.4,223.8,267.4,249.5,219.2,134.5,116.8,86.9,86,60.76,71.1,56.04,42.52,40.63,39.87,35.86,31.37,29.43,29.17,27.24,26.61,26.19,25.79,91.8,106.9,131.3,129.4,155.5,193.6,269.9,329.2,504.3,584.1,679.2,799,68.42,55.65,43.72,30.15,24.05,16.38,14.49,21.19,26.63,19.09,15.15,12.62
116,1510,0.3,,76,552.7,537.5,475.5,336.3,252.4,126.5,152.1,101.3,87.2,72.4,83.7,232.5,281.1,261.5,237.7,153.1,145,101.3,101.7,66.09,83.8,61.58,44.39,42.46,41.26,37,31.86,29.75,29.55,27.34,26.79,26.31,25.99,93.1,105.4,130.2,130.4,154.7,193.6,271.4,339.7,512.2,583.7,675.5,804,68.51,58.29,49.17,26.43,19.75,11.65,16.38,24.98,27.55,29.26,18.4,12.02
116,1510,4.3,,80,522.8,508.7,465.1,329.3,248.7,128.9,144.3,96.6,81,69.81,75.1,240.6,315.4,289.8,270.5,169,152.2,103.7,102.6,67.73,83.3,61.58,46.14,44.11,43.02,38.19,32.54,30.05,29.53,27.44,26.91,26.39,26.03,91.5,111.9,136.6,137.4,159.8,197.5,269.1,331.1,486,555.7,662.8,797,63.22,69.11,67.5,44.76,28.71,18.2,13.29,15.27,13.95,12.25,11.39,7.75
116,1510,8.3,,84,563.5,558,495.8,346.1,263.5,132.4,149.2,99.6,84.2,70.1,75.8,239.3,285.3,261.6,237.4,162.4,142.2,102.8,102.2,67.87,81.2,61.7,48.02,45.72,44.89,39.27,33.38,30.37,29.45,27.58,26.99,26.45,25.99,92.8,109.3,134.3,130.6,154.2,197.8,275.9,344.7,513.4,574.8,677.3,815,66.56,64.59,61.52,43.48,28.46,18.58,13.77,14.24,17.72,14.86,10.85,8.65
116,1510,12.3,,88,580.3,583.1,517.5,361.6,277.3,137.9,150.9,103.8,82.9,71.2,77.4,238.4,277.6,256.6,234.5,161.9,140,102.8,100.1,67.65,74.9,58.19,49.39,47.47,46.91,40.67,34.28,30.77,29.77,27.84,27.22,26.59,25.95,93.5,107.2,130.3,134.2,156.3,194.1,276.8,347.3,510.6,545.5,642.5,741,72.2,56.83,47.53,36.57,23.52,14.11,11.99,9.38,7.68,5.765,5.012,4.364
116,1510,16.3,,92,602.9,569.3,490.3,353.9,276.1,142.7,157.7,105.9,88.7,74.2,81.6,232.4,252.6,228.1,203.9,147.9,128.6,95.9,90.3,65.33,71.9,57.88,51.15,49.69,49.05,42.02,35.18,31.23,30.17,28.1,27.38,26.71,26.07,90,104.2,128.9,126.9,147.4,182,253.4,312.3,465.9,499.1,591.2,714,49.63,37.93,29.7,18.53,13.91,9.85,9.23,7.85,5.267,3.744,3.459,2.563
116,1510,20.3,,96,582.3,538.7,457.3,333.8,257.5,140.7,146.7,102.6,86.3,72.4,78.3,228.1,239.6,215.4,188.9,138.6,115.4,89.6,82.8,63.56,67.3,56.63,52.5,51.67,51.31,42.98,36.08,31.62,30.61,28.32,27.64,26.94,26.15,87.3,100,126.7,124.7,146.8,177.9,241.5,299,448.8,468.3,575.8,694,62,47.17,45.14,29.99,18.83,13.18,12.89,9.81,6.959,4.604,4.146,3.326
116,1510,24.3,,100,606.6,590.2,515.3,362.6,279.2,150.3,166,107.5,89.1,75,83.2,229.5,239.2,211.6,186.9,137.5,116.6,88.7,84.8,64.75,68.47,57.26,55.15,54.14,53.74,45.36,37.24,32.16,31.07,28.66,27.92,27.11,26.43,93.2,108.1,132.4,128.9,152.8,186.1,255.2,305.7,447.8,465.5,563.1,684,47.93,35.15,27.72,23.21,18.48,13.06,10.21,7.53,6.141,5.517,4.312,3.774
116,1510,28.3,,104,611.5,589.3,513.5,365.4,284.2,154.8,168.9,115.2,94.2,78.5,83.9,228.1,234.2,206.4,182.2,136.6,122.1,92.5,88.9,66.31,74.6,58.94,59.1,56.39,55.94,47.23,38.47,32.8,31.88,29.11,28.14,27.32,26.51,88.1,99.1,124.6,126.8,146.8,175.9,247.7,301.6,457.2,490.2,564.5,682.2,61.11,50.38,52.45,39.89,23.25,14.34,14.31,12.24,12.67,10.51,9.33,6.933
116,1510,32.3,,108,610.9,602.5,533.4,387.8,301.5,161.6,169.5,115.6,93.9,79.2,83.7,239.3,253.9,228.1,207.8,150.7,134.8,99.9,94.1,67.35,75.3,59.57,60.8,58.55,58.43,49.09,39.77,33.42,32.3,29.37,28.46,27.6,26.73,91.3,104.1,130.6,135.7,160.2,187,258.9,311.6,470.2,519.8,603.6,740,66.74,61.65,57.54,35.91,21.7,14.56,14.02,13.14,14,16.09,10.85,8.19
116,1510,36.3,,112,621.5,617.4,552.5,394.7,309.1,167,176.6,118.1,95.9,77.4,81.8,240,252.9,227.9,209.1,149.5,134,98.9,92.7,67.29,74.8,60.52,62.19,61.19,61.07,50.99,41.04,34.16,32.76,29.73,28.84,27.84,26.91,89.6,102.1,131.1,135.7,157.6,184.9,258.3,310.8,463.6,502.7,589.1,756,62.67,60.59,49.95,27.54,26,19.84,13.62,13.6,13.51,16.69,12.65,8.59
116,1510,40.3,,116,606.7,617.5,557.5,401.1,320.7,174.2,186.3,122.8,98,80.5,84.6,238.8,249.3,225.6,214.1,159.5,141,106.7,99.2,69.13,75.1,60.82,64.78,63.83,64.25,53.81,42.24,34.82,33.06,30.11,29.17,28.16,27.28,89.8,105.5,134.8,134.2,153.8,182.6,260,323.8,477.4,520.1,599.5,748,54.74,57.17,44.42,33.08,26.44,16.54,12.97,12.09,12.24,12.32,8.85,7.4
116,1510,44.3,,120,617.8,620.4,555,407.4,316.9,170,175.7,116.9,94,78,81.9,244.2,259.1,238,219.2,159.1,141.9,105.1,95.3,69.77,78.4,61.86,67.98,66.35,67.22,56.37,43.69,35.66,33.8,30.45,29.63,28.48,27.64,88.7,103.3,133.7,137.1,154.6,189.5,262.2,324.1,488.5,531.2,614.7,779,66.91,67.56,59.39,43.75,28.58,18.9,16.14,26.68,40.04,40.6,16.59,13.52
116,1510,48.3,,124,619.3,624,555.4,410.9,316.4,171.2,173.1,115.4,93.5,77.5,80.9,249.9,270,252.5,241.3,169.5,156.5,114.2,107.4,73,81.4,63.51,69.89,68.28,69.83,58.78,45.24,36.4,34.6,30.79,29.97,28.68,27.86,91.9,106.6,138.3,137.8,158,189.6,255.7,306.8,484.4,540.6,614.9,781,69.81,68.26,58.12,38.81,29.03,21.2,14.31,12.61,10.71,10.88,11.18,8.21
116,1510,52.3,,128,623.3,627.7,563.3,429,338.5,182.5,191.5,128.6,103.6,83.7,86.7,255.5,276.3,258.8,245.7,174.9,153.8,112.7,108.5,76.3,88.8,67.49,72.3,71.7,72.7,61.31,46.63,37.38,35.02,31.35,30.37,29.08,28.22,90.3,104.7,135.6,137.1,159.1,193.1,260.1,324.3,500.9,554.1,627.8,761,67.22,63.04,61.79,54.73,35.76,22.37,14.95,14.96,24.46,20.08,8.78,8.2
116,1510,56.3,,132,621,619.7,556.3,420.3,336,184.2,184.4,126.4,102,83.5,85.9,260.2,280.3,260.7,230.9,166.7,144.4,109.8,102.8,74.5,81.5,64.44,75.3,74.9,75.5,63.59,47.9,38.26,35.78,31.74,30.81,29.45,28.46,92.3,105.6,134,135.1,159.8,186.9,255.4,314.2,484.1,529.5,621.8,794,71.2,61.87,53.61,39.04,26.72,15.88,14.89,13.4,12.4,8.85,7.6,6.379
116,1511,0.3,,136,632.8,623.5,567.8,423.2,333.8,183.7,181,122.9,98.3,81.7,82.9,263.4,287.1,263.9,237.9,173,150.3,111.7,104.1,74.8,82.3,66,78,77.9,78.7,66.23,49.71,39.25,36.42,32.1,31.09,29.81,28.73,94.6,108,134.7,137.2,160.9,190.5,263.2,322.7,494.6,534.3,622.9,790,68.17,63.48,59.89,42.11,31.05,19.39,14.45,14.58,11.75,10.72,10.6,9
116,1511,4.3,,140,625.6,624.6,564.4,431.1,339.8,184.3,185.6,126.1,100.3,82.8,86.3,266.3,288.6,269.7,247.5,174.7,153.7,117,110.5,77.8,88,68.69,80,80.8,81,68.67,51.65,40.51,37.1,32.56,31.53,30.13,29.12,90.4,105.1,135.7,135.4,157.9,188.6,258.9,315.7,488.8,547.2,631.4,813,69.59,63.85,51.62,30.4,17.97,10.49,16.15,17.13,18.38,16.43,11.51,9.28
116,1511,8.3,,144,613.2,610.3,526.3,402.4,306.4,175.8,165.1,118,98,81.3,83.3,278.5,335.1,284,256.3,181.6,160.2,117.9,109.7,78.5,86.8,68.75,83,83.1,84.1,71.4,53.43,41.09,37.66,33.14,31.94,30.49,29.37,93.8,107,131.8,130.5,155.1,184.1,251.9,309.8,475.2,522.4,624.6,800,70.1,60.94,57.18,39.31,24.07,14.16,15.07,11.62,14.38,9.29,8.79,7.3
116,1511,12.3,,148,630.8,600.9,529.4,401.9,307.9,174.3,169.6,118.8,97.2,80.8,80.9,276.3,308.5,280.4,247.5,181.6,161.2,120.1,109.9,77.9,83.6,67.45,86.9,86.3,87.3,74.6,55.13,41.98,37.86,33.56,32.38,30.83,29.57,92.2,104,130.2,130.7,152.4,179.7,246.4,302.4,470.1,516.6,611.7,786,69.39,62.59,58.58,39.99,24.53,14.89,17.7,18.36,14.96,13.36,11.24,9.52
116,1511,16.3,,152,617.4,579.8,508.7,394.1,300.2,173.2,168.6,119.9,99.6,84,89.6,283.8,316,292.2,260.2,187.3,161.3,120.3,110.6,79.1,85.5,68.64,89.4,89.9,91.3,77.8,56.99,43.42,38.46,34.06,32.7,31.18,29.89,93.5,105.1,131.8,129.2,150.3,178.3,243.8,297.4,462.2,507.1,620,791,73.3,63.42,51.5,38.57,23.42,11.26,19.33,18.46,13.73,9.2,7.45,5.615
116,1511,20.3,,156,622.2,591.5,519.3,400.7,314.5,175.8,165.2,116.5,97.5,81.6,83.8,285.6,316.7,281.8,251.3,184.6,156.4,114.7,102.9,76.5,78.7,65.96,88.8,91.9,94.2,80.6,59,44.53,39.37,34.62,33.1,31.54,30.17,89.8,103.8,128.2,128,150.5,175.4,237.5,288.9,454.2,506.1,614,784,70.7,53.96,42.03,26.81,16.23,10.54,16.6,14.9,12.41,7.76,5.565,3.695
116,1511,24.3,,160,640.5,608.8,521.7,381,287.3,169.7,150.4,106.1,90.5,75.8,76.1,281,303.2,266.4,234,175.6,144.1,108.2,96.1,74.6,75,64.03,89.8,93.8,97.5,82.6,61.09,45.54,40.17,35.14,33.74,31.92,30.43,88.1,99.8,123.9,125,145.3,173,233.9,285.5,449.9,520.4,629.5,804,72,53.11,36.26,20.03,12.06,8.37,14.3,11.38,8.42,7.21,5.523,3.139
116,1511,28.3,,164,641.7,603,503,372,275.2,165.5,144.1,104.4,87,74.6,72.6,281.2,304.4,266.6,229.1,170.3,138.4,107,94.8,73.1,71.9,62.73,94.9,96.9,101.9,85.6,62.98,46.44,40.73,35.68,34.2,32.32,30.51,84.5,95.6,117.9,120.6,139.6,165.5,223.4,279.9,437.1,497.6,618.2,775,70.3,58.94,48.85,29.28,14.41,7.35,18.82,20.84,26.65,24.47,16.1,9.89
116,1511,32.3,,168,601.7,553,477.1,364.3,270,162.2,145.1,104.5,89,75.1,74.3,296.1,331.5,298.2,261.1,180,150.5,110.3,98.4,74.2,74.3,63.69,95.9,99.8,104.2,87.7,65.27,47.35,42.18,36.04,34.5,32.52,30.77,84.7,95,115.9,118,136.2,160.8,215.6,267.6,422.5,479.8,601,770,70,50.73,30.4,17.54,10.23,6.152,15.46,13.86,8.65,6.779,5.478,3.302
116,1511,36.3,,172,619.5,551.1,456.9,341.3,251.9,158,135.5,101.9,87.5,74,72.7,289.9,310.4,265.7,224,166.3,133.1,103,90,71.8,70.4,61.82,96.6,102.5,107,90.4,67.06,48.86,42.52,36.5,34.96,32.88,31.06,80.5,90.9,111.9,112.2,129.8,153.5,205.9,256.7,407.9,467,603.9,775,72.6,48.27,34.35,16.85,9.39,4.834,14.03,10.37,10.07,5.516,4.187,3.067
116,1511,40.3,,176,617,544.4,449.3,333.5,243,154.3,131.3,98,83.2,70.4,67.59,282.8,289.2,250.7,211.7,160.2,127.6,99.9,86.6,70.1,66.73,59.67,97.7,102.7,108.6,92,68.4,49.79,43.52,37.46,35.76,33.56,31.7,78.8,88.6,109.1,109.5,125.6,145.9,197.8,244,383.5,451.5,586.9,747,67.55,46.76,29.99,13.84,8.14,4.723,14.19,9.71,6.334,5.014,4.005,2.53
116,1511,44.3,,180,640.6,556.4,450.8,328.6,239,151.3,126.4,93.9,80.8,69.41,66.87,282.7,285.3,245.6,204.5,155.6,125.6,99.9,84.9,69.01,65.69,59.02,100.8,105.2,109.3,92.8,69.33,50.76,43.9,38.04,36.14,34.02,32.14,79.1,88.6,107.4,108.2,124.1,145.8,197.8,245.2,389.4,465.8,591.6,764,67.66,51.94,35.45,16.4,10.02,7.19,15.19,12.52,9.91,5.429,5.382,3.427
116,1511,48.3,,184,631.2,544,438.2,320.1,234.9,150.5,134.4,100.8,85.4,72.8,71.3,291.2,293.3,245.8,199.5,152.9,124.3,98.2,85.5,69.66,68.93,59.79,102.3,107.4,111.2,93.6,70.5,51.79,44.01,38.12,36.28,34.02,32.3,77.9,87.6,107.2,107.1,119.7,141.6,192.4,237.7,376.5,438.8,573.5,736,69.04,42.01,17.14,7.08,5.223,3.582,14.83,9.84,6.45,4.08,3.146,1.977
116,1511,52.3,,188,632.8,545,435.4,310.1,222.9,146.8,124.9,95.5,81.7,70.9,68.93,283.6,274.6,233.9,194.7,149.6,118.5,95.6,83.1,68.74,66.75,58.41,105.2,109.3,113.8,94.7,71.7,53.73,44.53,38.16,36.64,34.4,32.52,76.4,87,105.1,104.5,119.2,136.2,180.3,224.6,358.8,423.1,560.4,736,65.1,43.42,22.03,9.32,5.547,4.183,13.06,8.57,6.763,5.035,2.506,2.31
116,1511,56.3,,192,639.7,527.5,416.7,301.8,218.1,144.9,123,95.8,82.5,70.7,68.91,280.1,265.1,226.5,188.9,145.3,116.9,93.9,83,68.38,65.17,57.42,108.2,113.5,115.9,97.2,72.4,54.32,46.18,38.78,37.02,34.9,32.9,74.7,83.7,102,102.4,117.6,137.7,179,217.7,342.5,400.9,535.3,713,56.81,30.89,22.23,13.17,7.06,4.782,14.78,8.74,5.387,4.889,3.467,2.763
116,1512,0.3,,196,648.6,528.4,414.2,298.2,214,142.7,120.9,94.3,80.7,68.89,66.65,278.6,261,220.2,180,141.2,114.9,92.1,79.5,66.96,62.99,56.52,108.8,116.2,118.1,98.1,73.4,55.86,47.25,39.69,37.66,35.34,33.16,73.9,82.3,99.4,100.3,114.8,133.3,173.2,213.7,333,393.8,525.9,708,64.72,45.6,23.28,10.85,6.802,4.927,12.12,7.2,3.973,4.395,2.586,2.176
116,1512,4.3,,200,640.4,531.9,410.5,293,213.6,141.8,119.1,91.2,79,67.95,65.71,277.8,258.1,215.4,176.8,140.2,112.9,92,79.7,66.24,62.99,56.64,111.1,118.3,120,98.9,74.4,56.52,47.73,40.61,37.9,35.74,33.62,73.5,81.6,98.4,101.7,114.2,133.4,173.5,210.6,323.4,396.9,519.5,716,66.93,37.61,23.12,13.74,9.88,6.593,15.26,10.46,9.97,8.7,5.311,3.829
116,1512,8.3,,204,637.6,529.8,418.3,293.8,216.6,141.5,121.7,92.8,80.9,69.66,67.99,280.9,259.4,218.6,180.9,138.7,113.6,92.1,81.5,66.9,65.31,57.36,113,118.6,122.1,99.9,75,57.58,47.92,40.91,38.66,36.1,33.86,73.1,82.4,99.1,99.8,114.6,131.1,167.2,206.9,323.7,401.5,521.3,703,67.85,51.49,28.23,16.92,7.93,5.143,16.33,12.83,10,5.448,3.349,2.406
116,1512,12.3,,208,636.2,517.7,403.9,290.5,213.6,141.4,129.2,97.6,83.2,71.6,70.9,282.9,267.4,219.5,183.6,139.4,117.9,95.2,84.2,67.71,65.62,57.15,115.6,119.9,123.7,101.5,75.2,58.21,48.16,41.23,39.12,36.46,34.1,71.9,80.8,97.6,99.1,112.1,128.7,167.6,205.1,328.3,389.7,513.3,689.6,60.51,32.25,17.35,8.81,7.08,4.657,21.33,13.14,10.05,5.995,5.346,5.154
116,1512,16.3,,212,598.8,492.8,390,284.4,209.2,139,122.6,93.7,80.6,69.8,67.87,294.7,278.2,230.3,186.7,140.8,118,93.5,83.6,67.4,66.2,57.52,116.3,120.8,125.2,102.4,75.7,58.53,49.14,41.41,39.14,36.7,34.56,69.66,78.9,96.3,97.7,110.2,125.5,164.6,198.4,314.7,379.9,506.3,704,59.81,28.64,17.77,8.42,5.984,3.708,15.51,11.1,8.39,6.585,5.061,4.783
116,1512,20.3,,216,578.3,481.6,378.5,275.5,204.5,137.3,121.3,92,79.6,68.81,66.57,290.4,265.9,220.1,179.4,137.8,114.3,92.6,79.9,66.04,62.89,56.83,118.3,121.1,126.9,103.9,76.6,59.61,49.91,41.71,39.27,37.04,34.78,70.4,78,94.6,95.6,108.2,123.8,160.5,192.6,304.7,368.6,492,703,52.44,30.06,14.11,6.117,5.136,3.972,12.69,9.72,8.09,3.715,2.571,2.345
116,1512,24.3,,220,580.5,471.9,367.9,267.5,198.1,135.2,120.9,92.9,80,68.11,65.78,290,266.7,220.2,172.9,134.5,113,91.8,81.7,66.35,64.33,56.97,120.5,124.5,127.9,104.3,77.4,60.84,50.38,42.24,39.7,37.38,35.08,68.76,76.3,92.6,92.3,104.6,118.5,154.1,185.7,292.3,347.8,473.8,673.1,42.37,23.08,12.37,4.97,3.392,2.611,14.37,8.73,4.132,1.9,1.98,1.951
116,1512,28.3,,224,564.8,455.7,353.9,258.2,190.4,132.6,116.6,90.6,78.8,67.71,64.37,288.1,256.3,209.6,167.5,132.7,111.4,90.6,79.4,65.88,63.46,56.02,120.3,124.7,128.4,106.5,78.6,61.55,51.41,42.66,39.99,37.56,35.54,66.28,74.3,88.8,88.6,100.8,115.2,149.8,179.9,283.9,331.4,459.3,653.8,45.68,28.05,14.97,5.397,4.074,3.109,11.86,8.48,3.363,2.469,1.912,2.136
116,1512,32.3,,228,526.4,423.8,334.4,249.6,186.8,130.6,113.4,88.4,77.4,66.83,64.66,283.6,252,205,162.9,129.2,106.9,88.4,77.7,64.9,61.51,55.27,124,126.6,128.7,107.3,80.1,60.58,52.76,43.79,40.71,37.98,35.86,65.13,73,86.9,87,98.3,111.5,144.2,172.1,270.2,311.1,433.4,629.9,28.63,12.61,7.87,4.041,3.861,3.277,11.8,5.944,2.956,2.26,1.627,1.449
116,1512,36.3,,232,499.2,405.1,317.4,241.2,180.2,128.1,110.5,87.3,76.1,65.96,64.29,275.2,238.7,196.9,160.9,127.6,107.2,88.5,78.3,65.25,63.69,55.94,125.8,128.7,129.5,107.7,80.5,60.11,52.82,44.49,41.39,38.34,36.3,63.56,70.6,84.6,83.1,94,107.4,138.5,165.8,260.3,293.2,420,636.4,18.53,9.46,4.318,2.126,2.401,2,10.7,5.39,4.777,4.416,3.601,2.975
116,1512,40.3,,236,460.3,373.1,296.4,230.2,172.4,125.4,105.4,83.4,73.6,64.48,61.59,268,233,193.3,159.6,126.8,106.7,87.9,77.4,64.72,62.02,55.23,133,130.6,129.9,108.4,81.5,61.49,53.79,44.83,41.45,38.68,36.34,61.05,66.87,80.3,79.3,89.3,101.6,132,157.3,247.3,279.3,399.2,609.1,14.91,7.08,4.474,2.755,2.558,2.228,8.74,4.129,2.484,2.857,2.677,1.665
116,1512,44.3,,240,443,363.2,289.2,224.3,168.7,123.2,103.4,82.6,72.7,63.52,59.73,261.4,226.3,186.7,155.3,123.8,102.7,85.7,75.3,63.99,60.38,54.7,132.6,132.6,129.3,109,81.8,61.62,53.33,44.63,41.37,38.86,36.34,59.3,65.21,78.3,77.6,86.6,97.2,124.8,148.8,234.8,262,375.6,571.9,17.36,10.1,5.961,3.078,2.507,2.141,6.548,3.433,4.226,2.812,2.651,2.131
116,1512,48.3,,244,417.8,341.9,279.2,217.6,164.2,121,100.1,80.3,70.8,62.04,58.12,251.3,218.8,186.5,151.3,121.7,101.2,85.1,73.9,63.07,58.96,53.73,135.3,136.1,131.3,109.6,81.8,60.9,53.75,44.31,41.29,38.9,36.42,56.71,62.59,74.8,73.7,82.5,92.5,119,141.7,222.2,244.1,351.2,531.7,9.47,4.217,3.146,1.55,1.71,1.601,4.562,2.514,3.129,3.011,2.166,1.555
116,1512,52.3,,248,397.6,324.3,266.2,209.5,158.5,118.5,96.1,78.2,69.01,60.66,55.94,239.3,208.3,179.6,145.9,119.1,98.1,82.9,72.2,62.32,58.02,53.19,135.4,137.1,132.9,110.6,82.5,61.8,54.02,44.35,41.33,39.04,36.62,54.97,60.11,72,71.6,79.4,88.8,113,134.7,211,229.4,333.2,498.4,7.03,5.183,3.816,1.734,1.413,1.12,4.083,2.119,1.93,1.659,1.695,1.333
116,1512,56.3,,252,377.6,310.6,254.5,202.6,153.5,116.3,93.8,76.4,67.63,59.44,54.58,229,200.2,173.6,141.6,116.7,95.1,80.7,69.44,61.09,55.64,51.81,137.3,139,133.5,110.6,82.6,61.29,54.4,44.67,41.51,39.27,36.76,53.31,58.31,68.95,68.62,76.4,85.2,108.6,129.1,200.8,217.8,313.2,458,3.835,1.423,1.94,0.752,0.801,0.722,2.777,2.509,2.254,1.622,1.475,1.286
116,1513,0.3,,256,363,297.4,247.7,197.5,149.2,113.9,90.1,74.1,66.1,58.23,53.21,220.3,194.7,169.2,138.1,114.6,94,79.7,68.3,60.23,54.76,51.16,134.9,139.7,134.9,111.9,83.4,63.01,54.34,44.57,41.9,39.51,37.06,51.37,56.08,66.22,66.06,73.5,81.8,103,122.4,191.9,206,296.3,418.1,4.38,1.806,1.384,0.642,0.863,0.816,2.027,1.538,1.425,1.064,1.085,0.963
116,1513,4.3,,260,352.1,290.5,242.3,192,145.9,112,88.7,73.2,65,57.21,52.31,211.7,187,163.9,132.9,112,91.1,77.9,66.65,59.4,53.59,50.31,136.2,139.4,135.9,111.7,82.3,62.73,54.46,44.85,42.17,39.62,37.26,50.05,54.44,63.88,63.48,70.5,78.2,98.3,117.4,183.7,196.6,281.2,390.9,3.503,1.131,0.954,0.566,0.78,0.657,2.275,1.669,1.429,0.767,0.723,0.565
116,1513,8.3,,264,340.2,278.3,233.9,187.1,142.9,110.3,87.6,72.4,64.21,56.51,51.55,205.3,182.4,160.6,130.1,109.4,88.8,76.6,65.31,58.51,52.68,49.73,133.9,137.9,135.6,111.6,81,62.31,55.45,45.05,42.12,39.77,37.22,48.42,52.48,61.33,61.13,67.91,75.3,94.2,112.4,176.1,187.4,267.3,363.3,3.213,1.305,1.226,0.605,0.738,0.637,1.958,1.117,1.289,0.553,0.718,0.646
116,1513,12.3,,268,330.7,272,228.7,182.9,140.3,108.4,86.1,71.4,63.28,55.76,50.94,198.3,176.5,157,127.7,107.6,87.3,75.2,64.15,57.78,51.77,49.16,133.4,137.8,137.7,113.1,81.7,63.75,56.44,45.74,42.2,39.97,37.42,46.91,50.86,59.26,59.1,65.66,72.4,90.5,107.8,168.9,179,253.5,337,2.737,1.849,1.505,0.531,0.812,0.597,1.131,0.699,0.509,0.577,0.8,0.639
116,1513,16.3,,272,318.8,267,223.5,179.5,137.5,106.8,85,70.5,62.5,55.13,50.41,191.9,171.4,152.3,124.3,105.3,85.7,74.5,63.46,57.19,51.32,48.6,134.2,137.8,138.6,112.9,80.8,63.95,56.24,46.08,42.92,40.31,37.66,45.47,49.38,57.31,57.07,63.42,69.88,87.2,103.8,161.9,171.2,241.1,315.2,2.329,1.075,1.08,0.603,0.708,0.6,0.56,0.866,0.328,0.299,0.412,0.396
116,1513,20.3,,276,311.8,260.7,219.1,175.8,135.9,105.4,84.3,69.64,61.82,54.8,50.23,186,167,149.2,120.6,103.7,84.5,73.5,62.63,56.6,50.9,48.16,137.8,139.7,138,111.6,80,62.47,55.61,46.02,43.32,40.45,38.08,44.29,47.85,55.39,55.35,61.31,67.54,83.8,99.5,155.2,163.6,227.8,292.6,2.451,1.523,1.174,0.51,0.694,0.643,0.742,0.759,0.46,0.59,0.602,0.597
116,1513,24.3,,280,304.9,255.7,215.3,172.7,134.2,103.9,84,69.29,61.23,54.18,49.67,181.1,163,147.1,119,102.1,83.3,72.9,62.12,56,50.19,47.69,139.8,141.6,137.7,109.6,79.4,61.9,55.69,46.97,43.52,40.53,38.04,43.12,46.46,53.75,53.77,59.2,65.19,80.6,95.9,148.3,155.7,216.8,275.4,1.46,1.153,0.996,0.471,0.656,0.598,0.791,0.699,0.475,0.339,0.605,0.5
116,1513,28.3,,284,297.9,250.6,211.2,168.9,131.4,102.5,83.1,68.81,60.74,53.75,48.96,176.8,160.6,144.7,117.9,100.7,82.6,72.3,61.49,55.53,49.91,47.33,140.2,142.5,138.2,109.4,79.1,61.72,55.07,46.34,43.26,40.45,38.18,42,45.21,52.22,52.4,57.9,63.3,77.8,92.4,142.9,149.9,207.2,259.3,2.039,0.918,1.12,0.558,0.547,0.444,0.689,0.774,0.927,0.659,0.719,0.632
116,1513,32.3,,288,291,243.8,206.2,165.4,129,101.2,81.7,67.81,59.99,53.08,48.32,172.6,157.5,141.9,116.5,99.6,81.8,71.7,60.98,55.09,49.39,46.93,135.2,140.8,136.6,109.1,79,62.08,54.62,45.54,42.88,40.57,38.1,40.93,44.11,50.78,51.02,56.24,61.49,75.6,89.2,137.3,143.1,197.9,246.2,1.784,0.875,0.954,0.495,0.586,0.503,0.758,0.633,0.991,0.635,0.534,0.524
116,1513,36.3,,292,285.5,241.1,202.8,162.7,128.1,99.9,81.3,67.36,59.52,52.66,48.12,168.7,153.9,139.6,114,98.1,80.7,71,60.66,54.74,49.39,46.74,134.2,137.5,135.7,109,79.1,62.67,53.71,45.05,42.48,40.53,38.06,40.13,43.16,49.47,49.47,54.46,59.24,72.6,85.6,131.6,137.3,190.1,233.7,1.894,1.21,1.186,0.481,0.628,0.541,0.746,0.612,0.547,0.299,0.473,0.518
116,1513,40.3,,296,279,235.4,200,160.3,125.8,98.7,80.7,66.69,58.95,52.23,47.89,164.8,151.4,137.5,111.7,96.8,79.4,70.2,60.19,54.44,49.18,46.34,138,138,136.1,107,79.4,62.97,53.2,45.25,42.44,40.61,38.1,39.2,42.11,48.19,48.28,52.96,57.29,70.2,82.6,127.3,133.2,183.2,224.7,1.784,1.04,1.152,0.45,0.63,0.612,0.677,0.879,0.811,0.431,0.549,0.518
116,1513,44.3,,300,274.8,231.8,194.9,157.1,123.5,97.4,79.7,66.16,58.57,51.87,47.57,161.1,149.1,135.2,110.3,95.2,78.6,69.52,59.69,53.91,48.56,46.02,136.5,139.6,136.7,106.2,79.1,62.26,53.31,45.7,42.92,40.61,38.04,38.34,41.17,46.94,47.07,51.43,55.59,67.67,79.6,123.1,129.2,177.1,214.6,1.952,0.748,0.625,0.216,0.373,0.438,0.722,0.518,0.569,0.471,0.405,0.292
116,1513,48.3,,304,269.2,226.6,191.6,154.5,121.5,96.1,78.4,65.33,57.58,51.18,46.9,158.1,146.4,133.4,108.7,93.8,77.2,68.78,59.01,53.41,48.05,45.67,137.4,139.4,136.8,106.8,78.5,61.53,53.59,45.11,42.96,40.81,38.06,37.54,40.29,45.63,45.78,50.23,54.11,65.98,77.5,119.8,125.3,170.6,205.9,1.574,0.735,0.685,0.176,0.347,0.303,0.438,0.604,0.358,0.386,0.264,0.264
116,1513,52.3,,308,265.2,223.1,188.9,151.6,119.4,94.9,77.6,64.98,57.29,50.8,46.48,154.7,143.6,131,107,92.5,76.4,68.17,58.25,52.88,47.53,45.33,135.6,139.2,136.3,106.2,78.5,61.49,54.15,45.31,42.6,40.89,38.26,36.74,39.44,44.75,44.99,49.36,53.37,64.84,76,116.5,122.2,165.1,197.9,1.799,1.092,0.586,0.224,0.35,0.358,0.584,0.502,0.166,0.079,0.389,0.357
116,1513,56.3,,312,258.5,217.5,185.9,148.8,117.9,93.7,76.5,64.07,56.85,50.62,46.38,151.8,140.9,129.2,105,91.2,75.1,67.48,57.55,52.53,47.33,45.07,136.1,138.6,135.7,106.5,78.6,61.57,54.5,45.21,42.76,41.01,38.6,36.22,38.94,44,44.39,48.8,52.92,63.78,74.4,112.7,117.9,159.4,189.5,1.376,1.205,0.61,0.216,0.327,0.338,0.588,0.505,0.581,0.497,0.474,0.38
116,1514,0.3,,316,254.6,213.2,183,147,116.4,92.7,76.5,64.05,56.59,50.42,46.26,149.3,139.2,127.4,104.3,90.5,74.8,66.89,57.25,52.17,47.17,44.79,136.9,138,135,106.9,78.6,61.59,53.23,45.27,42.7,40.89,38.46,35.66,38.34,43.16,43.32,47.61,51.57,61.69,71.9,108.6,113.5,154.1,181.2,1.258,0.279,0.208,-0.005,0.305,0.313,0.478,0.604,0.565,0.214,0.381,0.318
116,1514,4.3,,320,248,209.4,178.1,144,114.1,91.5,75.5,63.26,55.98,50.01,46.04,146.7,137.6,125.9,102.5,89.4,74,66.43,56.89,51.83,46.82,44.55,136,138.7,134.3,107.5,78.5,62.1,53.2,44.75,42.6,40.85,38.46,35.02,37.58,42.28,42.56,46.76,50.54,59.99,69.8,106,111.2,148.9,174.6,1.433,0.561,0.405,-0.121,0.245,0.222,0.474,0.45,0.219,0.156,0.311,0.203
116,1514,8.3,,324,244.5,205.4,175.5,142,112.9,90.5,74.9,62.89,55.53,49.47,45.51,144,135.1,123.8,101,88.2,72.6,65.73,56.22,51.38,46.46,44.2,135,138.5,133.6,106.2,78.8,61.69,52.64,44.75,42.84,40.85,38.38,34.42,36.98,41.61,41.89,45.96,49.24,58.73,68.25,103.2,108.5,143.6,167.4,1.662,0.64,0.783,0.155,0.454,0.325,0.446,0.343,0.422,0.217,0.401,0.307
116,1514,12.3,,328,241.4,203.2,173.7,139.7,111.4,89.5,74,62.3,55.13,49.19,45.09,141.3,132.8,122.3,99.4,87.1,72,65.09,55.61,51.08,46,43.97,137,137.5,133.6,106.8,78.2,62.06,52.05,44.79,42.88,40.71,38.16,33.94,36.38,40.71,40.97,44.79,48.08,57.52,66.81,100.8,105.3,139.7,161,1.448,0.731,0.391,0.087,0.307,0.259,0.332,0.505,0.369,0.209,0.405,0.297
116,1514,16.3,,332,237,199.4,170.4,137.8,110.1,88.5,73.5,61.75,54.82,48.84,44.89,138.9,131.3,120.4,98,86,71.3,64.8,55.25,50.68,45.75,43.64,140.9,139.5,134.8,106.8,78.1,61.96,52.33,44.43,42.78,40.69,38.36,33.46,35.9,40.18,40.55,44.24,47.75,56.74,65.37,97.7,101.9,135.1,155,1.437,0.657,0.573,0.103,0.252,0.25,0.276,0.272,0.324,0.235,0.326,0.327
116,1514,20.3,,336,232.9,197.5,168.3,136,108.4,87.6,72.9,61.2,54.31,48.56,44.67,136.7,129.9,119.2,97,85.1,70.6,64.17,55.1,50.43,45.59,43.54,134.8,135.6,135,107.6,77.9,61.37,53.02,44.77,42.53,40.89,38.42,33.02,35.32,39.38,39.7,43.4,46.58,55.25,63.62,94.7,98,130,147,1.121,0.753,0.566,0.068,0.299,0.298,0.596,0.576,0.43,0.527,0.432,0.367
116,1514,24.3,,340,228.4,193.9,165.9,134.1,107.5,86.8,72.5,61.04,53.99,48.36,44.51,134.7,128.5,118.4,96.5,84.5,70.3,64.01,54.78,50.15,45.31,43.32,135.6,135.7,133.8,107.4,77.5,61.29,53.71,45.77,43.02,41.01,38.56,32.56,34.7,38.6,39.06,42.52,45.59,53.89,61.9,91.6,95.2,125.6,140.4,1.067,0.405,0.519,0.039,0.2,0.256,0.199,0.57,0.471,0.331,0.37,0.316
116,1514,28.3,,344,226.2,191.3,162.8,131.6,105.5,85.7,71.9,60.5,53.79,48.16,44.35,132.6,126.5,116.9,95.2,83.5,69.25,63.34,54.38,49.83,45.19,43.14,137.5,136,133.2,106.8,77.4,61.59,54.14,45.46,42.7,40.93,38.66,31.98,34.02,37.74,38.14,41.53,44.45,52.36,60.31,89.1,91.9,121.6,133.9,1.029,0.265,0.044,-0.071,-0.015,0.045,0.207,0.408,0.136,0.021,0.065,0.082
116,1514,32.3,,348,188.7,168.4,148.5,122.2,97.6,83.5,66.2,57.66,51.57,46.74,42.44,122.6,109.8,105.1,83.1,79.7,63.97,60.88,51.71,48.48,43.52,42.36,141.9,130.6,130.9,105.6,77.5,59.75,54.97,46,43,40.93,38.26,31.18,33.06,36.44,36.8,39.89,42.74,50.56,57.86,86.2,87.3,115.3,125.5,0.842,-0.226,-0.314,-0.542,-0.199,-0.134,0.126,0.068,-0.026,-0.265,-0.012,-0.031
116,1514,36.3,,352,176.1,157.6,137.8,114.7,90.1,81.2,62.57,55.57,50.39,45.8,41.33,117,104.7,101.4,78.8,76.1,60.03,59.22,50.15,47.59,42.21,41.69,137.3,123.1,127.8,104.9,76.5,59.64,53.2,46.14,43.12,39.98,37.08,30.6,32.3,35.26,35.5,38.38,40.81,48.23,55,82.1,82.8,109.4,118.8,0.743,0.065,-0.235,-0.332,-0.276,-0.136,0.114,0.217,-0.117,-0.159,-0.056,-0.001
116,1514,40.3,,356,168.2,152,138.1,112.1,88.3,79.5,61.39,54.33,49.1,45.07,40.58,112,100.4,99.1,80.6,75.9,59.76,58.47,49.56,47.2,41.75,41.27,126.8,124.4,127,100.2,74.6,59.72,52.63,45.91,43,39.66,35.99,30,31.56,34.19,34.39,37.18,39.36,46.3,52.43,78.6,79,105.7,111.3,0.705,-0.152,-0.304,-0.416,-0.28,-0.207,0.138,0.235,-0.117,-0.235,0.007,0.073
116,1514,44.3,,360,162.4,147.4,135.3,108.9,86.5,78.3,60.54,53.95,49.04,44.87,40.45,108.8,97.7,96.3,77.6,74.5,58.33,57.31,48.68,46.66,41.41,40.99,133.9,121.1,126.4,101.8,75.7,60.45,52.31,45.82,42.5,39.9,36.82,29.47,30.82,33.34,33.62,36.06,37.9,44.49,50.35,75.4,75.2,101.9,105,0.705,-0.057,-0.287,-0.679,-0.298,-0.197,0.109,0.233,-0.139,-0.169,-0.011,-0.036
116,1514,48.3,,364,156.2,144.1,134.2,107.5,84.8,77.2,60.62,53.55,48.66,44.67,40.47,105.4,95.8,94.3,77.2,73.5,58.49,57.51,48.52,46.48,41.29,40.81,128.9,121.8,124.7,101.4,75.9,61.06,52.29,44.97,41.73,39.7,36.74,29.05,30.32,32.58,32.78,35.1,36.74,42.84,48.46,72.9,72.5,98,100,0.625,-0.191,-0.564,-0.726,-0.282,-0.189,0.097,0.152,-0.128,0.021,0.042,0.082
116,1514,52.3,,368,151.9,139.8,129.9,106.1,83.2,76.1,59.97,53.1,48.37,44.16,39.9,102.7,93.2,94.4,77.8,72.8,58.1,56.64,48.25,46.18,41.29,40.52,120.5,121.8,123.7,100.9,76.6,61.77,52.37,45.21,42.05,39.66,36.7,28.69,29.92,32.02,32.14,34.27,35.69,41.31,46.48,69.84,70.7,94.4,95.2,0.583,-0.117,-0.344,-0.376,-0.236,-0.164,0.053,0.133,-0.045,-0.05,0.02,0.018
116,1514,56.3,,372,148,137.6,129.2,107.5,83.1,75.2,59.24,52.94,47.93,43.84,39.78,100,91.6,92.6,77.2,72.4,57.9,56.48,47.99,45.79,41.13,40.34,117.5,116.6,122.2,99.5,76.1,60.29,53.48,45.75,42.61,39.74,36.22,28.29,29.39,31.38,31.44,33.44,34.85,40.1,45.41,67.75,68.85,90.9,90.8,0.393,-0.078,-0.321,-0.658,-0.315,-0.178,0.081,0.141,-0.094,-0.169,-0.053,0.008
116,1515,0.3,,376,145.2,135.6,126.5,104.3,81.8,74.7,59.58,52.82,47.69,43.68,39.76,97.9,90.8,91.1,75.3,71.2,57.6,55.96,47.73,45.53,40.93,40.09,106.1,113.7,122.5,100.1,74.7,55.79,51.95,45.92,42.09,39.42,36.46,27.98,29.03,30.78,30.92,32.7,33.86,38.86,43.92,65.47,67.01,88,86.1,0.473,0.104,-0.344,-0.545,-0.278,-0.23,0.061,0.097,0.004,-0.151,-0.011,0.013
116,1515,4.3,,380,140.6,132.6,124.9,102.4,80.4,73.3,58.45,51.71,47.06,43.28,39.42,95.3,87.8,89.4,74.5,69.92,56.64,55.29,47.39,45.31,40.69,39.86,113.2,110.2,121.3,98.1,73.7,56.36,51.26,45.07,41.77,39.78,36.24,27.68,28.55,30.18,30.22,31.96,33.04,37.9,42.7,63.23,64.39,84.6,82.3,0.244,0.352,-0.472,-0.816,-0.467,-0.198,0.041,0.126,-0.158,-0.27,0.01,0.041
116,1515,8.3,,384,137.9,130.6,122.3,98.4,78.2,71.8,57.23,51.14,46.46,42.88,38.94,93.5,86.7,88.7,72.2,69.15,54.9,54.5,46.32,44.73,39.96,39.54,119.2,112,122.1,98.8,74.2,58.43,51.73,44.99,42.27,39.5,36.22,27.3,28.13,29.69,29.69,31.42,32.38,36.78,41.31,61.49,61.75,81.6,78.3,0.309,0.527,-0.509,-0.603,-0.279,-0.235,0.073,0.06,-0.124,-0.22,-0.086,-0.01
116,1515,12.3,,388,133.6,127.5,120.2,96.6,77.1,70.8,56.8,50.76,46.22,42.57,38.62,91.3,84.3,86.2,70.4,67.62,54.7,54.11,46.18,44.36,39.5,39.28,106.9,113,119.6,98.9,74.3,59.01,52.05,45.09,41.77,39.36,36.38,26.98,27.77,29.17,29.17,30.78,31.8,35.78,39.92,59.82,59.52,78.7,74.6,0.305,0.54,-0.391,-0.334,-0.33,-0.211,0.041,0.026,-0.158,-0.148,-0.056,0.003
116,1515,16.3,,392,131.9,125.6,118,95.7,76.1,69.78,56.38,50.47,46,42.35,38.38,89.6,83.9,84.9,70.1,67.32,53.95,53.24,45.83,44.12,39.48,39.14,100.9,110.7,119.4,99.3,75,58.77,51.46,44.91,41.77,39.68,36.02,26.76,27.56,28.77,28.75,30.32,31.1,34.99,38.82,57.86,57.86,75.5,71.3,0.13,0.622,-0.415,-0.539,-0.24,-0.201,-0.012,-0.021,-0.173,-0.249,0.016,0.019
116,1515,20.3,,396,129.2,123.5,115.6,95,74.7,69,55.63,49.97,45.53,42.05,38.32,87.7,82.8,84.9,69.06,66.65,53.54,53.1,45.59,43.8,39.22,38.94,109,111.3,118.2,99.2,74.5,58.3,51.22,44.72,41.87,39.42,35.61,26.48,27.24,28.35,28.37,29.76,30.48,34.07,37.9,55.85,55.35,72.9,68.32,0.362,0.544,-0.393,-0.61,-0.449,-0.157,0.053,0.042,-0.17,-0.138,-0.08,0.055
116,1515,24.3,,400,126.1,120.8,113.6,92.3,73.8,68.42,56.06,49.81,45.07,41.73,37.92,86.3,81.4,83.1,69.07,65.89,53.42,52.94,45.75,43.64,39.02,38.76,111.7,110.3,117.5,96.7,73.8,58.43,51.48,44.75,41.21,39.46,36.36,26.28,26.98,28.01,27.95,29.33,30.06,33.32,36.92,53.99,53.97,70.6,65.45,0.137,0.431,-0.484,-0.584,-0.459,-0.243,-0.041,0.076,-0.17,-0.225,0.024,0.032
116,1515,28.3,,404,122.7,119.2,112.6,91.6,72.5,67.34,54.6,49.73,44.79,41.49,37.86,84.5,80.2,82.5,68.54,65.59,52.29,52.21,44.97,43.04,38.86,38.54,117.9,112.4,117.8,98.3,74.6,58.71,50.61,44.71,41.61,39.18,36.31,26.08,26.7,27.65,27.57,28.91,29.53,32.46,35.91,52.6,52.68,68.15,62.79,0.194,0.383,-0.573,-0.658,-0.427,-0.129,0.008,-0.016,-0.207,-0.23,0.026,0.011
116,1515,32.3,,408,121.6,117.3,110.8,90.1,71.9,66.73,53.87,48.88,44.37,41.27,37.82,83.1,79.4,80.7,66.85,64.74,52.72,51.91,44.32,42.94,38.58,38.38,103.6,111.8,116.9,96.7,73.1,58.89,50.11,44.28,41.17,39.04,35.39,25.87,26.44,27.36,27.26,28.51,29.11,31.92,35.07,51.06,51.08,65.94,60.43,0.198,0.453,-0.336,-0.784,-0.415,-0.217,-0.016,0.094,-0.234,-0.172,-0.046,0.005
116,1515,36.3,,412,118.5,114.4,108.5,86.9,71.3,66.1,53.63,48.52,44.28,41.03,37.44,81.3,77.5,79,65.37,63.42,51.38,51.44,44.33,42.56,38.46,38.22,102.2,109.3,116.3,94.4,72.2,57.53,49.44,43.52,40.73,38.7,34.86,25.67,26.22,27.08,26.92,28.15,28.61,31.38,34.42,49.85,49.59,64.01,58.12,0.023,0.64,-0.002,-0.637,-0.407,-0.122,-0.016,0.034,-0.173,-0.241,-0.011,-0.04
116,1515,40.3,,416,115.5,113.5,107.1,85.1,69.31,65.41,53.16,48.25,43.92,40.77,37.22,79.9,76.6,78.9,64.25,62.95,50.64,51.28,44.08,42.4,38.3,38.02,102.2,103.8,114.5,93.6,70.1,56.75,49.16,43.7,41.05,38.86,35.24,25.53,26.01,26.8,26.68,27.8,28.29,30.82,33.62,48.34,47.87,61.97,55.77,0.088,0.461,0.012,-0.697,-0.527,-0.118,0,-0.008,-0.2,-0.193,-0.068,0
116,1515,44.3,,420,112.5,111,104.3,82.2,67.34,64.33,52.55,47.63,43.62,40.6,37.05,78.3,74.5,76.5,62.72,61.55,49.91,50.75,43.6,42.17,38.02,37.82,99.5,104.2,114.7,94.6,68.86,54.56,49.08,43.32,40.97,38.54,34.95,25.33,25.86,26.6,26.48,27.51,27.97,30.34,32.95,47.18,46.24,59.91,53.83,0.011,0.448,-0.077,-0.774,-0.516,-0.191,-0.049,0.042,-0.215,-0.32,-0.056,-0.019
116,1515,48.3,,424,111.1,109.9,102.1,82.7,67.03,63.88,52.03,47.37,43.36,40.42,36.96,77.4,74.2,75.8,61.93,61.35,49.46,50.27,43.42,41.91,37.88,37.68,102.9,106.3,115,96.1,70.5,56.44,49.73,43.42,40.71,38.66,34.91,25.19,25.67,26.32,26.2,27.22,27.57,29.9,32.36,45.97,45.01,58.1,52.11,-0.202,0.431,-0.072,-0.705,-0.366,-0.103,-0.045,0.013,-0.222,-0.204,-0.056,-0.02
116,1515,52.3,,428,109.4,107.6,101.8,81.7,66.83,63.25,51.32,47.02,43.03,40.06,36.53,75.9,72.9,75,62.28,60.53,48.92,49.95,42.97,41.57,37.63,37.41,106.4,105.7,113.8,93.5,71,57.35,51.2,43.28,40.26,38.44,34.99,25.03,25.49,26.08,26,26.88,27.23,29.38,31.78,44.62,43.9,56.22,50.09,-0.107,0.305,-0.03,-0.658,-0.382,-0.167,-0.028,0.044,-0.158,-0.228,-0.053,-0.05
116,1515,56.3,,432,107.1,106.2,101.3,81.4,65.73,62.34,50.66,46.6,42.65,39.66,36.23,74.7,72,73.5,61.45,59.91,48.74,49.44,42.55,41.27,37.18,37.14,105.9,106.9,111.1,93.8,70.7,57.19,51.85,43,40.24,38.34,35.31,24.89,25.31,25.83,25.75,26.62,27,29.01,31.2,43.44,43.11,54.78,48.53,-0.236,0.244,0.067,-0.589,-0.349,-0.195,-0.057,0.039,-0.124,-0.19,-0.095,0.015
116,1516,0.3,,436,104.1,103.5,98.4,79.5,64.69,61.95,51.6,46.62,42.41,39.62,36.25,73.4,70.7,72.4,60.49,59.11,48.01,49.34,42.69,41.1,37.31,37.11,97.3,102.5,110.9,93.3,69.33,55.65,50.71,43.15,40.56,38.07,35.15,24.77,25.15,25.68,25.58,26.4,26.66,28.57,30.7,42.65,42.11,53.16,47.26,-0.313,0.313,0.01,-0.763,-0.451,-0.177,-0.073,0.026,-0.256,-0.291,-0.046,-0.036
116,1516,4.3,,440,102.5,102.3,96.5,79.7,64.63,61.28,50.67,46.25,42.37,39.54,36.23,72.4,70.6,71.5,59.52,58.54,47.85,48.96,42.27,41.06,37.15,36.95,95.6,100,109.1,91.9,68.59,53.62,48.17,43.07,40.3,38.07,34.79,24.65,25.01,25.47,25.39,26.16,26.48,28.23,30.32,41.65,41.35,51.57,45.63,-0.233,0.457,0.072,-0.766,-0.464,-0.18,-0.077,-0.078,-0.271,-0.235,-0.064,0.065
116,1516,8.3,,444,101,101,96.2,80,64.41,61.04,50.31,45.72,42.07,39.3,35.98,71.3,69.15,71.7,60.44,58.2,48.32,48.52,42.01,40.81,37,36.82,95.9,99.9,107.8,91.1,68.56,54.78,47.37,42.84,39.97,37.62,34.72,24.54,24.88,25.31,25.23,25.95,26.25,27.97,29.87,40.73,40.52,50.17,44.32,-0.412,0.418,-0.094,-0.895,-0.47,-0.248,-0.069,0,-0.181,-0.206,-0.087,-0.031
116,1516,12.3,,448,98.8,99,95.4,77.8,63.13,60.31,50.33,45.79,41.93,39.12,35.71,70.1,67.99,71.1,59.5,57.82,47.63,48.25,41.87,40.54,36.87,36.63,81.9,100.2,108.4,89.2,67.58,55.29,47.73,42.77,40.34,37.98,34.55,24.44,24.77,25.19,25.09,25.77,26,27.65,29.5,39.86,39.66,49.08,43.04,-0.438,0.431,-0.119,-0.842,-0.395,-0.144,-0.069,-0.044,-0.249,-0.267,-0.022,-0.005
116,1516,16.3,,452,97.5,97.7,94.2,76.9,62.4,59.64,49.44,45.31,41.53,38.94,35.79,69.31,67.4,70.7,59.24,57.45,47.47,48.07,41.49,40.34,36.72,36.57,90.8,100,105.7,88.8,67.28,53.63,47.79,42.65,39.7,37.8,34.43,24.36,24.69,25.07,24.95,25.63,25.83,27.32,29.03,38.96,38.6,47.75,41.85,-0.412,0.331,-0.04,-0.963,-0.297,-0.242,-0.061,0,-0.147,-0.201,-0.052,-0.024
116,1516,20.3,,456,95.5,97.2,93,76.7,62.99,59.32,50.25,45.59,41.49,38.72,35.6,68.38,67.14,69.64,57.68,57.07,47.31,47.93,41.53,40.21,36.58,36.38,84.4,97.4,105.6,89.2,67.01,53.43,47.21,42.33,39.42,37.56,34.26,24.26,24.58,24.95,24.84,25.43,25.67,27.06,28.69,38.28,38.02,46.58,40.69,-0.496,0.248,0.111,-0.647,-0.425,-0.162,-0.061,0.008,-0.173,-0.198,-0.011,0.004
116,1516,24.3,,460,94,94.7,92.5,75.7,61.21,58.53,49.04,45.23,41.17,38.54,35.42,67.36,66.24,69.01,57.72,56.6,46.34,47.49,41.13,40.09,36.42,36.26,83.6,97.6,104.9,89,65.79,52.88,47.45,41.77,39.18,37.18,33.62,24.18,24.48,24.84,24.72,25.27,25.51,26.88,28.41,37.56,37.51,45.59,39.7,-0.271,0.331,0.077,-0.608,-0.329,-0.065,-0.089,-0.065,-0.181,-0.249,-0.031,0.006
116,1516,28.3,,464,92.1,93.7,90.6,75,61.53,58.1,48.63,44.8,41.14,38.42,35.55,66.44,64.98,68.05,56.34,56.21,46.42,47.26,41.14,39.96,36.45,36.15,86.4,93.9,103.7,86.6,65.44,52.94,47.5,41.45,38.62,37.17,33.91,24.12,24.41,24.69,24.63,25.15,25.31,26.62,28.11,36.89,36.75,44.52,38.7,-0.282,0.248,0.119,-0.847,-0.314,-0.101,-0.138,-0.055,-0.219,-0.143,-0.01,-0.013
116,1516,32.3,,468,91,92.2,88.5,73.4,60.13,57.43,48.05,44.26,40.66,38.12,35.05,65.41,64.41,67.86,56.7,55.77,45.79,46.74,40.58,39.62,35.91,35.91,85.5,94.8,103.1,85.5,65.12,53.68,47.4,41.25,38.82,36.95,33.97,24.04,24.32,24.61,24.51,25.03,25.19,26.48,27.89,36.31,35.99,43.6,37.78,-0.267,0.239,-0.099,-0.579,-0.465,-0.071,-0.097,-0.044,-0.143,-0.188,-0.113,-0.015
116,1516,36.3,,472,89.3,91,88.6,72.3,59.3,56.91,47.77,44.12,40.67,38.14,35.11,64.64,64.19,66.65,55.77,54.66,45.03,46.54,40.57,39.62,36.19,35.93,79.1,93.5,103.5,85.3,64.74,52.13,47.18,41.45,38.76,36.82,34.15,23.98,24.24,24.5,24.44,24.93,25.13,26.26,27.67,35.67,35.33,42.67,36.95,-0.137,0.396,0.124,-0.816,-0.386,-0.108,-0.089,-0.029,-0.173,-0.251,-0.037,-0.023
116,1516,40.3,,476,87.5,89.9,87.1,72.3,59.86,56.72,48.17,43.92,40.5,37.9,34.99,63.7,62.89,66.77,56.11,54.78,45.47,46.46,40.5,39.38,35.95,35.75,67.56,89.6,102.4,84.7,63.98,51.44,46.3,41.61,38.66,36.95,33.87,23.9,24.16,24.42,24.34,24.81,24.95,26.12,27.41,35.15,34.97,41.93,36.23,-0.16,0.257,-0.01,-0.797,-0.421,-0.062,-0.114,-0.073,-0.238,-0.249,-0.049,-0.029
116,1516,44.3,,480,86.3,89.5,86.1,72,59.17,56.2,47.73,43.98,40.42,37.82,34.83,63.11,62.66,65.33,55.87,54.31,45.03,46.1,40.26,39.22,35.79,35.67,81.3,90.1,101.7,82.3,63.54,51.7,45.91,40.93,38.36,36.71,33.71,23.84,24.1,24.34,24.28,24.69,24.85,25.92,27.16,34.67,34.39,41.01,35.57,-0.072,0.17,0.094,-0.871,-0.424,-0.073,-0.109,-0.037,-0.2,-0.304,-0.072,-0.064
116,1516,48.3,,484,85,88.9,84.8,71.5,58.18,55.79,47.32,43.76,40.28,37.83,34.91,62.3,61.48,64.21,54.84,53.68,44.38,45.87,40.02,39.02,35.67,35.51,77.9,90.1,100.6,79.2,63.27,50.69,45.95,40.26,37.61,36.15,33.07,23.8,24.06,24.28,24.22,24.63,24.77,25.82,27,34.29,33.99,40.02,34.99,-0.103,0.165,-0.044,-0.863,-0.314,-0.071,-0.109,-0.084,-0.238,-0.278,-0.06,0.001
