TimeStamp (hh:mm:ss),Time (s),TC_Helmet (mV),HF_Helmet (mV),TC_Helmet ©,HF_Helmet (kW/m2)
11:06:34,30,-0.05,-0.02,17,0
11:06:35,31,-0.05,0,17,0
11:06:36,32,-0.05,-0.02,17,0
11:06:37,33,-0.05,-0.02,17,0
11:06:38,34,-0.05,-0.02,17,0
11:06:39,35,-0.06,-0.02,17,0
11:06:40,36,-0.05,-0.02,17,0
11:06:41,37,-0.05,-0.02,17,0
11:06:42,38,-0.05,-0.02,17,0
11:06:43,39,-0.05,-0.02,17,0
11:06:44,40,-0.05,-0.02,17,0
11:06:45,41,-0.05,-0.02,17,0
11:06:46,42,-0.05,-0.02,17,0
11:06:47,43,-0.05,-0.02,17,0
11:06:48,44,-0.05,0,17,0
11:06:49,45,-0.05,-0.02,17,0
11:06:50,46,-0.05,0,17,0
11:06:51,47,-0.05,-0.02,17,0
11:06:52,48,-0.05,0,17,0
11:06:53,49,-0.05,-0.02,17,0
11:06:54,50,-0.05,-0.02,17,0
11:06:55,51,-0.05,-0.02,17,0
11:06:56,52,-0.05,0,17,0
11:06:57,53,-0.05,-0.02,17,0
11:06:58,54,-0.05,-0.02,17,0
11:06:59,55,-0.05,-0.02,17,0
11:07:00,56,-0.05,-0.02,17,0
11:07:01,57,-0.05,-0.02,17,0
11:07:02,58,-0.05,-0.02,17,0
11:07:03,59,-0.05,-0.03,17,0
11:07:04,60,-0.05,-0.03,17,0
11:07:05,61,-0.05,-0.03,17,0
11:07:06,62,-0.05,-0.03,17,0
11:07:07,63,-0.05,-0.03,17,0
11:07:08,64,-0.05,-0.03,17,0
11:07:09,65,-0.05,-0.03,17,0
11:07:10,66,-0.05,-0.05,17,-0.1
11:07:11,67,-0.05,-0.03,17,0
11:07:12,68,-0.05,-0.03,17,0
11:07:13,69,-0.05,-0.03,17,0
11:07:14,70,-0.05,-0.03,17,0
11:07:15,71,-0.05,-0.03,17,0
11:07:16,72,-0.06,-0.03,17,0
11:07:17,73,-0.05,0,17,0
11:07:18,74,-0.05,0,17,0
11:07:19,75,-0.05,-0.02,17,0
11:07:20,76,-0.03,-0.02,18,0
11:07:21,77,-0.03,-0.02,18,0
11:07:22,78,-0.03,0,18,0
11:07:23,79,-0.03,0,18,0
11:07:24,80,-0.03,-0.02,18,0
11:07:25,81,-0.03,0,18,0
11:07:26,82,-0.03,0,18,0
11:07:27,83,-0.02,0,18,0
11:07:28,84,-0.02,0,18,0
11:07:29,85,-0.02,-0.02,18,0
11:07:30,86,-0.02,0,18,0
11:07:31,87,-0.02,0,18,0
11:07:32,88,-0.03,-0.02,18,0
11:07:33,89,-0.02,-0.02,18,0
11:07:34,90,-0.03,0,18,0
11:07:35,91,-0.02,0,18,0
11:07:36,92,-0.03,-0.02,18,0
11:07:37,93,-0.02,0,18,0
11:07:38,94,-0.03,0,18,0
11:07:39,95,-0.03,0,18,0
11:07:40,96,-0.03,0,18,0
11:07:41,97,-0.02,0,18,0
11:07:42,98,-0.02,0,18,0
11:07:43,99,-0.02,0,18,0
11:07:44,100,-0.03,0,18,0
11:07:45,101,-0.02,-0.02,18,0
11:07:46,102,-0.03,-0.02,18,0
11:07:47,103,-0.02,-0.02,18,0
11:07:48,104,-0.02,0,18,0
11:07:49,105,-0.02,0,18,0
11:07:50,106,-0.02,-0.02,18,0
11:07:51,107,-0.02,0,18,0
11:07:52,108,-0.02,-0.02,18,0
11:07:53,109,-0.02,-0.02,18,0
11:07:54,110,-0.02,-0.02,18,0
11:07:55,111,-0.02,-0.02,18,0
11:07:56,112,-0.02,-0.02,18,0
11:07:57,113,-0.02,-0.02,18,0
11:07:58,114,-0.02,-0.02,18,0
11:07:59,115,-0.02,-0.02,18,0
11:08:00,116,-0.02,-0.02,18,0
11:08:01,117,-0.02,-0.03,18,0
11:08:02,118,-0.03,-0.05,18,-0.1
11:08:03,119,-0.03,-0.03,18,0
11:08:04,120,-0.03,-0.03,18,0
11:08:05,121,-0.03,-0.03,18,0
11:08:06,122,-0.03,-0.03,18,0
11:08:07,123,-0.03,-0.03,18,0
11:08:08,124,-0.03,-0.03,18,0
11:08:09,125,-0.03,-0.03,18,0
11:08:10,126,-0.03,-0.03,18,0
11:08:11,127,-0.03,-0.02,18,0
11:08:12,128,-0.03,-0.02,18,0
11:08:13,129,-0.03,-0.02,18,0
11:08:14,130,-0.03,-0.02,18,0
11:08:15,131,-0.03,-0.02,18,0
11:08:16,132,-0.05,-0.02,17,0
11:08:17,133,-0.05,0,17,0
11:08:18,134,-0.03,-0.02,18,0
11:08:19,135,-0.03,-0.02,18,0
11:08:20,136,-0.03,-0.02,18,0
11:08:21,137,-0.03,-0.02,18,0
11:08:22,138,-0.05,0,17,0
11:08:23,139,-0.03,0,18,0
11:08:24,140,-0.03,0,18,0
11:08:25,141,-0.03,0,18,0
11:08:26,142,-0.05,0,17,0
11:08:27,143,-0.03,0,18,0
11:08:28,144,-0.03,0,18,0
11:08:29,145,-0.03,-0.02,18,0
11:08:30,146,-0.03,-0.02,18,0
11:08:31,147,-0.03,-0.02,18,0
11:08:32,148,-0.03,-0.03,18,0
11:08:33,149,-0.03,-0.03,18,0
11:08:34,150,-0.03,-0.03,18,0
11:08:35,151,-0.03,-0.03,18,0
11:08:36,152,-0.05,-0.03,17,0
11:08:37,153,-0.05,-0.03,17,0
11:08:38,154,-0.05,-0.02,17,0
11:08:39,155,-0.03,-0.02,18,0
11:08:40,156,-0.03,-0.02,18,0
11:08:41,157,-0.05,-0.02,17,0
11:08:42,158,-0.05,-0.02,17,0
11:08:43,159,-0.03,-0.02,18,0
11:08:44,160,-0.05,-0.02,17,0
11:08:45,161,-0.03,-0.02,18,0
11:08:46,162,-0.05,-0.02,17,0
11:08:47,163,-0.05,-0.02,17,0
11:08:48,164,-0.03,-0.02,18,0
11:08:49,165,-0.03,-0.02,18,0
11:08:50,166,-0.05,-0.02,17,0
11:08:51,167,-0.05,-0.02,17,0
11:08:52,168,-0.05,-0.02,17,0
11:08:53,169,-0.05,0,17,0
11:08:54,170,-0.03,0,18,0
11:08:55,171,-0.05,-0.02,17,0
11:08:56,172,-0.03,-0.02,18,0
11:08:57,173,-0.05,-0.02,17,0
11:08:58,174,-0.03,0,18,0
11:08:59,175,-0.03,-0.02,18,0
11:09:00,176,-0.03,-0.02,18,0
11:09:01,177,-0.03,-0.03,18,0
11:09:02,178,-0.03,-0.02,18,0
11:09:03,179,-0.05,-0.02,17,0
11:09:04,180,-0.05,-0.02,17,0
11:09:05,181,-0.03,-0.02,18,0
11:09:06,182,-0.03,-0.02,18,0
11:09:07,183,-0.05,-0.02,17,0
11:09:08,184,-0.03,-0.02,18,0
11:09:09,185,-0.03,-0.02,18,0
11:09:10,186,-0.05,-0.02,17,0
11:09:11,187,-0.03,-0.02,18,0
11:09:12,188,-0.03,-0.02,18,0
11:09:13,189,-0.05,-0.02,17,0
11:09:14,190,-0.05,-0.02,17,0
11:09:15,191,-0.03,-0.02,18,0
11:09:16,192,-0.03,-0.02,18,0
11:09:17,193,-0.05,-0.02,17,0
11:09:18,194,-0.03,-0.02,18,0
11:09:19,195,-0.05,-0.02,17,0
11:09:20,196,-0.03,-0.02,18,0
11:09:21,197,-0.05,-0.02,17,0
11:09:22,198,-0.05,-0.02,17,0
11:09:23,199,-0.05,-0.02,17,0
11:09:24,200,-0.03,-0.02,18,0
11:09:25,201,-0.05,-0.02,17,0
11:09:26,202,-0.05,-0.02,17,0
11:09:27,203,-0.03,-0.02,18,0
11:09:28,204,-0.05,-0.02,17,0
11:09:29,205,-0.05,-0.02,17,0
11:09:30,206,-0.05,-0.02,17,0
11:09:31,207,-0.05,-0.02,17,0
11:09:32,208,-0.05,-0.02,17,0
11:09:33,209,-0.03,-0.02,18,0
11:09:34,210,-0.05,-0.02,17,0
11:09:35,211,-0.05,-0.02,17,0
11:09:36,212,-0.05,-0.02,17,0
11:09:37,213,-0.03,-0.02,18,0
11:09:38,214,-0.05,-0.02,17,0
11:09:39,215,-0.03,-0.02,18,0
11:09:40,216,-0.05,-0.02,17,0
11:09:41,217,-0.05,-0.02,17,0
11:09:42,218,-0.03,-0.02,18,0
11:09:43,219,-0.03,-0.02,18,0
11:09:44,220,-0.05,-0.02,17,0
11:09:45,221,-0.05,-0.02,17,0
11:09:46,222,-0.05,-0.02,17,0
11:09:47,223,-0.05,-0.02,17,0
11:09:48,224,-0.05,-0.02,17,0
11:09:49,225,-0.05,-0.02,17,0
11:09:50,226,-0.05,-0.02,17,0
11:09:51,227,-0.03,-0.02,18,0
11:09:52,228,-0.05,-0.02,17,0
11:09:53,229,-0.05,-0.02,17,0
11:09:54,230,-0.05,-0.02,17,0
11:09:55,231,-0.03,-0.02,18,0
11:09:56,232,-0.05,-0.02,17,0
11:09:57,233,-0.05,-0.02,17,0
11:09:58,234,-0.05,-0.02,17,0
11:09:59,235,-0.05,-0.02,17,0
11:10:00,236,-0.03,-0.02,18,0
11:10:01,237,-0.05,-0.02,17,0
11:10:02,238,-0.05,-0.02,17,0
11:10:03,239,-0.03,-0.02,18,0
11:10:04,240,-0.05,-0.02,17,0
11:10:05,241,-0.05,-0.02,17,0
11:10:06,242,-0.03,-0.02,18,0
11:10:07,243,-0.05,-0.02,17,0
11:10:08,244,-0.03,-0.02,18,0
11:10:09,245,-0.03,-0.02,18,0
11:10:10,246,-0.03,-0.02,18,0
11:10:11,247,-0.05,-0.02,17,0
11:10:12,248,-0.03,-0.02,18,0
11:10:13,249,-0.05,-0.02,17,0
11:10:14,250,-0.05,-0.02,17,0
11:10:15,251,-0.05,-0.02,17,0
11:10:16,252,-0.05,-0.02,17,0
11:10:17,253,-0.05,-0.02,17,0
11:10:18,254,-0.05,-0.02,17,0
11:10:19,255,-0.03,-0.02,18,0
11:10:20,256,-0.05,-0.02,17,0
11:10:21,257,-0.05,-0.03,17,0
11:10:22,258,-0.05,-0.03,17,0
11:10:23,259,-0.03,-0.02,18,0
11:10:24,260,-0.03,-0.02,18,0
11:10:25,261,-0.03,-0.02,18,0
11:10:26,262,-0.05,-0.02,17,0
11:10:27,263,-0.03,-0.02,18,0
11:10:28,264,-0.05,-0.02,17,0
11:10:29,265,-0.03,-0.02,18,0
11:10:30,266,-0.05,-0.03,17,0
11:10:31,267,-0.05,-0.03,17,0
11:10:32,268,-0.05,-0.02,17,0
11:10:33,269,-0.05,-0.02,17,0
11:10:34,270,-0.05,-0.02,17,0
11:10:35,271,-0.05,-0.02,17,0
11:10:36,272,-0.05,-0.02,17,0
11:10:37,273,-0.05,-0.02,17,0
11:10:38,274,-0.03,-0.02,18,0
11:10:39,275,-0.05,-0.02,17,0
11:10:40,276,-0.05,-0.02,17,0
11:10:41,277,-0.05,-0.02,17,0
11:10:42,278,-0.05,-0.03,17,0
11:10:43,279,-0.05,-0.03,17,0
11:10:44,280,-0.05,-0.02,17,0
11:10:45,281,-0.03,-0.02,18,0
11:10:46,282,-0.05,-0.03,17,0
11:10:47,283,-0.05,-0.03,17,0
11:10:48,284,-0.05,-0.03,17,0
11:10:49,285,-0.05,-0.03,17,0
11:10:50,286,-0.05,-0.03,17,0
11:10:51,287,-0.05,-0.03,17,0
11:10:52,288,-0.05,-0.03,17,0
11:10:53,289,-0.05,-0.02,17,0
11:10:54,290,-0.05,-0.02,17,0
11:10:55,291,-0.05,-0.02,17,0
11:10:56,292,-0.05,-0.02,17,0
11:10:57,293,-0.05,-0.02,17,0
11:10:58,294,-0.05,-0.03,17,0
11:10:59,295,-0.05,-0.02,17,0
11:11:00,296,-0.05,-0.02,17,0
11:11:01,297,-0.05,-0.03,17,0
11:11:02,298,-0.05,-0.02,17,0
11:11:03,299,-0.03,-0.02,18,0
11:11:04,300,-0.05,-0.02,17,0
11:11:05,301,-0.05,-0.03,17,0
11:11:06,302,-0.05,-0.02,17,0
11:11:07,303,-0.05,-0.02,17,0
11:11:08,304,-0.05,-0.02,17,0
11:11:09,305,-0.05,-0.02,17,0
11:11:10,306,-0.05,-0.02,17,0
11:11:11,307,-0.05,-0.02,17,0
11:11:12,308,-0.05,-0.02,17,0
11:11:13,309,-0.03,-0.02,18,0
11:11:14,310,-0.03,-0.02,18,0
11:11:15,311,-0.05,-0.02,17,0
11:11:16,312,-0.05,-0.02,17,0
11:11:17,313,-0.05,-0.02,17,0
11:11:18,314,-0.05,-0.02,17,0
11:11:19,315,-0.05,-0.02,17,0
11:11:20,316,-0.05,-0.02,17,0
11:11:21,317,-0.03,-0.02,18,0
11:11:22,318,-0.05,-0.02,17,0
11:11:23,319,-0.05,-0.02,17,0
11:11:24,320,-0.05,-0.02,17,0
11:11:25,321,-0.05,0,17,0
11:11:26,322,-0.05,0,17,0
11:11:27,323,-0.05,-0.02,17,0
11:11:28,324,-0.05,-0.02,17,0
11:11:29,325,-0.05,-0.02,17,0
11:11:30,326,-0.03,-0.02,18,0
11:11:31,327,-0.05,-0.02,17,0
11:11:32,328,-0.05,-0.03,17,0
11:11:33,329,-0.05,-0.03,17,0
11:11:34,330,-0.05,-0.02,17,0
11:11:35,331,-0.05,-0.02,17,0
11:11:36,332,-0.05,-0.03,17,0
11:11:37,333,-0.05,-0.02,17,0
11:11:38,334,-0.05,-0.02,17,0
11:11:39,335,-0.05,-0.02,17,0
11:11:40,336,-0.05,0,17,0
11:11:41,337,-0.05,-0.02,17,0
11:11:42,338,-0.05,-0.02,17,0
11:11:43,339,-0.05,-0.02,17,0
11:11:44,340,-0.05,-0.02,17,0
11:11:45,341,-0.05,-0.02,17,0
11:11:46,342,-0.05,-0.02,17,0
11:11:47,343,-0.05,-0.02,17,0
11:11:48,344,-0.05,-0.02,17,0
11:11:49,345,-0.05,-0.02,17,0
11:11:50,346,-0.05,-0.02,17,0
11:11:51,347,-0.05,-0.02,17,0
11:11:52,348,-0.05,-0.02,17,0
11:11:53,349,-0.05,-0.02,17,0
11:11:54,350,-0.05,-0.03,17,0
11:11:55,351,-0.05,-0.02,17,0
11:11:56,352,-0.05,-0.02,17,0
11:11:57,353,-0.05,-0.02,17,0
11:11:58,354,-0.05,-0.02,17,0
11:11:59,355,-0.05,-0.03,17,0
11:12:00,356,-0.03,-0.03,18,0
11:12:01,357,-0.05,-0.03,17,0
11:12:02,358,-0.05,-0.02,17,0
11:12:03,359,-0.05,-0.02,17,0
11:12:04,360,-0.05,-0.02,17,0
11:12:05,361,-0.05,-0.02,17,0
11:12:06,362,-0.05,-0.02,17,0
11:12:07,363,-0.05,-0.02,17,0
11:12:08,364,-0.05,-0.02,17,0
11:12:09,365,-0.05,-0.02,17,0
11:12:10,366,-0.05,-0.02,17,0
11:12:11,367,-0.05,-0.02,17,0
11:12:12,368,-0.05,-0.02,17,0
11:12:13,369,-0.05,-0.02,17,0
11:12:14,370,-0.05,0,17,0
11:12:15,371,-0.05,-0.02,17,0
11:12:16,372,-0.03,-0.02,18,0
11:12:17,373,-0.03,-0.02,18,0
11:12:18,374,-0.05,-0.02,17,0
11:12:19,375,-0.05,-0.02,17,0
11:12:20,376,-0.05,-0.02,17,0
11:12:21,377,-0.05,-0.03,17,0
11:12:22,378,-0.05,-0.02,17,0
11:12:23,379,-0.05,-0.03,17,0
11:12:24,380,-0.05,-0.03,17,0
11:12:25,381,-0.05,-0.03,17,0
11:12:26,382,-0.05,-0.03,17,0
11:12:27,383,-0.05,-0.05,17,-0.1
11:12:28,384,-0.05,-0.03,17,0
11:12:29,385,-0.05,-0.03,17,0
11:12:30,386,-0.05,-0.05,17,-0.1
11:12:31,387,-0.05,-0.05,17,-0.1
11:12:32,388,-0.05,-0.05,17,-0.1
11:12:33,389,-0.05,-0.05,17,-0.1
11:12:34,390,-0.05,-0.05,17,-0.1
11:12:35,391,-0.05,-0.05,17,-0.1
11:12:36,392,-0.05,-0.05,17,-0.1
11:12:37,393,-0.05,-0.05,17,-0.1
11:12:38,394,-0.05,-0.03,17,0
11:12:39,395,-0.05,-0.05,17,-0.1
11:12:40,396,-0.05,-0.03,17,0
11:12:41,397,-0.05,-0.03,17,0
11:12:42,398,-0.05,-0.03,17,0
11:12:43,399,-0.05,-0.02,17,0
11:12:44,400,-0.05,-0.02,17,0
11:12:45,401,-0.05,-0.02,17,0
11:12:46,402,-0.05,-0.03,17,0
11:12:47,403,-0.06,-0.03,17,0
11:12:48,404,-0.05,-0.02,17,0
11:12:49,405,-0.05,-0.02,17,0
11:12:50,406,-0.05,-0.03,17,0
11:12:51,407,-0.05,-0.02,17,0
11:12:52,408,-0.05,-0.02,17,0
11:12:53,409,-0.05,-0.03,17,0
11:12:54,410,-0.05,-0.02,17,0
11:12:55,411,-0.05,-0.02,17,0
11:12:56,412,-0.05,-0.02,17,0
11:12:57,413,-0.05,-0.02,17,0
11:12:58,414,-0.05,-0.02,17,0
11:12:59,415,-0.05,-0.02,17,0
11:13:00,416,-0.05,-0.02,17,0
11:13:01,417,-0.05,-0.02,17,0
11:13:02,418,-0.05,-0.02,17,0
11:13:03,419,-0.05,-0.02,17,0
11:13:04,420,-0.05,-0.02,17,0
11:13:05,421,-0.05,-0.02,17,0
11:13:06,422,-0.05,-0.03,17,0
11:13:07,423,-0.06,-0.03,17,0
11:13:08,424,-0.06,-0.02,17,0
11:13:09,425,-0.05,-0.02,17,0
11:13:10,426,-0.05,-0.02,17,0
11:13:11,427,-0.05,-0.02,17,0
11:13:12,428,-0.05,-0.02,17,0
11:13:13,429,-0.05,-0.02,17,0
11:13:14,430,-0.05,-0.02,17,0
11:13:15,431,-0.05,-0.02,17,0
11:13:16,432,-0.05,-0.02,17,0
11:13:17,433,-0.05,-0.02,17,0
11:13:18,434,-0.06,-0.02,17,0
11:13:19,435,-0.05,-0.02,17,0
11:13:20,436,-0.06,-0.02,17,0
11:13:21,437,-0.06,-0.02,17,0
11:13:22,438,-0.06,-0.02,17,0
11:13:23,439,-0.05,-0.02,17,0
11:13:24,440,-0.05,-0.02,17,0
11:13:25,441,-0.05,-0.02,17,0
11:13:26,442,-0.06,-0.02,17,0
11:13:27,443,-0.06,-0.02,17,0
11:13:28,444,-0.05,-0.02,17,0
11:13:29,445,-0.06,-0.02,17,0
11:13:30,446,-0.06,-0.02,17,0
11:13:31,447,-0.06,-0.02,17,0
11:13:32,448,-0.06,-0.02,17,0
11:13:33,449,-0.05,-0.02,17,0
11:13:34,450,-0.06,-0.02,17,0
11:13:35,451,-0.06,-0.02,17,0
11:13:36,452,-0.06,-0.02,17,0
11:13:37,453,-0.05,-0.02,17,0
11:13:38,454,-0.05,-0.02,17,0
11:13:39,455,-0.05,-0.02,17,0
11:13:40,456,-0.06,-0.02,17,0
11:13:41,457,-0.06,-0.02,17,0
11:13:42,458,-0.06,-0.02,17,0
11:13:43,459,-0.06,-0.02,17,0
11:13:44,460,-0.05,-0.02,17,0
11:13:45,461,-0.06,-0.02,17,0
11:13:46,462,-0.06,-0.02,17,0
11:13:47,463,-0.06,-0.02,17,0
11:13:48,464,-0.05,-0.02,17,0
11:13:49,465,-0.06,-0.02,17,0
11:13:50,466,-0.05,-0.02,17,0
11:13:51,467,-0.05,-0.02,17,0
11:13:52,468,-0.06,-0.02,17,0
11:13:53,469,-0.05,-0.02,17,0
11:13:54,470,-0.05,-0.02,17,0
11:13:55,471,-0.06,-0.02,17,0
11:13:56,472,-0.05,-0.02,17,0
11:13:57,473,-0.06,-0.02,17,0
11:13:58,474,-0.06,-0.02,17,0
11:13:59,475,-0.06,-0.02,17,0
11:14:00,476,-0.05,-0.02,17,0
11:14:01,477,-0.06,-0.02,17,0
11:14:02,478,-0.06,-0.02,17,0
11:14:03,479,-0.06,-0.02,17,0
11:14:04,480,-0.06,-0.02,17,0
11:14:05,481,-0.06,-0.02,17,0
11:14:06,482,-0.06,-0.02,17,0
11:14:07,483,-0.06,-0.02,17,0
11:14:08,484,-0.06,-0.02,17,0
11:14:09,485,-0.06,-0.02,17,0
11:14:10,486,-0.06,-0.02,17,0
11:14:11,487,-0.06,-0.02,17,0
11:14:12,488,-0.06,-0.02,17,0
11:14:13,489,-0.05,-0.02,17,0
11:14:14,490,-0.06,-0.02,17,0
11:14:15,491,-0.06,-0.02,17,0
11:14:16,492,-0.06,-0.02,17,0
11:14:17,493,-0.05,-0.02,17,0
11:14:18,494,-0.05,-0.02,17,0
11:14:19,495,-0.05,-0.02,17,0
11:14:20,496,-0.06,-0.03,17,0
11:14:21,497,-0.06,-0.02,17,0
11:14:22,498,-0.06,-0.02,17,0
11:14:23,499,-0.06,-0.02,17,0
11:14:24,500,-0.06,-0.02,17,0
11:14:25,501,-0.06,-0.02,17,0
11:14:26,502,-0.06,-0.02,17,0
11:14:27,503,-0.06,-0.02,17,0
11:14:28,504,-0.06,-0.03,17,0
11:14:29,505,-0.06,-0.03,17,0
11:14:30,506,-0.06,-0.02,17,0
11:14:31,507,-0.06,-0.02,17,0
11:14:32,508,-0.06,-0.02,17,0
11:14:33,509,-0.06,-0.02,17,0
11:14:34,510,-0.06,0,17,0
11:14:35,511,-0.05,-0.02,17,0
11:14:36,512,-0.05,-0.02,17,0
11:14:37,513,-0.06,-0.02,17,0
11:14:38,514,-0.06,-0.02,17,0
11:14:39,515,-0.06,-0.03,17,0
11:14:40,516,-0.06,-0.03,17,0
11:14:41,517,-0.06,-0.05,17,-0.1
11:14:42,518,-0.06,-0.03,17,0
11:14:43,519,-0.05,-0.02,17,0
11:14:44,520,-0.06,-0.02,17,0
11:14:45,521,-0.05,-0.02,17,0
11:14:46,522,-0.06,-0.02,17,0
11:14:47,523,-0.06,-0.02,17,0
11:14:48,524,-0.05,-0.02,17,0
11:14:49,525,-0.06,-0.02,17,0
11:14:50,526,-0.06,-0.03,17,0
11:14:51,527,-0.06,-0.02,17,0
11:14:52,528,-0.06,-0.03,17,0
11:14:53,529,-0.06,-0.02,17,0
11:14:54,530,-0.06,-0.03,17,0
11:14:55,531,-0.06,-0.02,17,0
11:14:56,532,-0.06,-0.03,17,0
11:14:57,533,-0.06,-0.03,17,0
11:14:58,534,-0.06,-0.02,17,0
11:14:59,535,-0.06,-0.02,17,0
11:15:00,536,-0.06,-0.02,17,0
11:15:01,537,-0.06,-0.02,17,0
11:15:02,538,-0.06,-0.02,17,0
11:15:03,539,-0.06,-0.03,17,0
11:15:04,540,-0.06,-0.02,17,0
11:15:05,541,-0.06,-0.02,17,0
11:15:06,542,-0.06,-0.02,17,0
11:15:07,543,-0.06,-0.02,17,0
11:15:08,544,-0.06,-0.02,17,0
11:15:09,545,-0.06,-0.02,17,0
11:15:10,546,-0.06,-0.02,17,0
11:15:11,547,-0.06,-0.03,17,0
11:15:12,548,-0.06,-0.02,17,0
11:15:13,549,-0.06,-0.03,17,0
11:15:14,550,-0.06,-0.03,17,0
11:15:15,551,-0.06,-0.03,17,0
11:15:16,552,-0.06,-0.03,17,0
11:15:17,553,-0.06,-0.03,17,0
11:15:18,554,-0.06,-0.03,17,0
11:15:19,555,-0.06,-0.03,17,0
11:15:20,556,-0.06,-0.03,17,0
11:15:21,557,-0.06,-0.03,17,0
11:15:22,558,-0.06,-0.03,17,0
11:15:23,559,-0.06,-0.02,17,0
11:15:24,560,-0.06,-0.03,17,0
11:15:25,561,-0.06,-0.03,17,0
11:15:26,562,-0.06,-0.02,17,0
11:15:27,563,-0.06,-0.03,17,0
11:15:28,564,-0.06,-0.03,17,0
11:15:29,565,-0.06,-0.03,17,0
11:15:30,566,-0.06,-0.03,17,0
11:15:31,567,-0.06,-0.03,17,0
11:15:32,568,-0.06,-0.03,17,0
11:15:33,569,-0.06,-0.03,17,0
11:15:34,570,-0.06,-0.02,17,0
11:15:35,571,-0.06,-0.02,17,0
11:15:36,572,-0.06,-0.02,17,0
11:15:37,573,-0.06,-0.03,17,0
11:15:38,574,-0.06,-0.03,17,0
11:15:39,575,-0.06,-0.03,17,0
11:15:40,576,-0.06,-0.02,17,0
11:15:41,577,-0.06,-0.02,17,0
11:15:42,578,-0.06,-0.02,17,0
11:15:43,579,-0.06,-0.02,17,0
11:15:44,580,-0.06,-0.02,17,0
11:15:45,581,-0.06,-0.03,17,0
11:15:46,582,-0.06,-0.03,17,0
11:15:47,583,-0.06,-0.03,17,0
11:15:48,584,-0.06,-0.03,17,0
11:15:49,585,-0.06,-0.05,17,-0.1
11:15:50,586,-0.06,-0.03,17,0
11:15:51,587,-0.06,-0.02,17,0
11:15:52,588,-0.06,-0.03,17,0
11:15:53,589,-0.06,-0.02,17,0
11:15:54,590,-0.06,-0.02,17,0
11:15:55,591,-0.06,-0.02,17,0
11:15:56,592,-0.06,-0.03,17,0
11:15:57,593,-0.06,-0.03,17,0
11:15:58,594,-0.06,-0.03,17,0
11:15:59,595,-0.06,-0.02,17,0
11:16:00,596,-0.06,-0.02,17,0
11:16:01,597,-0.06,-0.02,17,0
11:16:02,598,-0.06,-0.02,17,0
11:16:03,599,-0.06,-0.02,17,0
11:16:04,600,-0.06,-0.02,17,0
11:16:05,601,-0.06,-0.02,17,0
11:16:06,602,-0.06,-0.02,17,0
11:16:07,603,-0.06,-0.02,17,0
11:16:08,604,-0.06,-0.02,17,0
11:16:09,605,-0.06,-0.02,17,0
11:16:10,606,-0.06,-0.02,17,0
11:16:11,607,-0.06,-0.02,17,0
11:16:12,608,-0.06,-0.02,17,0
11:16:13,609,-0.06,-0.03,17,0
11:16:14,610,-0.06,-0.03,17,0
11:16:15,611,-0.06,-0.03,17,0
11:16:16,612,-0.06,-0.02,17,0
11:16:17,613,-0.06,-0.02,17,0
11:16:18,614,-0.06,-0.02,17,0
11:16:19,615,-0.06,-0.02,17,0
11:16:20,616,-0.06,-0.02,17,0
11:16:21,617,-0.06,-0.03,17,0
11:16:22,618,-0.06,-0.03,17,0
11:16:23,619,-0.06,-0.03,17,0
11:16:24,620,-0.06,-0.03,17,0
11:16:25,621,-0.06,-0.03,17,0
11:16:26,622,-0.06,-0.03,17,0
11:16:27,623,-0.06,-0.03,17,0
11:16:28,624,-0.06,-0.03,17,0
11:16:29,625,-0.06,-0.02,17,0
11:16:30,626,-0.06,-0.03,17,0
11:16:31,627,-0.06,-0.02,17,0
11:16:32,628,-0.06,-0.02,17,0
11:16:33,629,-0.06,-0.02,17,0
11:16:34,630,-0.06,-0.02,17,0
11:16:35,631,-0.06,-0.02,17,0
11:16:36,632,-0.06,-0.02,17,0
11:16:37,633,-0.06,-0.03,17,0
11:16:38,634,-0.06,-0.03,17,0
11:16:39,635,-0.08,-0.02,17,0
11:16:40,636,-0.08,-0.02,17,0
11:16:41,637,-0.06,-0.03,17,0
11:16:42,638,-0.06,-0.03,17,0
11:16:43,639,-0.06,-0.03,17,0
11:16:44,640,-0.06,-0.02,17,0
11:16:45,641,-0.06,-0.02,17,0
11:16:46,642,-0.06,-0.02,17,0
11:16:47,643,-0.06,-0.02,17,0
11:16:48,644,-0.08,-0.02,17,0
11:16:49,645,-0.06,-0.02,17,0
11:16:50,646,-0.08,-0.02,17,0
11:16:51,647,-0.08,0,17,0
11:16:52,648,-0.06,-0.02,17,0
11:16:53,649,-0.06,-0.02,17,0
11:16:54,650,-0.08,-0.02,17,0
11:16:55,651,-0.06,-0.02,17,0
11:16:56,652,-0.06,-0.03,17,0
11:16:57,653,-0.08,-0.03,17,0
11:16:58,654,-0.08,-0.03,17,0
11:16:59,655,-0.06,-0.05,17,-0.1
11:17:00,656,-0.06,-0.03,17,0
11:17:01,657,-0.08,-0.03,17,0
11:17:02,658,-0.06,-0.02,17,0
11:17:03,659,-0.06,-0.02,17,0
11:17:04,660,-0.06,-0.02,17,0
11:17:05,661,-0.06,-0.02,17,0
11:17:06,662,-0.08,-0.03,17,0
11:17:07,663,-0.08,-0.02,17,0
11:17:08,664,-0.08,-0.02,17,0
11:17:09,665,-0.08,-0.02,17,0
11:17:10,666,-0.08,-0.02,17,0
11:17:11,667,-0.08,-0.02,17,0
11:17:12,668,-0.08,-0.02,17,0
11:17:13,669,-0.08,-0.02,17,0
11:17:14,670,-0.06,-0.02,17,0
11:17:15,671,-0.06,-0.02,17,0
11:17:16,672,-0.06,-0.02,17,0
11:17:17,673,-0.08,-0.02,17,0
11:17:18,674,-0.08,-0.02,17,0
11:17:19,675,-0.08,-0.02,17,0
11:17:20,676,-0.08,-0.02,17,0
11:17:21,677,-0.08,-0.02,17,0
11:17:22,678,-0.08,-0.03,17,0
11:17:23,679,-0.08,-0.02,17,0
11:17:24,680,-0.08,-0.03,17,0
11:17:25,681,-0.08,-0.02,17,0
11:17:26,682,-0.08,-0.02,17,0
11:17:27,683,-0.08,-0.02,17,0
11:17:28,684,-0.08,-0.02,17,0
11:17:29,685,-0.08,-0.02,17,0
11:17:30,686,-0.08,-0.02,17,0
11:17:31,687,-0.08,-0.02,17,0
11:17:32,688,-0.08,-0.02,17,0
11:17:33,689,-0.08,-0.02,17,0
11:17:34,690,-0.08,-0.02,17,0
11:17:35,691,-0.06,-0.02,17,0
11:17:36,692,-0.08,-0.02,17,0
11:17:37,693,-0.08,-0.02,17,0
11:17:38,694,-0.08,-0.03,17,0
11:17:39,695,-0.08,-0.02,17,0
11:17:40,696,-0.08,-0.03,17,0
11:17:41,697,-0.08,-0.03,17,0
11:17:42,698,-0.08,-0.02,17,0
11:17:43,699,-0.08,-0.02,17,0
11:17:44,700,-0.08,-0.02,17,0
11:17:45,701,-0.08,-0.02,17,0
11:17:46,702,-0.06,-0.02,17,0
11:17:47,703,-0.08,-0.02,17,0
11:17:48,704,-0.08,-0.02,17,0
11:17:49,705,-0.08,-0.03,17,0
11:17:50,706,-0.08,-0.02,17,0
11:17:51,707,-0.08,-0.02,17,0
11:17:52,708,-0.08,-0.02,17,0
11:17:53,709,-0.08,-0.02,17,0
11:17:54,710,-0.08,-0.02,17,0
11:17:55,711,-0.08,-0.02,17,0
11:17:56,712,-0.06,-0.02,17,0
11:17:57,713,-0.06,-0.03,17,0
11:17:58,714,-0.06,-0.03,17,0
11:17:59,715,-0.06,-0.02,17,0
11:18:00,716,-0.06,-0.02,17,0
11:18:01,717,-0.06,-0.02,17,0
11:18:02,718,-0.06,-0.02,17,0
11:18:03,719,-0.06,-0.03,17,0
11:18:04,720,-0.06,-0.03,17,0
11:18:05,721,-0.06,-0.02,17,0
11:18:06,722,-0.06,-0.03,17,0
11:18:07,723,-0.08,-0.02,17,0
11:18:08,724,-0.08,-0.02,17,0
11:18:09,725,-0.06,-0.02,17,0
11:18:10,726,-0.06,-0.02,17,0
11:18:11,727,-0.06,-0.02,17,0
11:18:12,728,-0.06,-0.02,17,0
11:18:13,729,-0.06,-0.02,17,0
11:18:14,730,-0.06,-0.02,17,0
11:18:15,731,-0.06,-0.02,17,0
11:18:16,732,-0.06,-0.02,17,0
11:18:17,733,-0.06,-0.02,17,0
11:18:18,734,-0.06,-0.03,17,0
11:18:19,735,-0.06,-0.02,17,0
11:18:20,736,-0.06,-0.02,17,0
11:18:21,737,-0.06,-0.02,17,0
11:18:22,738,-0.06,-0.02,17,0
11:18:23,739,-0.06,-0.02,17,0
11:18:24,740,-0.06,0,17,0
11:18:25,741,-0.06,-0.02,17,0
11:18:26,742,-0.06,-0.02,17,0
11:18:27,743,-0.06,-0.02,17,0
11:18:28,744,-0.06,-0.02,17,0
11:18:29,745,-0.06,-0.03,17,0
11:18:30,746,-0.06,-0.02,17,0
11:18:31,747,-0.06,-0.02,17,0
11:18:32,748,-0.06,-0.02,17,0
11:18:33,749,-0.06,-0.02,17,0
11:18:34,750,-0.06,-0.02,17,0
11:18:35,751,-0.06,-0.02,17,0
11:18:36,752,-0.06,-0.02,17,0
11:18:37,753,-0.06,-0.02,17,0
11:18:38,754,-0.06,-0.02,17,0
11:18:39,755,-0.06,-0.02,17,0
11:18:40,756,-0.06,-0.02,17,0
11:18:41,757,-0.06,-0.02,17,0
11:18:42,758,-0.06,-0.02,17,0
11:18:43,759,-0.06,-0.02,17,0
11:18:44,760,-0.06,-0.02,17,0
11:18:45,761,-0.06,-0.02,17,0
11:18:46,762,-0.06,-0.02,17,0
11:18:47,763,-0.06,0,17,0
11:18:48,764,-0.06,-0.02,17,0
11:18:49,765,-0.06,0,17,0
11:18:50,766,-0.06,0,17,0
11:18:51,767,-0.06,0,17,0
11:18:52,768,-0.06,0.02,17,0.1
11:18:53,769,-0.06,0.02,17,0.1
11:18:54,770,-0.06,-0.03,17,0
11:18:55,771,-0.06,-0.03,17,0
11:18:56,772,-0.06,-0.03,17,0
11:18:57,773,-0.06,-0.03,17,0
11:18:58,774,-0.06,-0.02,17,0
11:18:59,775,-0.05,0.02,17,0.1
11:19:00,776,-0.06,0.05,17,0.2
11:19:01,777,-0.06,0.05,17,0.2
11:19:02,778,-0.05,0.05,17,0.2
11:19:03,779,-0.05,0.06,17,0.2
11:19:04,780,-0.05,0.06,17,0.2
11:19:05,781,-0.05,0.06,17,0.2
11:19:06,782,-0.05,0.06,17,0.2
11:19:07,783,-0.05,0.06,17,0.2
11:19:08,784,-0.05,0.06,17,0.2
11:19:09,785,-0.05,0.06,17,0.2
11:19:10,786,-0.05,0.08,17,0.3
11:19:11,787,-0.03,0.08,18,0.3
11:19:12,788,-0.03,0.08,18,0.3
11:19:13,789,-0.03,0.09,18,0.3
11:19:14,790,-0.03,0.09,18,0.3
11:19:15,791,-0.03,0.09,18,0.3
11:19:16,792,-0.03,0.09,18,0.3
11:19:17,793,-0.03,-0.02,18,0
11:19:18,794,-0.03,-0.02,18,0
11:19:19,795,-0.03,-0.02,18,0
11:19:20,796,-0.03,0.12,18,0.4
11:19:21,797,-0.02,0.16,18,0.6
11:19:22,798,-0.02,0.05,18,0.2
11:19:23,799,0,0,19,0
11:19:24,800,-0.02,-0.02,18,0
11:19:25,801,0,-0.02,19,0
11:19:26,802,0,-0.02,19,0
11:19:27,803,0,0.09,19,0.3
11:19:28,804,0,0.2,19,0.7
11:19:29,805,0.02,0.12,19,0.4
11:19:30,806,0.02,0.02,19,0.1
11:19:31,807,0.02,0,19,0
11:19:32,808,0.02,0,19,0
11:19:33,809,0.03,-0.02,19,0
11:19:34,810,0.03,-0.02,19,0
11:19:35,811,0.03,0.25,19,0.9
11:19:36,812,0.05,0.28,20,1
11:19:37,813,0.05,0.19,20,0.7
11:19:38,814,0.03,0.19,19,0.7
11:19:39,815,0.05,0.17,20,0.6
11:19:40,816,0.05,0.19,20,0.7
11:19:41,817,0.05,0.22,20,0.8
11:19:42,818,0.05,0.17,20,0.6
11:19:43,819,0.05,0.06,20,0.2
11:19:44,820,0.05,0.03,20,0.1
11:19:45,821,0.03,0,19,0
11:19:46,822,0.05,0.19,20,0.7
11:19:47,823,0.06,0.34,20,1.1
11:19:48,824,0.06,0.36,20,1.2
11:19:49,825,0.08,0.37,21,1.2
11:19:50,826,0.08,0.36,21,1.2
11:19:51,827,0.09,0.31,21,1.1
11:19:52,828,0.09,0.39,21,1.3
11:19:53,829,0.09,0.36,21,1.2
11:19:54,830,0.11,0.34,21,1.1
11:19:55,831,0.11,0.33,21,1.1
11:19:56,832,0.12,0.33,22,1.1
11:19:57,833,0.12,0.37,22,1.2
11:19:58,834,0.12,0.36,22,1.2
11:19:59,835,0.14,0.39,22,1.3
11:20:00,836,0.14,0.39,22,1.3
11:20:01,837,0.14,0.39,22,1.3
11:20:02,838,0.16,0.31,23,1.1
11:20:03,839,0.16,0.31,23,1.1
11:20:04,840,0.17,0.3,23,1
11:20:05,841,0.17,0.31,23,1.1
11:20:06,842,0.17,0.08,23,0.3
11:20:07,843,0.17,0.17,23,0.6
11:20:08,844,0.19,0.3,23,1
11:20:09,845,0.19,0.31,23,1.1
11:20:10,846,0.19,0.31,23,1.1
11:20:11,847,0.19,0.34,23,1.1
11:20:12,848,0.2,0.42,24,1.4
11:20:13,849,0.22,0.39,24,1.3
11:20:14,850,0.22,0.37,24,1.2
11:20:15,851,0.22,0.39,24,1.3
11:20:16,852,0.22,0.39,24,1.3
11:20:17,853,0.23,0.45,24,1.5
11:20:18,854,0.23,0.42,24,1.4
11:20:19,855,0.25,0.42,25,1.4
11:20:20,856,0.25,0.44,25,1.5
11:20:21,857,0.25,0.44,25,1.5
11:20:22,858,0.27,0.42,25,1.4
11:20:23,859,0.27,0.44,25,1.5
11:20:24,860,0.27,0.48,25,1.6
11:20:25,861,0.28,0.55,26,1.8
11:20:26,862,0.3,0.61,26,2
11:20:27,863,0.3,0.55,26,1.8
11:20:28,864,0.31,0.47,26,1.6
11:20:29,865,0.31,0.56,26,1.9
11:20:30,866,0.33,0.48,27,1.6
11:20:31,867,0.34,0.55,27,1.8
11:20:32,868,0.34,0.52,27,1.7
11:20:33,869,0.36,0.63,28,2.1
11:20:34,870,0.36,0.59,28,2
11:20:35,871,0.37,0.64,28,2.1
11:20:36,872,0.37,0.56,28,1.9
11:20:37,873,0.39,0.56,28,1.9
11:20:38,874,0.39,0.52,28,1.7
11:20:39,875,0.39,0.53,28,1.8
11:20:40,876,0.39,0.53,28,1.8
11:20:41,877,0.39,0.58,28,1.9
11:20:42,878,0.41,0.56,29,1.9
11:20:43,879,0.42,0.11,29,0.4
11:20:44,880,0.41,0.56,29,1.9
11:20:45,881,0.41,0.97,29,3.2
11:20:46,882,0.42,1.56,29,5.1
11:20:47,883,0.45,2.31,30,7.5
11:20:48,884,0.5,2.42,31,7.9
11:20:49,885,0.56,0.55,33,1.8
11:20:50,886,0.63,0.2,34,0.7
11:20:51,887,0.67,0.11,35,0.4
11:20:52,888,0.7,0.09,36,0.3
11:20:53,889,0.73,0.06,37,0.2
11:20:54,890,0.77,0.09,38,0.3
11:20:55,891,0.78,0.12,38,0.4
11:20:56,892,0.81,3.03,39,9.9
11:20:57,893,0.88,3.34,40,10.9
11:20:58,894,0.95,2.05,42,6.7
11:20:59,895,1.03,0.52,54,1.7
11:21:00,896,1.08,0.31,55,1.1
11:21:01,897,1.14,0.19,56,0.7
11:21:02,898,1.17,0.19,57,0.7
11:21:03,899,1.2,0.11,58,0.4
11:21:04,900,1.23,2.13,59,6.9
11:21:05,901,1.25,1.92,59,6.3
11:21:06,902,1.25,1.09,59,3.6
11:21:07,903,1.25,0.64,59,2.1
11:21:08,904,1.23,0.88,59,2.9
11:21:09,905,1.23,0.72,59,2.4
11:21:10,906,1.23,0.37,59,1.2
11:21:11,907,1.23,0.17,59,0.6
11:21:12,908,1.23,0.17,59,0.6
11:21:13,909,1.25,0.17,59,0.6
11:21:14,910,1.25,0.17,59,0.6
11:21:15,911,1.25,0.16,59,0.6
11:21:16,912,1.25,0.16,59,0.6
11:21:17,913,1.25,0.2,59,0.7
11:21:18,914,1.25,0.17,59,0.6
11:21:19,915,1.27,0.19,59,0.7
11:21:20,916,1.27,0.22,59,0.8
11:21:21,917,1.28,0.25,60,0.9
11:21:22,918,1.28,0.53,60,1.8
11:21:23,919,1.3,0.28,60,1
11:21:24,920,1.31,0.37,60,1.2
11:21:25,921,1.31,1.63,60,5.3
11:21:26,922,1.34,3.53,61,11.5
11:21:27,923,1.47,7.42,64,24.1
11:21:28,924,1.63,6.28,68,20.4
11:21:29,925,1.72,4.33,70,14.1
11:21:30,926,1.77,1.83,71,6
11:21:31,927,1.75,0.94,71,3.1
11:21:32,928,1.72,0.91,70,3
11:21:33,929,1.69,1.28,70,4.2
11:21:34,930,1.69,0.98,70,3.2
11:21:35,931,1.66,1.2,69,3.9
11:21:36,932,1.69,1.36,70,4.5
11:21:37,933,1.69,1.42,70,4.6
11:21:38,934,1.7,1.73,70,5.6
11:21:39,935,1.72,3.5,70,11.4
11:21:40,936,1.81,4.73,72,15.4
11:21:41,937,1.75,0.33,71,1.1
11:21:42,938,1.63,0.03,68,0.1
11:21:43,939,1.56,0.02,66,0.1
11:21:44,940,1.53,-0.28,66,-0.9
11:21:45,941,1.52,-0.23,65,-0.7
11:21:46,942,1.5,-0.11,65,-0.3
11:21:47,943,1.5,0.03,65,0.1
11:21:48,944,1.48,0.05,65,0.2
11:21:49,945,1.47,-0.02,64,0
11:21:50,946,1.45,0,64,0
11:21:51,947,1.45,-0.09,64,-0.2
11:21:52,948,1.44,-0.08,64,-0.2
11:21:53,949,1.44,-0.06,64,-0.1
11:21:54,950,1.42,-0.06,63,-0.1
11:21:55,951,1.42,-0.05,63,-0.1
11:21:56,952,1.41,0,63,0
11:21:57,953,1.41,-0.06,63,-0.1
11:21:58,954,1.39,-0.08,62,-0.2
11:21:59,955,1.39,-0.03,62,0
11:22:00,956,1.39,0.02,62,0.1
11:22:01,957,1.37,-0.03,62,0
11:22:02,958,1.37,-0.05,62,-0.1
11:22:03,959,1.37,-0.03,62,0
11:22:04,960,1.37,0,62,0
11:22:05,961,1.36,-0.02,62,0
11:22:06,962,1.36,-0.02,62,0
11:22:07,963,1.34,-0.06,61,-0.1
11:22:08,964,1.34,-0.05,61,-0.1
11:22:09,965,1.34,0.12,61,0.4
11:22:10,966,1.37,1.84,62,6
11:22:11,967,1.39,1.56,62,5.1
11:22:12,968,1.41,1.37,63,4.5
11:22:13,969,1.41,1.03,63,3.4
11:22:14,970,1.39,0.63,62,2.1
11:22:15,971,1.41,0.97,63,3.2
11:22:16,972,1.44,1.45,64,4.7
11:22:17,973,1.47,2.3,64,7.5
11:22:18,974,1.48,2.31,65,7.5
11:22:19,975,1.48,2.14,65,7
11:22:20,976,1.5,1.81,65,5.9
11:22:21,977,1.48,1.5,65,4.9
11:22:22,978,1.48,1.83,65,6
11:22:23,979,1.48,1.44,65,4.7
11:22:24,980,1.47,1.02,64,3.3
11:22:25,981,1.47,1.3,64,4.3
11:22:26,982,1.47,1.55,64,5.1
11:22:27,983,1.48,1.47,65,4.8
11:22:28,984,1.5,1.44,65,4.7
11:22:29,985,1.5,0.81,65,2.7
11:22:30,986,1.48,0.98,65,3.2
11:22:31,987,1.47,1.41,64,4.6
11:22:32,988,1.47,1.03,64,3.4
11:22:33,989,1.45,1.09,64,3.6
11:22:34,990,1.47,1.17,64,3.8
11:22:35,991,1.45,1.03,64,3.4
11:22:36,992,1.44,1.14,64,3.7
11:22:37,993,1.45,0.95,64,3.1
11:22:38,994,1.45,1.36,64,4.5
11:22:39,995,1.47,1.41,64,4.6
11:22:40,996,1.48,1.23,65,4
11:22:41,997,1.5,1.19,65,3.9
11:22:42,998,1.5,1.37,65,4.5
11:22:43,999,1.5,0.89,65,2.9
11:22:44,1000,1.5,1.55,65,5.1
11:22:45,1001,1.5,1.12,65,3.7
11:22:46,1002,1.52,1.47,65,4.8
11:22:47,1003,1.52,1.28,65,4.2
11:22:48,1004,1.52,1,65,3.3
11:22:49,1005,1.52,1.2,65,3.9
11:22:50,1006,1.53,1.12,66,3.7
11:22:51,1007,1.52,1.45,65,4.7
11:22:52,1008,1.53,1.53,66,5
11:22:53,1009,1.53,1.2,66,3.9
11:22:54,1010,1.5,1.16,65,3.8
11:22:55,1011,1.48,1.22,65,4
11:22:56,1012,1.5,1.47,65,4.8
11:22:57,1013,1.5,1.33,65,4.4
11:22:58,1014,1.5,1.16,65,3.8
11:22:59,1015,1.48,0.95,65,3.1
11:23:00,1016,1.47,0.86,64,2.8
11:23:01,1017,1.47,1.09,64,3.6
11:23:02,1018,1.47,1.19,64,3.9
11:23:03,1019,1.48,0.98,65,3.2
11:23:04,1020,1.5,1.47,65,4.8
11:23:05,1021,1.52,1.69,65,5.5
11:23:06,1022,1.55,1.55,66,5.1
11:23:07,1023,1.55,0.95,66,3.1
11:23:08,1024,1.53,0.8,66,2.6
11:23:09,1025,1.52,0.73,65,2.4
11:23:10,1026,1.5,1.09,65,3.6
11:23:11,1027,1.48,1.02,65,3.3
11:23:12,1028,1.45,0.94,64,3.1
11:23:13,1029,1.45,1.19,64,3.9
11:23:14,1030,1.47,1.95,64,6.4
11:23:15,1031,1.5,2.23,65,7.3
11:23:16,1032,1.55,1.92,66,6.3
11:23:17,1033,1.59,2.55,67,8.3
11:23:18,1034,1.64,2.53,68,8.2
11:23:19,1035,1.67,2.31,69,7.5
11:23:20,1036,1.69,1.84,70,6
11:23:21,1037,1.67,1.86,69,6.1
11:23:22,1038,1.67,1.95,69,6.4
11:23:23,1039,1.69,1.86,70,6.1
11:23:24,1040,1.66,1.95,69,6.4
11:23:25,1041,1.66,1.69,69,5.5
11:23:26,1042,1.64,1.69,68,5.5
11:23:27,1043,1.64,1.78,68,5.8
11:23:28,1044,1.63,1.97,68,6.4
11:23:29,1045,1.63,3.03,68,9.9
11:23:30,1046,1.64,1.69,68,5.5
11:23:31,1047,1.63,1.72,68,5.6
11:23:32,1048,1.64,1.59,68,5.2
11:23:33,1049,1.63,1.42,68,4.6
11:23:34,1050,1.63,2.03,68,6.6
11:23:35,1051,1.63,1.67,68,5.5
11:23:36,1052,1.63,1.7,68,5.6
11:23:37,1053,1.63,1.23,68,4
11:23:38,1054,1.61,1.37,68,4.5
11:23:39,1055,1.61,1.28,68,4.2
11:23:40,1056,1.61,1.12,68,3.7
11:23:41,1057,1.63,1.72,68,5.6
11:23:42,1058,1.63,1.55,68,5.1
11:23:43,1059,1.63,2.13,68,6.9
11:23:44,1060,1.67,1.8,69,5.9
11:23:45,1061,1.66,1.44,69,4.7
11:23:46,1062,1.64,1.31,68,4.3
11:23:47,1063,1.63,1.44,68,4.7
11:23:48,1064,1.63,1.17,68,3.8
11:23:49,1065,1.63,1.09,68,3.6
11:23:50,1066,1.63,1.23,68,4
11:23:51,1067,1.63,0.94,68,3.1
11:23:52,1068,1.63,0.98,68,3.2
11:23:53,1069,1.63,0.75,68,2.5
11:23:54,1070,1.63,1.14,68,3.7
11:23:55,1071,1.64,1.25,68,4.1
11:23:56,1072,1.64,1.39,68,4.5
11:23:57,1073,1.67,1.14,69,3.7
11:23:58,1074,1.66,1.11,69,3.6
11:23:59,1075,1.64,1.09,68,3.6
11:24:00,1076,1.63,1.37,68,4.5
11:24:01,1077,1.63,1.03,68,3.4
11:24:02,1078,1.63,1.22,68,4
11:24:03,1079,1.63,0.88,68,2.9
11:24:04,1080,1.61,0.89,68,2.9
11:24:05,1081,1.59,0.72,67,2.4
11:24:06,1082,1.59,0.84,67,2.8
11:24:07,1083,1.59,0.98,67,3.2
11:24:08,1084,1.59,0.91,67,3
11:24:09,1085,1.59,0.95,67,3.1
11:24:10,1086,1.59,1.45,67,4.7
11:24:11,1087,1.59,0.91,67,3
11:24:12,1088,1.61,0.84,68,2.8
11:24:13,1089,1.61,0.88,68,2.9
11:24:14,1090,1.61,1,68,3.3
11:24:15,1091,1.59,0.72,67,2.4
11:24:16,1092,1.59,0.48,67,1.6
11:24:17,1093,1.59,0.47,67,1.6
11:24:18,1094,1.59,0.55,67,1.8
11:24:19,1095,1.58,0.58,67,1.9
11:24:20,1096,1.59,0.61,67,2
11:24:21,1097,1.59,0.67,67,2.2
11:24:22,1098,1.59,0.55,67,1.8
11:24:23,1099,1.59,0.44,67,1.5
11:24:24,1100,1.58,0.73,67,2.4
11:24:25,1101,1.59,0.86,67,2.8
11:24:26,1102,1.58,0.7,67,2.3
11:24:27,1103,1.58,0.64,67,2.1
11:24:28,1104,1.58,0.52,67,1.7
11:24:29,1105,1.58,0.47,67,1.6
11:24:30,1106,1.58,0.47,67,1.6
11:24:31,1107,1.56,0.41,66,1.4
11:24:32,1108,1.56,0.37,66,1.2
11:24:33,1109,1.56,0.37,66,1.2
11:24:34,1110,1.56,0.37,66,1.2
11:24:35,1111,1.55,0.37,66,1.2
11:24:36,1112,1.55,0.36,66,1.2
11:24:37,1113,1.56,0.41,66,1.4
11:24:38,1114,1.55,0.44,66,1.5
11:24:39,1115,1.56,0.53,66,1.8
11:24:40,1116,1.55,0.44,66,1.5
11:24:41,1117,1.53,0.41,66,1.4
11:24:42,1118,1.55,0.48,66,1.6
11:24:43,1119,1.55,0.48,66,1.6
11:24:44,1120,1.53,0.58,66,1.9
11:24:45,1121,1.53,0.36,66,1.2
11:24:46,1122,1.53,0.52,66,1.7
11:24:47,1123,1.52,0.37,65,1.2
11:24:48,1124,1.52,0.36,65,1.2
11:24:49,1125,1.52,0.33,65,1.1
11:24:50,1126,1.52,0.31,65,1.1
11:24:51,1127,1.52,0.44,65,1.5
11:24:52,1128,1.5,0.55,65,1.8
11:24:53,1129,1.5,0.53,65,1.8
11:24:54,1130,1.5,0.47,65,1.6
11:24:55,1131,1.5,0.42,65,1.4
11:24:56,1132,1.5,0.47,65,1.6
11:24:57,1133,1.48,0.41,65,1.4
11:24:58,1134,1.48,0.47,65,1.6
11:24:59,1135,1.48,0.47,65,1.6
11:25:00,1136,1.47,0.41,64,1.4
11:25:01,1137,1.47,0.44,64,1.5
11:25:02,1138,1.45,0.39,64,1.3
11:25:03,1139,1.45,0.37,64,1.2
11:25:04,1140,1.45,0.44,64,1.5
11:25:05,1141,1.44,0.41,64,1.4
11:25:06,1142,1.44,0.42,64,1.4
11:25:07,1143,1.44,0.31,64,1.1
11:25:08,1144,1.45,0.42,64,1.4
11:25:09,1145,1.44,0.42,64,1.4
11:25:10,1146,1.44,0.28,64,1
11:25:11,1147,1.44,0.28,64,1
11:25:12,1148,1.44,0.33,64,1.1
11:25:13,1149,1.42,0.34,63,1.1
11:25:14,1150,1.42,0.31,63,1.1
11:25:15,1151,1.42,0.31,63,1.1
11:25:16,1152,1.42,0.27,63,0.9
11:25:17,1153,1.41,0.27,63,0.9
11:25:18,1154,1.41,0.28,63,1
11:25:19,1155,1.41,0.27,63,0.9
11:25:20,1156,1.39,0.23,62,0.8
11:25:21,1157,1.39,0.31,62,1.1
11:25:22,1158,1.39,0.36,62,1.2
11:25:23,1159,1.37,0.41,62,1.4
11:25:24,1160,1.39,0.36,62,1.2
11:25:25,1161,1.37,0.41,62,1.4
11:25:26,1162,1.37,0.37,62,1.2
11:25:27,1163,1.36,0.31,62,1.1
11:25:28,1164,1.36,0.33,62,1.1
11:25:29,1165,1.36,0.28,62,1
11:25:30,1166,1.36,0.34,62,1.1
11:25:31,1167,1.36,0.3,62,1
11:25:32,1168,1.36,0.34,62,1.1
11:25:33,1169,1.36,0.25,62,0.9
11:25:34,1170,1.34,0.22,61,0.8
11:25:35,1171,1.34,0.22,61,0.8
11:25:36,1172,1.34,0.27,61,0.9
11:25:37,1173,1.34,0.25,61,0.9
11:25:38,1174,1.34,0.34,61,1.1
11:25:39,1175,1.34,0.27,61,0.9
11:25:40,1176,1.34,0.28,61,1
11:25:41,1177,1.34,0.2,61,0.7
11:25:42,1178,1.33,0.17,61,0.6
11:25:43,1179,1.33,0.17,61,0.6
11:25:44,1180,1.33,0.23,61,0.8
11:25:45,1181,1.31,0.2,60,0.7
11:25:46,1182,1.31,0.2,60,0.7
11:25:47,1183,1.31,0.2,60,0.7
11:25:48,1184,1.31,0.25,60,0.9
11:25:49,1185,1.3,0.25,60,0.9
11:25:50,1186,1.3,0.31,60,1.1
11:25:51,1187,1.3,0.28,60,1
11:25:52,1188,1.28,0.41,60,1.4
11:25:53,1189,1.28,0.23,60,0.8
11:25:54,1190,1.28,0.25,60,0.9
11:25:55,1191,1.28,0.3,60,1
11:25:56,1192,1.27,0.27,59,0.9
11:25:57,1193,1.27,0.22,59,0.8
11:25:58,1194,1.27,0.27,59,0.9
11:25:59,1195,1.27,0.22,59,0.8
11:26:00,1196,1.27,0.2,59,0.7
11:26:01,1197,1.27,0.27,59,0.9
11:26:02,1198,1.27,0.25,59,0.9
11:26:03,1199,1.25,0.3,59,1
11:26:04,1200,1.25,0.25,59,0.9
11:26:05,1201,1.25,0.23,59,0.8
11:26:06,1202,1.25,0.23,59,0.8
11:26:07,1203,1.2,0.22,58,0.8
11:26:08,1204,1.23,0.22,59,0.8
11:26:09,1205,1.23,0.22,59,0.8
11:26:10,1206,1.23,0.27,59,0.9
11:26:11,1207,1.23,0.27,59,0.9
11:26:12,1208,1.23,0.27,59,0.9
11:26:13,1209,1.22,0.23,58,0.8
11:26:14,1210,1.22,0.17,58,0.6
11:26:15,1211,1.2,0.16,58,0.6
11:26:16,1212,1.2,0.16,58,0.6
11:26:17,1213,1.19,0.2,58,0.7
11:26:18,1214,1.34,0.23,61,0.8
11:26:19,1215,1.19,0.22,58,0.8
11:26:20,1216,1.19,0.22,58,0.8
11:26:21,1217,1.19,0.2,58,0.7
11:26:22,1218,1.19,0.14,58,0.5
11:26:23,1219,1.19,0.22,58,0.8
11:26:24,1220,1.16,0.2,57,0.7
11:26:25,1221,1.17,0.2,57,0.7
11:26:26,1222,1.17,0.22,57,0.8
11:26:27,1223,1.17,0.2,57,0.7
11:26:28,1224,1.17,0.25,57,0.9
11:26:29,1225,1.17,0.19,57,0.7
11:26:30,1226,1.16,0.23,57,0.8
11:26:31,1227,1.16,0.2,57,0.7
11:26:32,1228,1.14,0.19,56,0.7
11:26:33,1229,1.14,0.28,56,1
11:26:34,1230,1.19,0.23,58,0.8
11:26:35,1231,1.14,0.19,56,0.7
11:26:36,1232,1.14,0.19,56,0.7
11:26:37,1233,1.14,0.16,56,0.6
11:26:38,1234,1.12,0.12,56,0.4
11:26:39,1235,1.12,0.11,56,0.4
11:26:40,1236,1.12,0.12,56,0.4
11:26:41,1237,1.12,0.14,56,0.5
11:26:42,1238,1.11,0.17,56,0.6
11:26:43,1239,1.11,0.16,56,0.6
11:26:44,1240,1.11,0.17,56,0.6
11:26:45,1241,1.11,0.14,56,0.5
11:26:46,1242,1.11,0.17,56,0.6
11:26:47,1243,1.09,0.14,55,0.5
11:26:48,1244,1.09,0.06,55,0.2
11:26:49,1245,1.08,0.02,55,0.1
11:26:50,1246,1.06,-0.05,54,-0.1
11:26:51,1247,1.06,0.02,54,0.1
11:26:52,1248,1.05,0.06,54,0.2
11:26:53,1249,1.06,0.11,54,0.4
11:26:54,1250,1.06,0.12,54,0.4
11:26:55,1251,1.06,0.11,54,0.4
11:26:56,1252,1.06,0.12,54,0.4
11:26:57,1253,1.05,0.08,54,0.3
11:26:58,1254,1.06,0.12,54,0.4
11:26:59,1255,1.05,0.12,54,0.4
11:27:00,1256,1.05,0.09,54,0.3
11:27:01,1257,1.05,0.17,54,0.6
11:27:02,1258,1.05,0.12,54,0.4
11:27:03,1259,1.03,0.11,54,0.4
11:27:04,1260,1.05,0.14,54,0.5
11:27:05,1261,1.03,0.19,54,0.7
11:27:06,1262,1.03,0.14,54,0.5
11:27:07,1263,1.03,0.11,54,0.4
11:27:08,1264,1.03,0.14,54,0.5
11:27:09,1265,1.03,0.16,54,0.6
11:27:10,1266,1.03,0.14,54,0.5
11:27:11,1267,1.02,0.25,53,0.9
11:27:12,1268,1.02,0.17,53,0.6
11:27:13,1269,1.02,0.16,53,0.6
11:27:14,1270,1,0.14,43,0.5
11:27:15,1271,1,0.2,43,0.7
11:27:16,1272,1,0.16,43,0.6
11:27:17,1273,1,0.14,43,0.5
11:27:18,1274,1,0.14,43,0.5
11:27:19,1275,1,0.16,43,0.6
11:27:20,1276,1,0.16,43,0.6
11:27:21,1277,1,0.14,43,0.5
11:27:22,1278,1,0.12,43,0.4
11:27:23,1279,0.98,0.14,43,0.5
11:27:24,1280,0.98,0.11,43,0.4
11:27:25,1281,0.98,0.12,43,0.4
11:27:26,1282,0.98,0.11,43,0.4
11:27:27,1283,0.98,0.08,43,0.3
11:27:28,1284,0.98,0.09,43,0.3
11:27:29,1285,0.97,0.08,43,0.3
11:27:30,1286,0.97,0.12,43,0.4
11:27:31,1287,0.97,0.11,43,0.4
11:27:32,1288,0.97,0.09,43,0.3
11:27:33,1289,0.97,0.09,43,0.3
11:27:34,1290,0.97,0.09,43,0.3
11:27:35,1291,0.97,0.09,43,0.3
11:27:36,1292,0.95,0.09,42,0.3
11:27:37,1293,0.95,0.09,42,0.3
11:27:38,1294,0.95,0.06,42,0.2
11:27:39,1295,0.95,0.06,42,0.2
11:27:40,1296,0.95,0.08,42,0.3
11:27:41,1297,0.95,0.09,42,0.3
11:27:42,1298,0.95,0.06,42,0.2
11:27:43,1299,0.95,0.14,42,0.5
11:27:44,1300,0.94,0.12,42,0.4
11:27:45,1301,0.94,0.09,42,0.3
11:27:46,1302,0.94,0.09,42,0.3
11:27:47,1303,0.94,0.08,42,0.3
11:27:48,1304,0.94,0.09,42,0.3
11:27:49,1305,0.94,0.09,42,0.3
11:27:50,1306,0.94,0.09,42,0.3
11:27:51,1307,0.94,0.08,42,0.3
11:27:52,1308,0.94,0.08,42,0.3
11:27:53,1309,0.94,0.12,42,0.4
11:27:54,1310,0.92,0.12,41,0.4
11:27:55,1311,0.92,0.11,41,0.4
11:27:56,1312,0.92,0.08,41,0.3
11:27:57,1313,0.91,0.08,41,0.3
11:27:58,1314,0.91,0.09,41,0.3
11:27:59,1315,0.91,0.08,41,0.3
11:28:00,1316,0.91,0.09,41,0.3
11:28:01,1317,0.91,0.09,41,0.3
11:28:02,1318,0.91,0.05,41,0.2
11:28:03,1319,0.89,0.08,41,0.3
11:28:04,1320,0.89,0.09,41,0.3
11:28:05,1321,0.88,0.09,40,0.3
11:28:06,1322,0.89,0.08,41,0.3
11:28:07,1323,0.89,0.09,41,0.3
11:28:08,1324,0.89,0.06,41,0.2
11:28:09,1325,0.88,0.09,40,0.3
11:28:10,1326,0.89,0.09,41,0.3
11:28:11,1327,0.89,0.09,41,0.3
11:28:12,1328,0.88,0.06,40,0.2
11:28:13,1329,0.88,0.09,40,0.3
11:28:14,1330,0.88,0.16,40,0.6
11:28:15,1331,0.88,0.09,40,0.3
11:28:16,1332,0.88,0.11,40,0.4
11:28:17,1333,0.88,0.09,40,0.3
11:28:18,1334,0.88,0.11,40,0.4
11:28:19,1335,0.86,0.08,40,0.3
11:28:20,1336,0.86,0.06,40,0.2
11:28:21,1337,0.86,0.06,40,0.2
11:28:22,1338,0.86,0.08,40,0.3
11:28:23,1339,0.86,0.08,40,0.3
11:28:24,1340,0.86,0.08,40,0.3
11:28:25,1341,0.86,0.09,40,0.3
11:28:26,1342,0.86,0.09,40,0.3
11:28:27,1343,0.84,0.08,39,0.3
11:28:28,1344,0.84,0.11,39,0.4
11:28:29,1345,0.84,0.08,39,0.3
11:28:30,1346,0.84,0.08,39,0.3
11:28:31,1347,0.84,0.08,39,0.3
11:28:32,1348,0.84,0.12,39,0.4
11:28:33,1349,0.84,0.09,39,0.3
11:28:34,1350,0.84,0.14,39,0.5
11:28:35,1351,0.84,0.12,39,0.4
11:28:36,1352,0.84,0.11,39,0.4
11:28:37,1353,0.84,0.22,39,0.8
11:28:38,1354,0.81,0.11,39,0.4
11:28:39,1355,0.81,0.17,39,0.6
11:28:40,1356,0.84,0.11,39,0.4
11:28:41,1357,0.84,0.11,39,0.4
11:28:42,1358,0.83,0.09,39,0.3
11:28:43,1359,0.83,0.09,39,0.3
11:28:44,1360,0.83,0.09,39,0.3
11:28:45,1361,0.83,0.09,39,0.3
11:28:46,1362,0.83,0.09,39,0.3
11:28:47,1363,0.83,0.09,39,0.3
11:28:48,1364,0.83,0.11,39,0.4
11:28:49,1365,0.83,0.12,39,0.4
11:28:50,1366,0.83,0.11,39,0.4
11:28:51,1367,0.83,0.11,39,0.4
11:28:52,1368,0.81,0.09,39,0.3
11:28:53,1369,0.81,0.11,39,0.4
11:28:54,1370,0.81,0.11,39,0.4
11:28:55,1371,0.81,0.11,39,0.4
11:28:56,1372,0.81,0.11,39,0.4
11:28:57,1373,0.81,0.12,39,0.4
11:28:58,1374,0.81,0.09,39,0.3
11:28:59,1375,0.8,0.11,38,0.4
11:29:00,1376,0.8,0.08,38,0.3
11:29:01,1377,0.8,0.03,38,0.1
11:29:02,1378,0.8,0.02,38,0.1
11:29:03,1379,0.78,0.02,38,0.1
11:29:04,1380,0.78,0.05,38,0.2
11:29:05,1381,0.78,0.05,38,0.2
11:29:06,1382,0.78,0.06,38,0.2
11:29:07,1383,0.78,0.08,38,0.3
11:29:08,1384,0.78,0.08,38,0.3
11:29:09,1385,0.78,0.05,38,0.2
11:29:10,1386,0.78,-0.02,38,0
11:29:11,1387,0.77,-0.03,38,0
11:29:12,1388,0.78,0.05,38,0.2
11:29:13,1389,0.75,-0.05,37,-0.1
11:29:14,1390,0.75,-0.06,37,-0.1
11:29:15,1391,0.75,-0.05,37,-0.1
11:29:16,1392,0.75,0.02,37,0.1
11:29:17,1393,0.75,-0.02,37,0
11:29:18,1394,0.73,-0.06,37,-0.1
11:29:19,1395,0.75,0.02,37,0.1
11:29:20,1396,0.73,-0.06,37,-0.1
11:29:21,1397,0.72,-0.08,36,-0.2
11:29:22,1398,0.72,-0.05,36,-0.1
11:29:23,1399,0.72,-0.09,36,-0.2
11:29:24,1400,0.7,-0.11,36,-0.3
11:29:25,1401,0.69,-0.11,36,-0.3
11:29:26,1402,0.67,-0.3,35,-0.9
11:29:27,1403,0.67,-0.36,35,-1.1
11:29:28,1404,0.67,-0.37,35,-1.2
11:29:29,1405,0.66,-0.39,35,-1.2
11:29:30,1406,0.66,-0.39,35,-1.2
11:29:31,1407,0.64,-0.44,35,-1.4
11:29:32,1408,0.63,-0.42,34,-1.3
11:29:33,1409,0.63,-0.5,34,-1.6
11:29:34,1410,0.61,-0.41,34,-1.3
11:29:35,1411,0.59,-0.36,33,-1.1
11:29:36,1412,0.59,-0.42,33,-1.3
11:29:37,1413,0.59,-0.37,33,-1.2
11:29:38,1414,0.58,-0.37,33,-1.2
11:29:39,1415,0.58,-0.39,33,-1.2
11:29:40,1416,0.56,-0.47,33,-1.5
11:29:41,1417,0.56,-0.42,33,-1.3
11:29:42,1418,0.55,-0.45,32,-1.4
11:29:43,1419,0.55,-0.41,32,-1.3
11:29:44,1420,0.55,-0.45,32,-1.4
11:29:45,1421,0.53,-0.48,32,-1.5
11:29:46,1422,0.53,-0.41,32,-1.3
11:29:47,1423,0.52,-0.39,32,-1.2
11:29:48,1424,0.52,-0.28,32,-0.9
11:29:49,1425,0.52,-0.27,32,-0.8
11:29:50,1426,0.52,-0.23,32,-0.7
11:29:51,1427,0.52,-0.19,32,-0.6
11:29:52,1428,0.52,-0.19,32,-0.6
11:29:53,1429,0.52,-0.22,32,-0.7
11:29:54,1430,0.52,-0.22,32,-0.7
11:29:55,1431,0.52,-0.17,32,-0.5
11:29:56,1432,0.5,-0.22,31,-0.7
11:29:57,1433,0.5,-0.14,31,-0.4
11:29:58,1434,0.5,-0.2,31,-0.6
11:29:59,1435,0.5,-0.2,31,-0.6
11:30:00,1436,0.5,-0.17,31,-0.5
11:30:01,1437,0.48,-0.19,31,-0.6
11:30:02,1438,0.48,-0.23,31,-0.7
11:30:03,1439,0.48,-0.2,31,-0.6
11:30:04,1440,0.48,-0.22,31,-0.7
11:30:05,1441,0.48,-0.3,31,-0.9
11:30:06,1442,0.47,-0.25,30,-0.8
11:30:07,1443,0.47,-0.25,30,-0.8
11:30:08,1444,0.47,-0.3,30,-0.9
11:30:09,1445,0.45,-0.23,30,-0.7
11:30:10,1446,0.45,-0.25,30,-0.8
11:30:11,1447,0.45,-0.31,30,-1
11:30:12,1448,0.45,-0.3,30,-0.9
11:30:13,1449,0.44,-0.2,30,-0.6
11:30:14,1450,0.44,-0.22,30,-0.7
11:30:15,1451,0.44,-0.2,30,-0.6
11:30:16,1452,0.44,-0.28,30,-0.9
11:30:17,1453,0.44,-0.25,30,-0.8
11:30:18,1454,0.44,-0.3,30,-0.9
11:30:19,1455,0.42,-0.37,29,-1.2
11:30:20,1456,0.41,-0.17,29,-0.5
11:30:21,1457,0.41,-0.12,29,-0.3
11:30:22,1458,0.41,-0.23,29,-0.7
11:30:23,1459,0.41,-0.2,29,-0.6
11:30:24,1460,0.41,-0.16,29,-0.5
11:30:25,1461,0.41,-0.17,29,-0.5
11:30:26,1462,0.39,-0.17,28,-0.5
11:30:27,1463,0.39,-0.17,28,-0.5
11:30:28,1464,0.39,-0.2,28,-0.6
11:30:29,1465,0.39,-0.17,28,-0.5
11:30:30,1466,0.39,-0.22,28,-0.7
11:30:31,1467,0.39,-0.2,28,-0.6
11:30:32,1468,0.39,-0.27,28,-0.8
11:30:33,1469,0.37,-0.22,28,-0.7
11:30:34,1470,0.37,-0.25,28,-0.8
11:30:35,1471,0.37,-0.3,28,-0.9
11:30:36,1472,0.37,-0.22,28,-0.7
11:30:37,1473,0.37,-0.3,28,-0.9
11:30:38,1474,0.37,-0.25,28,-0.8
11:30:39,1475,0.37,-0.25,28,-0.8
11:30:40,1476,0.36,-0.27,28,-0.8
11:30:41,1477,0.36,-0.28,28,-0.9
11:30:42,1478,0.36,-0.25,28,-0.8
11:30:43,1479,0.36,-0.3,28,-0.9
11:30:44,1480,0.34,-0.23,27,-0.7
11:30:45,1481,0.34,-0.2,27,-0.6
11:30:46,1482,0.34,-0.31,27,-1
11:30:47,1483,0.34,-0.28,27,-0.9
11:30:48,1484,0.34,-0.25,27,-0.8
11:30:49,1485,0.34,-0.27,27,-0.8
11:30:50,1486,0.34,-0.31,27,-1
11:30:51,1487,0.34,-0.2,27,-0.6
11:30:52,1488,0.34,-0.19,27,-0.6
11:30:53,1489,0.34,-0.17,27,-0.5
11:30:54,1490,0.34,-0.14,27,-0.4
11:30:55,1491,0.34,-0.19,27,-0.6
11:30:56,1492,0.34,-0.22,27,-0.7
11:30:57,1493,0.34,-0.19,27,-0.6
11:30:58,1494,0.33,-0.22,27,-0.7
11:30:59,1495,0.33,-0.19,27,-0.6
11:31:00,1496,0.33,-0.27,27,-0.8
11:31:01,1497,0.33,-0.37,27,-1.2
11:31:02,1498,0.31,-0.25,26,-0.8
11:31:03,1499,0.33,-0.27,27,-0.8
11:31:04,1500,0.31,-0.22,26,-0.7
11:31:05,1501,0.33,-0.23,27,-0.7
11:31:06,1502,0.31,-0.2,26,-0.6
11:31:07,1503,0.31,-0.25,26,-0.8
11:31:08,1504,0.31,-0.33,26,-1
11:31:09,1505,0.3,-0.23,26,-0.7
11:31:10,1506,0.31,-0.3,26,-0.9
11:31:11,1507,0.3,-0.34,26,-1.1
11:31:12,1508,0.3,-0.31,26,-1
11:31:13,1509,0.3,-0.31,26,-1
11:31:14,1510,0.3,-0.31,26,-1
11:31:15,1511,0.3,-0.23,26,-0.7
11:31:16,1512,0.3,-0.23,26,-0.7
11:31:17,1513,0.3,-0.17,26,-0.5
11:31:18,1514,0.3,-0.19,26,-0.6
11:31:19,1515,0.28,-0.23,26,-0.7
11:31:20,1516,0.3,-0.25,26,-0.8
11:31:21,1517,0.3,-0.28,26,-0.9
11:31:22,1518,0.3,-0.27,26,-0.8
11:31:23,1519,0.3,-0.3,26,-0.9
11:31:24,1520,0.28,-0.23,26,-0.7
11:31:25,1521,0.28,-0.3,26,-0.9
11:31:26,1522,0.28,-0.36,26,-1.1
11:31:27,1523,0.28,-0.19,26,-0.6
11:31:28,1524,0.28,-0.22,26,-0.7
11:31:29,1525,0.28,-0.3,26,-0.9
11:31:30,1526,0.27,-0.23,25,-0.7
11:31:31,1527,0.27,-0.19,25,-0.6
11:31:32,1528,0.27,-0.17,25,-0.5
11:31:33,1529,0.27,-0.12,25,-0.3
11:31:34,1530,0.28,-0.2,26,-0.6
11:31:35,1531,0.27,-0.25,25,-0.8
11:31:36,1532,0.25,-0.23,25,-0.7
11:31:37,1533,0.25,-0.2,25,-0.6
11:31:38,1534,0.25,-0.19,25,-0.6
11:31:39,1535,0.25,-0.27,25,-0.8
11:31:40,1536,0.25,-0.3,25,-0.9
11:31:41,1537,0.25,-0.27,25,-0.8
11:31:42,1538,0.25,-0.23,25,-0.7
11:31:43,1539,0.25,-0.25,25,-0.8
11:31:44,1540,0.25,-0.2,25,-0.6
11:31:45,1541,0.25,-0.22,25,-0.7
11:31:46,1542,0.25,-0.2,25,-0.6
11:31:47,1543,0.23,-0.23,24,-0.7
11:31:48,1544,0.23,-0.16,24,-0.5
11:31:49,1545,0.23,-0.23,24,-0.7
11:31:50,1546,0.23,-0.28,24,-0.9
11:31:51,1547,0.23,-0.23,24,-0.7
11:31:52,1548,0.23,-0.28,24,-0.9
11:31:53,1549,0.23,-0.31,24,-1
11:31:54,1550,0.23,-0.33,24,-1
11:31:55,1551,0.23,-0.27,24,-0.8
11:31:56,1552,0.22,-0.23,24,-0.7
11:31:57,1553,0.23,-0.19,24,-0.6
11:31:58,1554,0.23,-0.2,24,-0.6
11:31:59,1555,0.22,-0.17,24,-0.5
11:32:00,1556,0.22,-0.23,24,-0.7
11:32:01,1557,0.23,-0.2,24,-0.6
11:32:02,1558,0.22,-0.23,24,-0.7
11:32:03,1559,0.22,-0.17,24,-0.5
11:32:04,1560,0.23,-0.22,24,-0.7
11:32:05,1561,0.22,-0.45,24,-1.4
11:32:06,1562,0.22,-0.23,24,-0.7
11:32:07,1563,0.22,-0.25,24,-0.8
11:32:08,1564,0.2,-0.31,24,-1
11:32:09,1565,0.22,-0.3,24,-0.9
11:32:10,1566,0.19,-0.22,23,-0.7
11:32:11,1567,0.19,-0.16,23,-0.5
11:32:12,1568,0.2,-0.19,24,-0.6
11:32:13,1569,0.2,-0.14,24,-0.4
11:32:14,1570,0.2,-0.22,24,-0.7
11:32:15,1571,0.2,-0.17,24,-0.5
11:32:16,1572,0.2,-0.19,24,-0.6
11:32:17,1573,0.2,-0.22,24,-0.7
11:32:18,1574,0.19,-0.14,23,-0.4
11:32:19,1575,0.2,-0.22,24,-0.7
11:32:20,1576,0.2,-0.25,24,-0.8
11:32:21,1577,0.2,-0.23,24,-0.7
11:32:22,1578,0.2,-0.16,24,-0.5
11:32:23,1579,0.19,-0.14,23,-0.4
11:32:24,1580,0.19,-0.14,23,-0.4
11:32:25,1581,0.2,-0.14,24,-0.4
11:32:26,1582,0.19,-0.16,23,-0.5
11:32:27,1583,0.2,-0.3,24,-0.9
11:32:28,1584,0.19,-0.25,23,-0.8
11:32:29,1585,0.2,-0.25,24,-0.8
11:32:30,1586,0.2,-0.2,24,-0.6
11:32:31,1587,0.2,-0.28,24,-0.9
11:32:32,1588,0.2,-0.27,24,-0.8
11:32:33,1589,0.2,-0.22,24,-0.7
11:32:34,1590,0.22,-0.19,24,-0.6
11:32:35,1591,0.2,-0.16,24,-0.5
11:32:36,1592,0.2,-0.17,24,-0.5
11:32:37,1593,0.22,-0.14,24,-0.4
11:32:38,1594,0.22,-0.19,24,-0.6
11:32:39,1595,0.22,-0.22,24,-0.7
11:32:40,1596,0.22,-0.16,24,-0.5
11:32:41,1597,0.22,-0.16,24,-0.5
11:32:42,1598,0.22,-0.2,24,-0.6
11:32:43,1599,0.22,-0.16,24,-0.5
11:32:44,1600,0.22,-0.14,24,-0.4
11:32:45,1601,0.2,-0.14,24,-0.4
11:32:46,1602,0.22,-0.12,24,-0.3
11:32:47,1603,0.2,-0.14,24,-0.4
11:32:48,1604,0.22,-0.14,24,-0.4
11:32:49,1605,0.22,-0.09,24,-0.2
11:32:50,1606,0.22,-0.08,24,-0.2
11:32:51,1607,0.22,-0.12,24,-0.3
11:32:52,1608,0.22,-0.16,24,-0.5
11:32:53,1609,0.22,-0.17,24,-0.5
11:32:54,1610,0.22,-0.17,24,-0.5
11:32:55,1611,0.22,-0.14,24,-0.4
11:32:56,1612,0.22,-0.09,24,-0.2
11:32:57,1613,0.22,-0.09,24,-0.2
11:32:58,1614,0.23,-0.09,24,-0.2
11:32:59,1615,0.23,-0.12,24,-0.3
11:33:00,1616,0.23,-0.16,24,-0.5
11:33:01,1617,0.23,-0.2,24,-0.6
11:33:02,1618,0.23,-0.2,24,-0.6
11:33:03,1619,0.23,-0.2,24,-0.6
11:33:04,1620,0.23,-0.22,24,-0.7