s,kW,kW,kW,kW,kW,kW,kW,kW,kW,kW,kg/s
Time,HRR,Q_RADI,Q_CONV,Q_COND,Q_DIFF,Q_PRES,Q_PART,Q_GEOM,Q_ENTH,Q_TOTAL,BURN_RATE
 0.0000000E+000, 0.0000000E+000, 0.0000000E+000, 0.0000000E+000, 0.0000000E+000,-2.7894861E-003, 0.0000000E+000, 0.0000000E+000, 0.0000000E+000, 0.0000000E+000,-2.7894861E-003, 3.7728344E-003
 1.0000000E+000, 3.6438666E+002,-1.2653242E+002,-7.5841908E+001,-6.8504374E+000,-3.2923465E-002, 0.0000000E+000, 0.0000000E+000, 0.0000000E+000, 4.0265250E+002, 1.5512897E+002, 3.1494059E-002
 2.0130801E+000, 1.1661018E+003,-3.9327419E+002,-4.6926509E+002,-1.4686531E+001,-1.9487655E-001, 0.0000000E+000, 0.0000000E+000, 0.0000000E+000, 1.6460060E+001, 2.8868113E+002, 8.3907056E-002
 3.0033710E+000, 2.0248798E+003,-6.7340971E+002,-1.1608897E+003,-4.6314350E+001,-3.5777571E-001, 0.0000000E+000, 0.0000000E+000, 0.0000000E+000, 3.6091061E+001, 1.4390824E+002, 1.3570233E-001
 4.0022116E+000, 2.6896891E+003,-9.1125400E+002,-1.5086452E+003,-1.0941113E+002,-5.7388602E-001, 0.0000000E+000, 0.0000000E+000, 0.0000000E+000, 5.9454595E+001, 1.5980487E+002, 1.8529666E-001
 5.0054011E+000, 3.6006529E+003,-1.2184345E+003,-2.1283921E+003,-1.5000545E+002,-6.9316762E-001, 0.0000000E+000, 0.0000000E+000, 0.0000000E+000, 6.5884453E+001, 1.0312768E+002, 2.3201436E-001
 6.0017290E+000, 4.4572564E+003,-1.5143444E+003,-2.5806231E+003,-2.1634802E+002,-7.9735770E-001, 0.0000000E+000, 0.0000000E+000, 0.0000000E+000, 1.0652914E+002, 1.4514353E+002, 2.7501459E-001
 7.0019078E+000, 5.0408266E+003,-1.7410039E+003,-2.9476782E+003,-2.8718460E+002,-9.2020449E-001, 0.0000000E+000, 0.0000000E+000, 0.0000000E+000, 1.2000992E+002, 6.4039726E+001, 3.1389291E-001
 8.0023565E+000, 5.4947862E+003,-1.9776764E+003,-3.1017186E+003,-3.6219011E+002,-1.0844357E+000, 0.0000000E+000, 0.0000000E+000, 0.0000000E+000, 8.8627770E+001, 5.2116642E+001, 3.4867096E-001
 9.0010452E+000, 6.1104983E+003,-2.2589847E+003,-3.2859287E+003,-4.4533034E+002,-1.3745861E+000, 0.0000000E+000, 0.0000000E+000, 0.0000000E+000, 1.0846837E+002, 1.1887995E+002, 3.7930552E-001
 1.0000106E+001, 6.1248237E+003,-2.3907018E+003,-3.0963879E+003,-5.0953086E+002,-1.5967570E+000, 0.0000000E+000, 0.0000000E+000, 0.0000000E+000, 1.3587452E+002, 1.2660633E+002, 4.0600891E-001
 1.1001385E+001, 6.9306939E+003,-2.8393715E+003,-3.4004139E+003,-5.7069949E+002,-1.4898133E+000, 0.0000000E+000, 0.0000000E+000, 0.0000000E+000, 1.4549348E+002, 1.1871918E+002, 4.2903806E-001
 1.2002920E+001, 7.1364726E+003,-3.1264611E+003,-3.3024590E+003,-6.1298292E+002,-1.5273520E+000, 0.0000000E+000, 0.0000000E+000, 0.0000000E+000, 1.1952766E+002, 9.3042187E+001, 4.4879368E-001
 1.3000172E+001, 7.3023635E+003,-3.2471858E+003,-3.3005040E+003,-6.2782027E+002,-1.4601704E+000, 0.0000000E+000, 0.0000000E+000, 0.0000000E+000, 1.0297607E+002, 1.2539325E+002, 4.6553570E-001
 1.4000660E+001, 7.8323666E+003,-3.6737420E+003,-3.3741005E+003,-6.5298503E+002,-1.4986276E+000, 0.0000000E+000, 0.0000000E+000, 0.0000000E+000, 1.3881645E+002, 1.3004040E+002, 4.7965081E-001
 1.5000122E+001, 8.3813572E+003,-4.0206428E+003,-3.5544544E+003,-6.9931723E+002,-1.5859795E+000, 0.0000000E+000, 0.0000000E+000, 0.0000000E+000, 1.0144282E+002, 1.0535680E+002, 4.9152349E-001
 1.6001650E+001, 7.8009237E+003,-3.9485439E+003,-3.0740088E+003,-7.0402960E+002,-1.8561448E+000, 0.0000000E+000, 0.0000000E+000, 0.0000000E+000, 7.6609712E+001, 7.2485172E+001, 5.0146320E-001
 1.7003225E+001, 8.2676582E+003,-4.1757241E+003,-3.3047414E+003,-7.0635034E+002,-1.6191190E+000, 0.0000000E+000, 0.0000000E+000, 0.0000000E+000, 8.6809520E+001, 7.9223250E+001, 5.0974471E-001
 1.8002346E+001, 8.6986096E+003,-4.3231670E+003,-3.5990810E+003,-7.3713065E+002,-1.7604024E+000, 0.0000000E+000, 0.0000000E+000, 0.0000000E+000, 4.2242386E+001, 3.7470509E+001, 5.1661131E-001
 1.9003590E+001, 7.8952785E+003,-4.1807303E+003,-2.8793804E+003,-7.2694993E+002,-1.5895566E+000, 0.0000000E+000, 0.0000000E+000, 0.0000000E+000, 1.2081925E+002, 1.0662830E+002, 5.2230775E-001
 2.0000738E+001, 8.9310276E+003,-4.7576944E+003,-3.2394924E+003,-7.6131357E+002,-2.0375456E+000, 0.0000000E+000, 0.0000000E+000, 0.0000000E+000, 1.1389825E+002, 1.7048969E+002, 5.2700771E-001
 2.1004660E+001, 8.5463572E+003,-4.4993297E+003,-3.2874872E+003,-7.6451067E+002,-2.1301136E+000, 0.0000000E+000, 0.0000000E+000, 0.0000000E+000, 2.2222102E+001,-7.1004886E+000, 5.3089002E-001
 2.2001898E+001, 8.6827934E+003,-4.8016244E+003,-2.8379770E+003,-7.7588915E+002,-1.8488199E+000, 0.0000000E+000, 0.0000000E+000, 0.0000000E+000, 1.9890935E+002, 2.6545399E+002, 5.3409437E-001
 2.3004593E+001, 7.7434644E+003,-4.7801010E+003,-2.2159516E+003,-7.7353151E+002,-1.9256463E+000, 0.0000000E+000, 0.0000000E+000, 0.0000000E+000, 4.2566446E+001,-2.8045257E+001, 5.3672738E-001
 2.4002796E+001, 6.8584071E+003,-4.4402342E+003,-1.6212989E+003,-7.3571780E+002,-1.7699744E+000, 0.0000000E+000, 0.0000000E+000, 0.0000000E+000, 2.3905705E+001, 5.9386195E+001, 5.3889766E-001
 2.5002649E+001, 7.7822365E+003,-4.6330465E+003,-2.2421328E+003,-7.1444933E+002,-1.5652546E+000, 0.0000000E+000, 0.0000000E+000, 0.0000000E+000, 1.4382271E+002, 1.9104264E+002, 5.4067391E-001
 2.6002722E+001, 7.9438247E+003,-4.7531294E+003,-2.2697085E+003,-7.4320188E+002,-1.4893015E+000, 0.0000000E+000, 0.0000000E+000, 0.0000000E+000, 1.0613774E+002, 1.7629562E+002, 5.4213450E-001
 2.7001305E+001, 6.6968930E+003,-4.3059973E+003,-1.7326092E+003,-7.2002981E+002,-1.4552259E+000, 0.0000000E+000, 0.0000000E+000, 0.0000000E+000,-4.1259654E+001,-6.3198546E+001, 5.4333245E-001
 2.8001114E+001, 7.4670508E+003,-4.3525983E+003,-2.2891459E+003,-7.1832852E+002,-1.3944948E+000, 0.0000000E+000, 0.0000000E+000, 0.0000000E+000, 1.1156346E+002, 1.0558359E+002, 5.4431535E-001
 2.9005762E+001, 6.1000075E+003,-3.9655862E+003,-1.4528590E+003,-7.3188222E+002,-1.1299888E+000, 0.0000000E+000, 0.0000000E+000, 0.0000000E+000,-9.1718253E+001,-5.1449888E+001, 5.4512345E-001
 3.0002190E+001, 6.0162394E+003,-3.7692924E+003,-1.5202655E+003,-7.1459154E+002,-1.2655403E+000, 0.0000000E+000, 0.0000000E+000, 0.0000000E+000, 8.2642810E+000, 1.0824362E+001, 5.4578510E-001
 3.1002529E+001, 6.9062299E+003,-3.9064755E+003,-2.2278089E+003,-7.1230202E+002,-1.1260701E+000, 0.0000000E+000, 0.0000000E+000, 0.0000000E+000, 5.8897825E+001, 5.8517376E+001, 5.4632587E-001
 3.2003147E+001, 7.0257474E+003,-3.9522046E+003,-2.2762158E+003,-7.0750131E+002,-1.0392728E+000, 0.0000000E+000, 0.0000000E+000, 0.0000000E+000, 5.1339030E+001, 8.8786438E+001, 5.4677010E-001
 3.3000851E+001, 6.7241713E+003,-3.8371952E+003,-2.1856215E+003,-7.1230843E+002,-1.3219329E+000, 0.0000000E+000, 0.0000000E+000, 0.0000000E+000,-4.0655862E+001,-1.2275800E+001, 5.4713357E-001
 3.4000332E+001, 7.1541290E+003,-3.8105356E+003,-2.5880982E+003,-7.0338129E+002,-1.0844599E+000, 0.0000000E+000, 0.0000000E+000, 0.0000000E+000, 6.2746331E+001, 5.1029424E+001, 5.4743133E-001
 3.5001560E+001, 6.2115091E+003,-3.6049154E+003,-1.8957951E+003,-7.0044268E+002,-1.0264389E+000, 0.0000000E+000, 0.0000000E+000, 0.0000000E+000,-3.1403844E+001, 9.3294678E+000, 5.4767572E-001
 3.6004765E+001, 7.7890700E+003,-4.0520396E+003,-2.9011548E+003,-6.9862938E+002,-1.0190418E+000, 0.0000000E+000, 0.0000000E+000, 0.0000000E+000, 1.2188904E+002, 1.3622725E+002, 5.4787628E-001
 3.7003841E+001, 6.5331510E+003,-3.6695610E+003,-2.2298958E+003,-6.9089188E+002,-1.0399154E+000, 0.0000000E+000, 0.0000000E+000, 0.0000000E+000,-3.4915476E+001,-5.8237662E+001, 5.4804027E-001
 3.8002163E+001, 5.7568344E+003,-3.3866569E+003,-1.6450533E+003,-6.7229847E+002,-1.0423709E+000, 0.0000000E+000, 0.0000000E+000, 0.0000000E+000,-1.7405466E+001, 5.1783375E+001, 5.4817422E-001
 3.9003670E+001, 6.8118861E+003,-3.7374623E+003,-2.3538590E+003,-6.4957069E+002,-9.6888219E-001, 0.0000000E+000, 0.0000000E+000, 0.0000000E+000, 7.5493129E+001, 7.0025253E+001, 5.4828406E-001
 4.0000362E+001, 6.6660001E+003,-3.6326426E+003,-2.3985910E+003,-6.5462438E+002,-9.6829214E-001, 0.0000000E+000, 0.0000000E+000, 0.0000000E+000,-2.0657713E+001,-2.0826155E+001, 5.4837386E-001
 4.1004803E+001, 6.5902634E+003,-3.6281525E+003,-2.2751723E+003,-6.4124634E+002,-8.3190686E-001, 0.0000000E+000, 0.0000000E+000, 0.0000000E+000, 3.0023518E+001, 4.4860418E+001, 5.5882499E-001
 4.2001659E+001, 7.4894006E+003,-3.9194380E+003,-2.8636895E+003,-6.4668580E+002,-9.9381059E-001, 0.0000000E+000, 0.0000000E+000, 0.0000000E+000, 7.2184279E+001, 5.8593458E+001, 5.7923612E-001
 4.3005051E+001, 7.0725680E+003,-3.8137363E+003,-2.4970111E+003,-6.5236748E+002,-1.0091787E+000, 0.0000000E+000, 0.0000000E+000, 0.0000000E+000, 5.7819656E+001, 1.0844399E+002, 5.9903888E-001
 4.4002174E+001, 6.5646103E+003,-3.7043983E+003,-2.2190961E+003,-6.5594276E+002,-8.8876476E-001, 0.0000000E+000, 0.0000000E+000, 0.0000000E+000, 3.9155631E+000,-1.5715608E+001, 6.1789623E-001
 4.5001171E+001, 5.5188984E+003,-3.4030328E+003,-1.4886179E+003,-6.5817046E+002,-1.0402730E+000, 0.0000000E+000, 0.0000000E+000, 0.0000000E+000,-2.6701713E+001,-3.1963004E+001, 6.3549464E-001
 4.6002022E+001, 5.3333442E+003,-3.2711197E+003,-1.4152656E+003,-6.2988981E+002,-8.0800243E-001, 0.0000000E+000, 0.0000000E+000, 0.0000000E+000, 5.4271130E+001, 1.6261043E+001, 6.5169760E-001
 4.7002365E+001, 5.8271774E+003,-3.3289649E+003,-1.9100000E+003,-5.9741497E+002,-7.2497617E-001, 0.0000000E+000, 0.0000000E+000, 0.0000000E+000,-3.5664896E+001,-9.9274633E+000, 6.6633728E-001
 4.8002167E+001, 6.1317203E+003,-3.3257902E+003,-2.2000543E+003,-5.8766455E+002,-7.1728932E-001, 0.0000000E+000, 0.0000000E+000, 0.0000000E+000, 4.3123570E+001, 1.7493922E+001, 6.7943269E-001
 4.9000751E+001, 6.1000368E+003,-3.3343515E+003,-2.1173260E+003,-5.9225803E+002,-7.2325518E-001, 0.0000000E+000, 0.0000000E+000, 0.0000000E+000, 1.1342109E+001, 5.5378033E+001, 6.9093365E-001
 5.0003849E+001, 5.9701053E+003,-3.2830448E+003,-2.0848332E+003,-5.8883613E+002,-7.7914434E-001, 0.0000000E+000, 0.0000000E+000, 0.0000000E+000, 5.9328865E-001, 1.2611958E+001, 7.0097350E-001
 5.1001259E+001, 6.2865969E+003,-3.3174094E+003,-2.3842085E+003,-5.6698366E+002,-8.1120307E-001, 0.0000000E+000, 0.0000000E+000, 0.0000000E+000, 2.1565734E+001, 1.7184137E+001, 7.0962944E-001
 5.2001534E+001, 7.0613929E+003,-3.4847735E+003,-2.9105255E+003,-5.7172738E+002,-7.9105382E-001, 0.0000000E+000, 0.0000000E+000, 0.0000000E+000, 6.0044465E+001, 9.3575517E+001, 7.1702088E-001
 5.3003822E+001, 8.2845034E+003,-3.8599160E+003,-3.7614688E+003,-5.7336446E+002,-9.1028482E-001, 0.0000000E+000, 0.0000000E+000, 0.0000000E+000, 1.0365527E+002, 8.8843859E+001, 7.2331147E-001
 5.4003647E+001, 8.3688717E+003,-3.8922937E+003,-3.8370476E+003,-5.7469398E+002,-1.0869278E+000, 0.0000000E+000, 0.0000000E+000, 0.0000000E+000, 3.6460380E+001, 6.3749456E+001, 7.2862211E-001
 5.5004253E+001, 8.9277506E+003,-4.1819980E+003,-4.1281794E+003,-5.7864164E+002,-9.1291946E-001, 0.0000000E+000, 0.0000000E+000, 0.0000000E+000, 3.1947682E+001, 3.8018711E+001, 7.3307773E-001
 5.6004330E+001, 7.8240506E+003,-3.8125639E+003,-3.4639285E+003,-5.6358685E+002,-8.1390306E-001, 0.0000000E+000, 0.0000000E+000, 0.0000000E+000, 4.1384550E+000,-1.6842580E+001, 7.3680815E-001
 5.7005100E+001, 7.4164225E+003,-3.6655196E+003,-3.1851733E+003,-5.4636702E+002,-7.8635783E-001, 0.0000000E+000, 0.0000000E+000, 0.0000000E+000,-7.7648304E+000, 1.8576168E+001, 7.3991736E-001
 5.8001526E+001, 9.0337470E+003,-4.1165720E+003,-4.2779010E+003,-5.2562666E+002,-7.5640586E-001, 0.0000000E+000, 0.0000000E+000, 0.0000000E+000, 9.6450398E+001, 1.1289087E+002, 7.4249150E-001
 5.9002796E+001, 8.8650585E+003,-4.1106422E+003,-4.2247246E+003,-5.3526997E+002,-1.1129367E+000, 0.0000000E+000, 0.0000000E+000, 0.0000000E+000,-1.0008115E+001,-6.6913026E+000, 7.4462565E-001
 6.0002663E+001, 8.8063209E+003,-4.0616123E+003,-4.1790056E+003,-5.2348893E+002,-8.4080537E-001, 0.0000000E+000, 0.0000000E+000, 0.0000000E+000, 2.2848301E+001, 4.1373247E+001, 7.4639379E-001
 6.1003040E+001, 8.2145765E+003,-3.9782310E+003,-3.6675516E+003,-5.3089950E+002,-7.7223003E-001, 0.0000000E+000, 0.0000000E+000, 0.0000000E+000, 8.9365341E+000, 3.7122214E+001, 7.4785335E-001
 6.2001804E+001, 8.1842679E+003,-3.8732290E+003,-3.8109035E+003,-5.2247360E+002,-8.2003721E-001, 0.0000000E+000, 0.0000000E+000, 0.0000000E+000,-2.8649728E+000,-2.3158280E+001, 7.4905478E-001
 6.3001839E+001, 7.7695247E+003,-3.7857837E+003,-3.4127888E+003,-5.0992567E+002,-7.3286734E-001, 0.0000000E+000, 0.0000000E+000, 0.0000000E+000, 2.6654927E+001, 6.0293562E+001, 7.5004324E-001
 6.4002129E+001, 7.9863570E+003,-3.8787656E+003,-3.6021644E+003,-5.0628103E+002,-7.3464498E-001, 0.0000000E+000, 0.0000000E+000, 0.0000000E+000,-2.2797998E+001,-1.5886019E+000, 7.5085695E-001
 6.5004738E+001, 8.2778218E+003,-3.9882073E+003,-3.7056536E+003,-5.1232688E+002,-7.5941772E-001, 0.0000000E+000, 0.0000000E+000, 0.0000000E+000, 4.6217386E+001, 7.0874604E+001, 7.5152680E-001
 6.6001038E+001, 8.0306895E+003,-3.9968787E+003,-3.4794207E+003,-5.2376667E+002,-6.8734645E-001, 0.0000000E+000, 0.0000000E+000, 0.0000000E+000, 1.5788974E+001, 2.9936082E+001, 7.5207553E-001
 6.7000198E+001, 7.2505987E+003,-3.7269452E+003,-3.0761932E+003,-5.0268799E+002,-7.1059978E-001, 0.0000000E+000, 0.0000000E+000, 0.0000000E+000,-5.5762705E+001,-5.5938282E+001, 7.5252508E-001
 6.8004257E+001, 7.1724042E+003,-3.6538111E+003,-3.0090404E+003,-4.9650654E+002,-7.8285517E-001, 0.0000000E+000, 0.0000000E+000, 0.0000000E+000,-1.3639709E+001, 1.2263331E+001, 7.5289556E-001
 6.9000038E+001, 7.3889519E+003,-3.7026192E+003,-3.1947835E+003,-5.0118650E+002,-9.0716803E-001, 0.0000000E+000, 0.0000000E+000, 0.0000000E+000, 5.4509314E+000,-1.0544432E+001, 7.5319851E-001
 7.0001945E+001, 7.4129572E+003,-3.6738778E+003,-3.2037185E+003,-4.8320124E+002,-8.2846453E-001, 0.0000000E+000, 0.0000000E+000, 0.0000000E+000, 1.8635869E+001, 5.1331191E+001, 7.5344672E-001
 7.1006027E+001, 7.7073806E+003,-3.7806401E+003,-3.4681356E+003,-4.7897753E+002,-7.3705995E-001, 0.0000000E+000, 0.0000000E+000, 0.0000000E+000,-3.1998903E+001,-2.1109722E+001, 7.5365095E-001
 7.2002434E+001, 6.3663841E+003,-3.3509584E+003,-2.5901456E+003,-4.7337782E+002,-7.7010122E-001, 0.0000000E+000, 0.0000000E+000, 0.0000000E+000,-5.2990536E+001,-4.8867858E+001, 7.5381789E-001
 7.3003563E+001, 6.5890209E+003,-3.4419439E+003,-2.7092681E+003,-4.6560105E+002,-8.9875655E-001, 0.0000000E+000, 0.0000000E+000, 0.0000000E+000,-2.9324387E+001,-2.8690912E+001, 7.5395448E-001
 7.4003906E+001, 6.5479095E+003,-3.3881655E+003,-2.7289765E+003,-4.5600360E+002,-7.9545729E-001, 0.0000000E+000, 0.0000000E+000, 0.0000000E+000,-3.9398015E+001,-2.6031523E+001, 7.5406657E-001
 7.5000748E+001, 6.3537084E+003,-3.3450423E+003,-2.5834304E+003,-4.5607866E+002,-8.3686750E-001, 0.0000000E+000, 0.0000000E+000, 0.0000000E+000,-4.8165166E+001,-3.1679900E+001, 7.5415819E-001
 7.6005432E+001, 6.2064485E+003,-3.2196109E+003,-2.5576403E+003,-4.4156363E+002,-7.9628581E-001, 0.0000000E+000, 0.0000000E+000, 0.0000000E+000,-3.6671077E+001,-1.3162593E+001, 7.5423339E-001
 7.7004974E+001, 6.4592964E+003,-3.2830499E+003,-2.7514741E+003,-4.3175130E+002,-8.1552976E-001, 0.0000000E+000, 0.0000000E+000, 0.0000000E+000,-2.2923531E+001,-7.7943803E+000, 7.5429511E-001
 7.8001717E+001, 5.7196631E+003,-3.0518381E+003,-2.2877437E+003,-4.2921652E+002,-8.3138308E-001, 0.0000000E+000, 0.0000000E+000, 0.0000000E+000,-6.1918395E+001,-4.9966531E+001, 7.5434538E-001
 7.9002380E+001, 5.7610349E+003,-3.0244244E+003,-2.3317405E+003,-4.2248993E+002,-9.4977570E-001, 0.0000000E+000, 0.0000000E+000, 0.0000000E+000,-1.5744279E+000,-1.8569615E+001, 7.5438660E-001
 8.0005821E+001, 5.3165116E+003,-2.9417601E+003,-1.9737720E+003,-4.1003690E+002,-8.4193476E-001, 0.0000000E+000, 0.0000000E+000, 0.0000000E+000,-2.8896187E+001,-9.8994408E+000, 7.5442047E-001
 8.1005524E+001, 6.1433092E+003,-3.1787845E+003,-2.5192956E+003,-4.0133438E+002,-8.0500135E-001, 0.0000000E+000, 0.0000000E+000, 0.0000000E+000, 2.6052871E+001, 4.3089706E+001, 7.5444819E-001
 8.2001709E+001, 6.2956600E+003,-3.2905850E+003,-2.6003512E+003,-4.0255670E+002,-8.4344662E-001, 0.0000000E+000, 0.0000000E+000, 0.0000000E+000,-1.0946812E+001, 1.3235431E+000, 7.5447080E-001
 8.3004562E+001, 5.8548393E+003,-3.1665565E+003,-2.3008470E+003,-3.9056120E+002,-9.3991553E-001, 0.0000000E+000, 0.0000000E+000, 0.0000000E+000,-3.0393198E+001,-4.0652465E+000, 7.5448934E-001
 8.4001717E+001, 5.6511053E+003,-3.0824372E+003,-2.2312271E+003,-3.7636574E+002,-8.0929516E-001, 0.0000000E+000, 0.0000000E+000, 0.0000000E+000,-3.5865440E+001,-3.9734008E+001, 7.5450454E-001
 8.5003174E+001, 5.2505753E+003,-2.9005506E+003,-2.0365342E+003,-3.6995184E+002,-8.0430603E-001, 0.0000000E+000, 0.0000000E+000, 0.0000000E+000,-6.4617347E+001,-5.7265630E+001, 7.5451696E-001
 8.6001701E+001, 5.3871341E+003,-2.8418216E+003,-2.1938817E+003,-3.6653563E+002,-8.4608701E-001, 0.0000000E+000, 0.0000000E+000, 0.0000000E+000,-2.7517662E+001,-1.5950984E+001, 7.5452716E-001
 8.7002052E+001, 5.4693353E+003,-2.8822611E+003,-2.2218532E+003,-3.5409563E+002,-8.0193396E-001, 0.0000000E+000, 0.0000000E+000, 0.0000000E+000, 6.7167337E+000, 1.0323395E+001, 7.5453549E-001
 8.8003998E+001, 5.2737837E+003,-2.7962371E+003,-2.1908010E+003,-3.3196285E+002,-7.4411959E-001, 0.0000000E+000, 0.0000000E+000, 0.0000000E+000,-4.7953397E+001,-4.5961412E+001, 7.5454232E-001
 8.9001518E+001, 5.8160547E+003,-2.9628255E+003,-2.4760283E+003,-3.3603173E+002,-6.9837097E-001, 0.0000000E+000, 0.0000000E+000, 0.0000000E+000, 2.1308570E+001, 4.0470717E+001, 7.5454791E-001
 9.0000732E+001, 5.3642550E+003,-2.8511825E+003,-2.2251355E+003,-3.2321348E+002,-6.9984260E-001, 0.0000000E+000, 0.0000000E+000, 0.0000000E+000,-5.3578885E+001,-3.5976285E+001, 7.5455249E-001
 9.1002136E+001, 5.7892066E+003,-2.8791749E+003,-2.5800927E+003,-3.2873462E+002,-9.5402209E-001, 0.0000000E+000, 0.0000000E+000, 0.0000000E+000,-1.2769422E+001, 2.5033730E-001, 7.5455624E-001
 9.2004494E+001, 6.0916407E+003,-2.9773239E+003,-2.7864352E+003,-3.2271008E+002,-8.3924908E-001, 0.0000000E+000, 0.0000000E+000, 0.0000000E+000, 5.3416001E+000, 4.3322192E+000, 7.5455931E-001
 9.3001289E+001, 5.7346075E+003,-2.8846320E+003,-2.5815289E+003,-3.1325710E+002,-8.0999512E-001, 0.0000000E+000, 0.0000000E+000, 0.0000000E+000,-5.4578854E+001,-4.5620372E+001, 7.5456182E-001
 9.4000320E+001, 5.9967302E+003,-2.9275600E+003,-2.7664846E+003,-3.0125100E+002,-8.5023127E-001, 0.0000000E+000, 0.0000000E+000, 0.0000000E+000,-5.7791210E+000, 5.8440836E-001, 7.5456387E-001
 9.5003059E+001, 6.2703107E+003,-2.9825597E+003,-2.9633385E+003,-2.9438541E+002,-7.7081123E-001, 0.0000000E+000, 0.0000000E+000, 0.0000000E+000, 6.7099262E+000, 2.9256365E+001, 7.5456556E-001
 9.6001152E+001, 6.1790446E+003,-2.9741367E+003,-2.9321485E+003,-2.9143712E+002,-7.7468116E-001, 0.0000000E+000, 0.0000000E+000, 0.0000000E+000,-3.2738662E+001,-1.9452357E+001, 7.5456694E-001
 9.7004173E+001, 6.2080465E+003,-2.9923949E+003,-2.9076199E+003,-2.9703331E+002,-7.6181735E-001, 0.0000000E+000, 0.0000000E+000, 0.0000000E+000, 1.6028652E+000, 1.0236589E+001, 7.5456807E-001
 9.8003151E+001, 5.7684938E+003,-2.7934321E+003,-2.7036094E+003,-2.8322246E+002,-7.1288788E-001, 0.0000000E+000, 0.0000000E+000, 0.0000000E+000,-3.6899078E+001,-1.2482946E+001, 7.5456900E-001
 9.9005020E+001, 6.1006817E+003,-2.9242357E+003,-2.8800841E+003,-2.7635853E+002,-7.9755984E-001, 0.0000000E+000, 0.0000000E+000, 0.0000000E+000, 2.2864116E+000, 1.9205803E+001, 7.5456975E-001
 1.0000369E+002, 5.8923231E+003,-2.7880925E+003,-2.8814663E+003,-2.6391847E+002,-7.5596283E-001, 0.0000000E+000, 0.0000000E+000, 0.0000000E+000,-4.3086653E+001,-4.1910111E+001, 7.5457037E-001
 1.0100021E+002, 5.8363297E+003,-2.7580483E+003,-2.8371822E+003,-2.4908086E+002,-7.5783259E-001, 0.0000000E+000, 0.0000000E+000, 0.0000000E+000,-2.6550692E+001,-8.7394685E+000, 7.5457088E-001
 1.0200461E+002, 6.4127656E+003,-2.9489589E+003,-3.1792031E+003,-2.6491076E+002,-7.9653806E-001, 0.0000000E+000, 0.0000000E+000, 0.0000000E+000, 2.7035362E+001, 1.8896212E+001, 7.5457129E-001
 1.0300504E+002, 6.2574720E+003,-2.9688748E+003,-3.0191116E+003,-2.5862717E+002,-7.3804213E-001, 0.0000000E+000, 0.0000000E+000, 0.0000000E+000, 9.3612294E+000, 1.0120395E+001, 7.5457164E-001
 1.0400163E+002, 6.0175950E+003,-2.8283889E+003,-2.9543528E+003,-2.4895879E+002,-7.4841837E-001, 0.0000000E+000, 0.0000000E+000, 0.0000000E+000,-4.3388136E+001,-1.4853959E+001, 7.5457191E-001
 1.0500433E+002, 6.8550634E+003,-3.0891856E+003,-3.4622667E+003,-2.5413014E+002,-7.3769330E-001, 0.0000000E+000, 0.0000000E+000, 0.0000000E+000, 3.8230245E+001, 4.8743260E+001, 7.5457214E-001
 1.0600219E+002, 6.4150767E+003,-2.9867475E+003,-3.1920184E+003,-2.5132613E+002,-8.5650168E-001, 0.0000000E+000, 0.0000000E+000, 0.0000000E+000,-1.7055266E+001,-1.5871828E+001, 7.5457233E-001
 1.0700451E+002, 6.0992000E+003,-2.8601181E+003,-3.0390080E+003,-2.4231771E+002,-8.6955594E-001, 0.0000000E+000, 0.0000000E+000, 0.0000000E+000,-4.7819389E+001,-4.3113340E+001, 7.5457248E-001
 1.0800328E+002, 6.8059329E+003,-3.0519716E+003,-3.4994030E+003,-2.3579739E+002,-7.2769887E-001, 0.0000000E+000, 0.0000000E+000, 0.0000000E+000, 2.4854999E+001, 1.8033164E+001, 7.5457261E-001
 1.0900047E+002, 6.5895458E+003,-2.9750725E+003,-3.3599231E+003,-2.3608129E+002,-7.7091276E-001, 0.0000000E+000, 0.0000000E+000, 0.0000000E+000,-5.4650262E+000, 1.7697989E+001, 7.5457271E-001
 1.1000471E+002, 6.1026956E+003,-2.9018467E+003,-2.9825848E+003,-2.2726850E+002,-9.3121813E-001, 0.0000000E+000, 0.0000000E+000, 0.0000000E+000,-3.4949642E+001,-9.9356356E+000, 7.5457279E-001
 1.1100044E+002, 6.5635285E+003,-2.9697877E+003,-3.3632212E+003,-2.2871930E+002,-9.1110191E-001, 0.0000000E+000, 0.0000000E+000, 0.0000000E+000,-1.3357014E+000, 8.8914794E-001, 7.5457286E-001
 1.1200017E+002, 6.6168030E+003,-2.9978386E+003,-3.3832813E+003,-2.2857680E+002,-7.8425941E-001, 0.0000000E+000, 0.0000000E+000, 0.0000000E+000, 4.2667856E+000, 6.3220429E+000, 7.5457292E-001
 1.1300497E+002, 6.3677555E+003,-2.8636867E+003,-3.2815613E+003,-2.1968178E+002,-7.5221782E-001, 0.0000000E+000, 0.0000000E+000, 0.0000000E+000,-2.7263287E+001, 2.0734798E+000, 7.5457296E-001
 1.1400444E+002, 6.4988806E+003,-2.8709055E+003,-3.3958802E+003,-2.1383287E+002,-7.2695367E-001, 0.0000000E+000, 0.0000000E+000, 0.0000000E+000,-1.3655553E+001, 1.7535072E+001, 7.5457300E-001
 1.1500081E+002, 6.7439743E+003,-2.9412052E+003,-3.5714446E+003,-2.1454183E+002,-6.9569314E-001, 0.0000000E+000, 0.0000000E+000, 0.0000000E+000, 4.3647778E+000, 1.6086907E+001, 7.5457303E-001
 1.1600138E+002, 6.6824196E+003,-3.0020660E+003,-3.4689228E+003,-2.1151236E+002,-8.0001402E-001, 0.0000000E+000, 0.0000000E+000, 0.0000000E+000,-8.3381229E-001,-8.8153214E-001, 7.5457306E-001
 1.1700240E+002, 6.8721178E+003,-3.0428560E+003,-3.6035744E+003,-2.1351963E+002,-7.4734369E-001, 0.0000000E+000, 0.0000000E+000, 0.0000000E+000, 5.6773815E+000, 1.1420463E+001, 7.5457308E-001
 1.1800048E+002, 6.9035095E+003,-3.0112843E+003,-3.6679652E+003,-2.1156932E+002,-8.6423206E-001, 0.0000000E+000, 0.0000000E+000, 0.0000000E+000, 1.5988244E-001, 1.1826374E+001, 7.5457309E-001
 1.1900317E+002, 6.8026341E+003,-2.9742806E+003,-3.5979532E+003,-2.1956020E+002,-9.0132988E-001, 0.0000000E+000, 0.0000000E+000, 0.0000000E+000,-3.9271490E+000, 9.9387507E+000, 7.5457311E-001
 1.2000385E+002, 6.4736510E+003,-2.8770878E+003,-3.4200486E+003,-2.0742330E+002,-8.9238013E-001, 0.0000000E+000, 0.0000000E+000, 0.0000000E+000,-3.6361199E+001,-3.1801074E+001, 7.5457312E-001
 1.2100034E+002, 6.8300297E+003,-2.9846060E+003,-3.6306988E+003,-2.0346051E+002,-8.0178960E-001, 0.0000000E+000, 0.0000000E+000, 0.0000000E+000, 5.7930801E+000, 1.0462584E+001, 7.5457313E-001
 1.2200092E+002, 6.9847783E+003,-3.0749657E+003,-3.6877651E+003,-2.0637191E+002,-7.6067647E-001, 0.0000000E+000, 0.0000000E+000, 0.0000000E+000, 4.0967362E+000, 1.4914953E+001, 7.5457314E-001
 1.2300111E+002, 7.1877266E+003,-3.1294858E+003,-3.8327582E+003,-1.9661889E+002,-7.9784351E-001, 0.0000000E+000, 0.0000000E+000, 0.0000000E+000, 5.8502016E+000, 2.8065835E+001, 7.5457314E-001
 1.2400031E+002, 7.7962863E+003,-3.2731753E+003,-4.2916476E+003,-1.9774273E+002,-7.2276018E-001, 0.0000000E+000, 0.0000000E+000, 0.0000000E+000, 2.4730021E+001, 3.2997944E+001, 7.5457315E-001
 1.2500492E+002, 6.7409511E+003,-2.9744582E+003,-3.6254735E+003,-1.9182890E+002,-7.6352239E-001, 0.0000000E+000, 0.0000000E+000, 0.0000000E+000,-6.8177152E+001,-5.1573097E+001, 7.5457315E-001
 1.2600356E+002, 7.5353452E+003,-3.2125019E+003,-4.0913119E+003,-1.9513827E+002,-7.8263800E-001, 0.0000000E+000, 0.0000000E+000, 0.0000000E+000, 4.1509107E+001, 3.5610424E+001, 7.5457316E-001
 1.2700345E+002, 6.9401864E+003,-3.0536085E+003,-3.7175920E+003,-1.9037246E+002,-8.4902777E-001, 0.0000000E+000, 0.0000000E+000, 0.0000000E+000,-3.1146001E+001,-2.2235516E+001, 7.5457316E-001
 1.2800504E+002, 7.0217189E+003,-3.0367600E+003,-3.7815469E+003,-1.9035200E+002,-7.8867291E-001, 0.0000000E+000, 0.0000000E+000, 0.0000000E+000, 2.4217875E+000, 1.2271353E+001, 7.5457316E-001
 1.2900517E+002, 7.0430110E+003,-3.0350685E+003,-3.8146531E+003,-1.8421941E+002,-8.2410808E-001, 0.0000000E+000, 0.0000000E+000, 0.0000000E+000,-6.6790009E+000, 8.2458379E+000, 7.5457316E-001
 1.3000244E+002, 7.1649448E+003,-3.0621316E+003,-3.9159707E+003,-1.8485928E+002,-8.9103727E-001, 0.0000000E+000, 0.0000000E+000, 0.0000000E+000,-2.3037990E+001, 1.0922527E+000, 7.5457316E-001
 1.3100291E+002, 7.8172876E+003,-3.2063017E+003,-4.4020223E+003,-1.7960318E+002,-8.0396115E-001, 0.0000000E+000, 0.0000000E+000, 0.0000000E+000, 1.6168275E+001, 2.8556400E+001, 7.5457317E-001
 1.3200334E+002, 7.8145695E+003,-3.2620094E+003,-4.3569224E+003,-1.8315819E+002,-7.5698231E-001, 0.0000000E+000, 0.0000000E+000, 0.0000000E+000,-5.6258492E+000, 1.1722521E+001, 7.5457317E-001
 1.3300484E+002, 7.7965923E+003,-3.2416824E+003,-4.3588810E+003,-1.8071892E+002,-6.8378168E-001, 0.0000000E+000, 0.0000000E+000, 0.0000000E+000, 1.2919814E+001, 1.4626178E+001, 7.5457317E-001
 1.3400423E+002, 7.8667881E+003,-3.2530923E+003,-4.4630219E+003,-1.7605158E+002,-7.2363108E-001, 0.0000000E+000, 0.0000000E+000, 0.0000000E+000,-2.3413959E+001,-2.6101310E+001, 7.5457317E-001
 1.3500227E+002, 8.0144668E+003,-3.2960130E+003,-4.5175056E+003,-1.7754944E+002,-8.5651888E-001, 0.0000000E+000, 0.0000000E+000, 0.0000000E+000, 1.2547753E+001, 2.2542305E+001, 7.5457317E-001
 1.3600563E+002, 8.0779421E+003,-3.3481806E+003,-4.5545148E+003,-1.7620557E+002,-7.7570857E-001, 0.0000000E+000, 0.0000000E+000, 0.0000000E+000,-3.1349824E+001,-1.7345513E+000, 7.5457317E-001
 1.3700237E+002, 8.5216413E+003,-3.4278782E+003,-4.8884902E+003,-1.7305592E+002,-6.7851962E-001, 0.0000000E+000, 0.0000000E+000, 0.0000000E+000, 1.9957455E+001, 3.1538440E+001, 7.5457317E-001
 1.3800458E+002, 8.0111989E+003,-3.3600010E+003,-4.4768282E+003,-1.7187675E+002,-7.1064607E-001, 0.0000000E+000, 0.0000000E+000, 0.0000000E+000,-6.0828718E+000, 1.7822727E+000, 7.5457317E-001
 1.3900098E+002, 8.2645107E+003,-3.3533300E+003,-4.7098796E+003,-1.6398826E+002,-7.4139200E-001, 0.0000000E+000, 0.0000000E+000, 0.0000000E+000, 1.1045479E+001, 3.6571537E+001, 7.5457317E-001
 1.4000142E+002, 8.4592269E+003,-3.4448968E+003,-4.8325166E+003,-1.6708425E+002,-7.0338525E-001, 0.0000000E+000, 0.0000000E+000, 0.0000000E+000, 2.4072704E+000, 1.4025847E+001, 7.5457317E-001
 1.4100183E+002, 8.1565222E+003,-3.3338239E+003,-4.6671004E+003,-1.6389355E+002,-8.9937665E-001, 0.0000000E+000, 0.0000000E+000, 0.0000000E+000,-2.5080938E+001,-9.1949559E+000, 7.5457317E-001
 1.4200464E+002, 8.8238123E+003,-3.6121116E+003,-4.9996786E+003,-1.6489961E+002,-7.9075902E-001, 0.0000000E+000, 0.0000000E+000, 0.0000000E+000, 2.2605926E+001, 4.6331692E+001, 7.5457317E-001
 1.4300446E+002, 8.9912619E+003,-3.6505873E+003,-5.1714070E+003,-1.6992883E+002,-7.8270107E-001, 0.0000000E+000, 0.0000000E+000, 0.0000000E+000, 8.4180671E-001,-1.4439390E+000, 7.5457317E-001
 1.4400349E+002, 8.1417786E+003,-3.3622720E+003,-4.6384606E+003,-1.6703722E+002,-8.2042039E-001, 0.0000000E+000, 0.0000000E+000, 0.0000000E+000,-5.1471179E+001,-2.6811583E+001, 7.5457317E-001
 1.4500288E+002, 9.2517587E+003,-3.6644516E+003,-5.3378146E+003,-1.6630647E+002,-7.2170394E-001, 0.0000000E+000, 0.0000000E+000, 0.0000000E+000, 7.1697529E+001, 8.2464280E+001, 7.5457317E-001
 1.4600368E+002, 8.4451077E+003,-3.4723950E+003,-4.8168049E+003,-1.6663817E+002,-7.6097131E-001, 0.0000000E+000, 0.0000000E+000, 0.0000000E+000,-1.3760438E+001,-1.1491432E+001, 7.5457317E-001
 1.4700404E+002, 8.1092766E+003,-3.3098541E+003,-4.6507224E+003,-1.5962558E+002,-7.0510006E-001, 0.0000000E+000, 0.0000000E+000, 0.0000000E+000,-4.5658370E+001,-1.1630669E+001, 7.5457317E-001
 1.4800070E+002, 8.9857463E+003,-3.5876528E+003,-5.1722895E+003,-1.6431389E+002,-6.9797378E-001, 0.0000000E+000, 0.0000000E+000, 0.0000000E+000, 3.9462957E+001, 6.0792124E+001, 7.5457317E-001
 1.4900316E+002, 8.8020312E+003,-3.5483031E+003,-5.0856716E+003,-1.6806662E+002,-7.9235764E-001, 0.0000000E+000, 0.0000000E+000, 0.0000000E+000,-1.1276463E+001,-8.0250048E-001, 7.5457317E-001
 1.5000177E+002, 8.6712400E+003,-3.4934585E+003,-5.0134062E+003,-1.6154025E+002,-8.0199092E-001, 0.0000000E+000, 0.0000000E+000, 0.0000000E+000,-4.5868699E+000, 2.0331187E+000, 7.5457317E-001
 1.5100175E+002, 8.9354376E+003,-3.6329740E+003,-5.1258663E+003,-1.6865492E+002,-7.2976879E-001, 0.0000000E+000, 0.0000000E+000, 0.0000000E+000,-2.6714809E+000, 7.2126286E+000, 7.5457317E-001
 1.5200513E+002, 9.0960594E+003,-3.6457587E+003,-5.2696631E+003,-1.5850556E+002,-7.0573854E-001, 0.0000000E+000, 0.0000000E+000, 0.0000000E+000, 4.7758797E+000, 2.1426387E+001, 7.5457317E-001
 1.5300233E+002, 8.9230159E+003,-3.5172953E+003,-5.2653750E+003,-1.4736035E+002,-6.8062448E-001, 0.0000000E+000, 0.0000000E+000, 0.0000000E+000,-3.1807982E+001,-7.6954439E+000, 7.5457317E-001
 1.5400117E+002, 9.2225884E+003,-3.5607919E+003,-5.4809066E+003,-1.5697394E+002,-8.2707039E-001, 0.0000000E+000, 0.0000000E+000, 0.0000000E+000, 7.0062885E+000, 2.3088843E+001, 7.5457317E-001
 1.5500334E+002, 8.2638512E+003,-3.2586101E+003,-4.8832270E+003,-1.4948920E+002,-6.9218625E-001, 0.0000000E+000, 0.0000000E+000, 0.0000000E+000,-4.2401829E+001,-2.8167254E+001, 7.5457317E-001
 1.5600034E+002, 8.7308578E+003,-3.4325910E+003,-5.0708490E+003,-1.4741912E+002,-7.3591216E-001, 0.0000000E+000, 0.0000000E+000, 0.0000000E+000, 7.7920092E+001, 7.9262780E+001, 7.5457317E-001
 1.5700224E+002, 8.8159599E+003,-3.4923763E+003,-5.1792555E+003,-1.4065017E+002,-6.6608249E-001, 0.0000000E+000, 0.0000000E+000, 0.0000000E+000,-1.9118559E+001, 3.0118724E+000, 7.5457317E-001
 1.5800331E+002, 9.6380828E+003,-3.8158204E+003,-5.6377715E+003,-1.4500579E+002,-6.7636836E-001, 0.0000000E+000, 0.0000000E+000, 0.0000000E+000, 1.5285215E+001, 3.8808706E+001, 7.5457317E-001
 1.5900301E+002, 8.9477867E+003,-3.6058147E+003,-5.1912193E+003,-1.5013958E+002,-8.1731887E-001, 0.0000000E+000, 0.0000000E+000, 0.0000000E+000,-2.7749953E+001,-2.0416211E-001, 7.5457317E-001
 1.6000015E+002, 9.0583365E+003,-3.5984741E+003,-5.3024508E+003,-1.4533190E+002,-8.4977265E-001, 0.0000000E+000, 0.0000000E+000, 0.0000000E+000, 1.1153668E+000, 1.1229852E+001, 7.5457317E-001
 1.6100310E+002, 9.1909854E+003,-3.5933845E+003,-5.4501362E+003,-1.5301362E+002,-9.3621172E-001, 0.0000000E+000, 0.0000000E+000, 0.0000000E+000, 3.0886224E+001,-6.4850914E+000, 7.5457317E-001
 1.6200417E+002, 8.9062822E+003,-3.5113314E+003,-5.2370865E+003,-1.6353272E+002,-9.2116120E-001, 0.0000000E+000, 0.0000000E+000, 0.0000000E+000,-3.0745930E+001,-6.5895182E+000, 7.5457317E-001
 1.6300140E+002, 8.6941246E+003,-3.3528483E+003,-5.1219587E+003,-1.6114219E+002,-8.4606758E-001, 0.0000000E+000, 0.0000000E+000, 0.0000000E+000, 2.7213788E+001, 5.7329342E+001, 7.5457317E-001
 1.6400346E+002, 9.5645788E+003,-3.8017874E+003,-5.5248720E+003,-1.7974315E+002,-7.7433051E-001, 0.0000000E+000, 0.0000000E+000, 0.0000000E+000, 7.4428393E+001, 5.7401909E+001, 7.5457317E-001
 1.6500470E+002, 8.4860408E+003,-3.4713798E+003,-4.8950145E+003,-1.7572723E+002,-7.2058599E-001, 0.0000000E+000, 0.0000000E+000, 0.0000000E+000,-9.0828884E+001,-5.6801366E+001, 7.5457317E-001
 1.6600229E+002, 9.4163616E+003,-3.6724438E+003,-5.4654930E+003,-1.9238232E+002,-7.0584980E-001, 0.0000000E+000, 0.0000000E+000, 0.0000000E+000, 8.4756107E+001, 8.5336610E+001, 7.5457317E-001
 1.6700137E+002, 8.3097874E+003,-3.4562387E+003,-4.6910763E+003,-1.9610553E+002,-7.2531811E-001, 0.0000000E+000, 0.0000000E+000, 0.0000000E+000,-6.5530276E+001,-3.4358474E+001, 7.5457317E-001
 1.6800183E+002, 8.9739425E+003,-3.5827000E+003,-5.1728013E+003,-1.9312993E+002,-7.1682086E-001, 0.0000000E+000, 0.0000000E+000, 0.0000000E+000, 8.5622181E+000, 2.4594339E+001, 7.5457317E-001
 1.6900490E+002, 8.6371184E+003,-3.5312737E+003,-4.8736997E+003,-2.0126424E+002,-7.9050858E-001, 0.0000000E+000, 0.0000000E+000, 0.0000000E+000, 3.5214882E+001, 3.0090261E+001, 7.5457317E-001
 1.7000522E+002, 9.1028226E+003,-3.6882573E+003,-5.1762670E+003,-2.0833122E+002,-6.8943938E-001, 0.0000000E+000, 0.0000000E+000, 0.0000000E+000, 2.3055458E+001, 2.9277612E+001, 7.5457317E-001
 1.7100284E+002, 8.8942871E+003,-3.6459393E+003,-5.0240203E+003,-2.1258327E+002,-7.8331336E-001, 0.0000000E+000, 0.0000000E+000, 0.0000000E+000,-7.1797895E+000, 1.0960838E+001, 7.5457317E-001
 1.7200334E+002, 8.4788262E+003,-3.4748076E+003,-4.7885295E+003,-2.1041608E+002,-7.5093119E-001, 0.0000000E+000, 0.0000000E+000, 0.0000000E+000,-1.3430465E+001, 4.3220778E+000, 7.5457317E-001
 1.7300237E+002, 8.7771978E+003,-3.5390516E+003,-5.0385827E+003,-1.9913417E+002,-6.8273772E-001, 0.0000000E+000, 0.0000000E+000, 0.0000000E+000,-1.9248865E+001,-2.5354345E-001, 7.5457317E-001
 1.7400497E+002, 8.8781515E+003,-3.5534381E+003,-5.0760161E+003,-2.0842072E+002,-6.9653580E-001, 0.0000000E+000, 0.0000000E+000, 0.0000000E+000, 1.7243200E+001, 3.9580077E+001, 7.5457317E-001
 1.7500246E+002, 8.6672446E+003,-3.4606187E+003,-5.0065622E+003,-2.0891466E+002,-7.0187936E-001, 0.0000000E+000, 0.0000000E+000, 0.0000000E+000,-2.3905729E+000,-9.5528868E+000, 7.5457317E-001
 1.7600258E+002, 8.8554110E+003,-3.4998216E+003,-5.1203608E+003,-2.0205095E+002,-6.6442329E-001, 0.0000000E+000, 0.0000000E+000, 0.0000000E+000, 9.2095415E+000, 3.2513288E+001, 7.5457317E-001
 1.7700279E+002, 9.1133793E+003,-3.6692836E+003,-5.1689638E+003,-2.1346845E+002,-6.4378544E-001, 0.0000000E+000, 0.0000000E+000, 0.0000000E+000, 4.8031029E+001, 6.1019671E+001, 7.5457317E-001
 1.7800555E+002, 8.8897364E+003,-3.6648396E+003,-5.0054027E+003,-2.1120385E+002,-7.4007168E-001, 0.0000000E+000, 0.0000000E+000, 0.0000000E+000,-2.2504805E+001, 7.5501186E+000, 7.5457317E-001
 1.7900444E+002, 9.1937081E+003,-3.7115393E+003,-5.2628004E+003,-2.1149525E+002,-7.0784566E-001, 0.0000000E+000, 0.0000000E+000, 0.0000000E+000,-1.4687028E+001, 7.1652971E+000, 7.5457317E-001
 1.8000107E+002, 9.1866387E+003,-3.6810763E+003,-5.2890395E+003,-2.0779259E+002,-7.2167601E-001, 0.0000000E+000, 0.0000000E+000, 0.0000000E+000, 2.3978171E+000, 8.0087355E+000, 7.5457317E-001
 1.8100395E+002, 9.3446747E+003,-3.7343960E+003,-5.3595454E+003,-2.0645783E+002,-7.4498174E-001, 0.0000000E+000, 0.0000000E+000, 0.0000000E+000, 3.0440108E+001, 4.3530485E+001, 7.5457317E-001
 1.8200317E+002, 8.9605109E+003,-3.6019632E+003,-5.1181995E+003,-2.0895772E+002,-7.1854960E-001, 0.0000000E+000, 0.0000000E+000, 0.0000000E+000, 2.4411583E+001, 3.0671947E+001, 7.5457317E-001
 1.8300383E+002, 8.8323643E+003,-3.6163558E+003,-5.0374909E+003,-2.0982228E+002,-8.0590570E-001, 0.0000000E+000, 0.0000000E+000, 0.0000000E+000,-5.4051085E+001,-3.2110592E+001, 7.5457317E-001
 1.8400238E+002, 9.8726377E+003,-3.8516223E+003,-5.7581909E+003,-2.0533991E+002,-7.3051381E-001, 0.0000000E+000, 0.0000000E+000, 0.0000000E+000, 5.0402655E+001, 5.6754196E+001, 7.5457317E-001
 1.8500060E+002, 8.8774913E+003,-3.5594075E+003,-5.1235830E+003,-2.0182677E+002,-7.1541499E-001, 0.0000000E+000, 0.0000000E+000, 0.0000000E+000,-4.4333448E+001,-8.0413964E+000, 7.5457317E-001
 1.8600494E+002, 9.3474626E+003,-3.7275911E+003,-5.3544002E+003,-2.0796214E+002,-7.3543323E-001, 0.0000000E+000, 0.0000000E+000, 0.0000000E+000, 2.2045495E+001, 5.6773636E+001, 7.5457317E-001
 1.8700539E+002, 9.3634976E+003,-3.7709728E+003,-5.3877013E+003,-2.1605485E+002,-8.7037742E-001, 0.0000000E+000, 0.0000000E+000, 0.0000000E+000,-1.0888642E+000,-1.2101796E+001, 7.5457317E-001
 1.8800197E+002, 9.0640322E+003,-3.6266174E+003,-5.2478398E+003,-2.0319432E+002,-7.2251418E-001, 0.0000000E+000, 0.0000000E+000, 0.0000000E+000,-1.5450269E+001,-1.4341867E+001, 7.5457317E-001
 1.8900209E+002, 9.2350392E+003,-3.7195515E+003,-5.2800333E+003,-2.0204261E+002,-7.1983083E-001, 0.0000000E+000, 0.0000000E+000, 0.0000000E+000, 2.3705130E+000, 3.2692014E+001, 7.5457317E-001
 1.9000421E+002, 9.4922159E+003,-3.7380025E+003,-5.4946471E+003,-2.0108110E+002,-7.9801505E-001, 0.0000000E+000, 0.0000000E+000, 0.0000000E+000, 2.2842223E+001, 5.7687265E+001, 7.5457317E-001
 1.9100194E+002, 8.9108058E+003,-3.5852829E+003,-5.1449454E+003,-2.0864415E+002,-7.6885976E-001, 0.0000000E+000, 0.0000000E+000, 0.0000000E+000,-3.0894535E+001,-2.8835539E+001, 7.5457317E-001
 1.9200128E+002, 9.0777713E+003,-3.6270975E+003,-5.2348212E+003,-2.0305268E+002,-6.7897625E-001, 0.0000000E+000, 0.0000000E+000, 0.0000000E+000,-8.6742764E+000, 1.2120908E+001, 7.5457317E-001
 1.9300200E+002, 9.2807923E+003,-3.6508579E+003,-5.3796216E+003,-1.9968315E+002,-7.6082612E-001, 0.0000000E+000, 0.0000000E+000, 0.0000000E+000, 1.9598401E+001, 4.9868874E+001, 7.5457317E-001
 1.9400539E+002, 1.0028940E+004,-3.9428428E+003,-5.8338685E+003,-2.0711143E+002,-7.0473477E-001, 0.0000000E+000, 0.0000000E+000, 0.0000000E+000, 3.5252028E+001, 4.4412933E+001, 7.5457317E-001
 1.9500362E+002, 9.2609158E+003,-3.7224626E+003,-5.3463404E+003,-2.1149004E+002,-7.3155552E-001, 0.0000000E+000, 0.0000000E+000, 0.0000000E+000,-3.4218793E+001,-2.0108877E+001, 7.5457317E-001
 1.9600523E+002, 9.7358678E+003,-3.8323185E+003,-5.6516985E+003,-2.0661604E+002,-6.9623844E-001, 0.0000000E+000, 0.0000000E+000, 0.0000000E+000, 3.2591537E+001, 4.4538519E+001, 7.5457317E-001
 1.9700380E+002, 9.6458960E+003,-3.8267382E+003,-5.5615236E+003,-2.0853561E+002,-7.2718891E-001, 0.0000000E+000, 0.0000000E+000, 0.0000000E+000, 1.4233586E+001, 4.8371334E+001, 7.5457317E-001
 1.9800517E+002, 9.6426408E+003,-3.8332550E+003,-5.5996603E+003,-2.1219886E+002,-7.0867148E-001, 0.0000000E+000, 0.0000000E+000, 0.0000000E+000,-9.5187610E+000,-3.1819567E+000, 7.5457317E-001
 1.9900224E+002, 9.7615114E+003,-3.7840085E+003,-5.7346469E+003,-2.0557320E+002,-7.4600128E-001, 0.0000000E+000, 0.0000000E+000, 0.0000000E+000, 4.1317541E+000, 3.6536811E+001, 7.5457317E-001
 2.0000249E+002, 9.7242826E+003,-3.8157567E+003,-5.7040461E+003,-2.0317025E+002,-7.2887491E-001, 0.0000000E+000, 0.0000000E+000, 0.0000000E+000,-1.5385542E+001, 5.8074978E-001, 7.5457317E-001
 2.0100162E+002, 9.2802845E+003,-3.7206984E+003,-5.3531304E+003,-1.9975577E+002,-7.7889512E-001, 0.0000000E+000, 0.0000000E+000, 0.0000000E+000,-5.0257436E+000, 5.9209965E+000, 7.5457317E-001
 2.0200017E+002, 9.9194887E+003,-3.8635066E+003,-5.8390356E+003,-1.9873823E+002,-7.4063753E-001, 0.0000000E+000, 0.0000000E+000, 0.0000000E+000,-3.9035729E+000, 1.7467601E+001, 7.5457317E-001
 2.0300134E+002, 9.6353480E+003,-3.7773428E+003,-5.6345727E+003,-2.0429425E+002,-6.9793600E-001, 0.0000000E+000, 0.0000000E+000, 0.0000000E+000, 3.0823291E+000, 1.8440268E+001, 7.5457317E-001
 2.0400131E+002, 9.2920219E+003,-3.6576135E+003,-5.3808256E+003,-2.0156496E+002,-8.4296712E-001, 0.0000000E+000, 0.0000000E+000, 0.0000000E+000, 1.0961055E+001, 5.1174974E+001, 7.5457317E-001
 2.0500504E+002, 9.8155667E+003,-3.8845859E+003,-5.7340129E+003,-2.0220427E+002,-7.9957386E-001, 0.0000000E+000, 0.0000000E+000, 0.0000000E+000,-2.9284125E+000,-6.0358484E+000, 7.5457317E-001
 2.0600116E+002, 9.3469563E+003,-3.7092839E+003,-5.4654886E+003,-1.9457901E+002,-7.5223411E-001, 0.0000000E+000, 0.0000000E+000, 0.0000000E+000,-3.4802460E+001,-2.3147383E+001, 7.5457317E-001
 2.0700008E+002, 9.8286989E+003,-3.8670009E+003,-5.7082268E+003,-1.9690307E+002,-6.6817825E-001, 0.0000000E+000, 0.0000000E+000, 0.0000000E+000, 4.5475588E+001, 5.5899957E+001, 7.5457317E-001
 2.0800060E+002, 9.1157159E+003,-3.6686102E+003,-5.2369413E+003,-1.9555490E+002,-6.6799798E-001, 0.0000000E+000, 0.0000000E+000, 0.0000000E+000,-3.5050145E+000, 1.3941447E+001, 7.5457317E-001
 2.0900406E+002, 9.1150029E+003,-3.6002632E+003,-5.3319166E+003,-1.8659845E+002,-7.4758509E-001, 0.0000000E+000, 0.0000000E+000, 0.0000000E+000,-4.3863078E+001,-4.5229045E+000, 7.5457317E-001
 2.1000111E+002, 1.0267471E+004,-3.9515511E+003,-6.0357800E+003,-1.9079831E+002,-7.2950486E-001, 0.0000000E+000, 0.0000000E+000, 0.0000000E+000, 8.0449714E+001, 8.8612023E+001, 7.5457317E-001
 2.1100256E+002, 9.6903776E+003,-3.8449277E+003,-5.6558013E+003,-1.9594505E+002,-6.8159470E-001, 0.0000000E+000, 0.0000000E+000, 0.0000000E+000,-3.3335562E+001,-6.9780611E+000, 7.5457317E-001
 2.1200348E+002, 9.2622679E+003,-3.6723272E+003,-5.3973396E+003,-1.8785100E+002,-7.2146092E-001, 0.0000000E+000, 0.0000000E+000, 0.0000000E+000,-2.2886356E+001, 4.0286214E+000, 7.5457317E-001
 2.1300404E+002, 9.9073924E+003,-3.8582954E+003,-5.8193381E+003,-1.8995139E+002,-7.4734689E-001, 0.0000000E+000, 0.0000000E+000, 0.0000000E+000, 3.8295437E+001, 3.9060168E+001, 7.5457317E-001
 2.1400443E+002, 9.1026818E+003,-3.6980921E+003,-5.1955489E+003,-2.0004296E+002,-7.3690900E-001, 0.0000000E+000, 0.0000000E+000, 0.0000000E+000,-1.4266217E+000, 8.2610091E+000, 7.5457317E-001
 2.1500325E+002, 9.6622005E+003,-3.8387263E+003,-5.6255608E+003,-2.0077258E+002,-7.9743060E-001, 0.0000000E+000, 0.0000000E+000, 0.0000000E+000,-3.9430171E+000,-3.6565305E+000, 7.5457317E-001
 2.1600423E+002, 9.4527723E+003,-3.7844265E+003,-5.4622786E+003,-1.9053363E+002,-7.1269411E-001, 0.0000000E+000, 0.0000000E+000, 0.0000000E+000,-6.4513776E+000, 1.4820831E+001, 7.5457317E-001
 2.1700543E+002, 9.5028689E+003,-3.7165748E+003,-5.5976158E+003,-1.8113435E+002,-7.4006341E-001, 0.0000000E+000, 0.0000000E+000, 0.0000000E+000,-1.0057448E+001, 6.8038245E+000, 7.5457317E-001
 2.1800020E+002, 9.8620608E+003,-3.8721665E+003,-5.7744542E+003,-1.8675264E+002,-7.1516689E-001, 0.0000000E+000, 0.0000000E+000, 0.0000000E+000, 1.8035235E+000, 2.7972261E+001, 7.5457317E-001
 2.1900227E+002, 9.6787675E+003,-3.7864334E+003,-5.6679436E+003,-1.8765251E+002,-7.1264440E-001, 0.0000000E+000, 0.0000000E+000, 0.0000000E+000, 1.9946901E+001, 3.6025321E+001, 7.5457317E-001
 2.2000323E+002, 9.6458313E+003,-3.8299981E+003,-5.6358321E+003,-1.8565795E+002,-7.3128373E-001, 0.0000000E+000, 0.0000000E+000, 0.0000000E+000,-2.2582114E+001,-6.3880896E+000, 7.5457317E-001
 2.2100290E+002, 1.0049146E+004,-3.8802631E+003,-5.9351286E+003,-1.8594216E+002,-7.1427963E-001, 0.0000000E+000, 0.0000000E+000, 0.0000000E+000, 4.0967734E+001, 4.7097879E+001, 7.5457317E-001
 2.2200330E+002, 9.3222336E+003,-3.6292671E+003,-5.4902945E+003,-1.8565326E+002,-7.8809477E-001, 0.0000000E+000, 0.0000000E+000, 0.0000000E+000,-2.0083889E+001, 1.6230620E+001, 7.5457317E-001
 2.2300342E+002, 1.0947200E+004,-4.1610728E+003,-6.5217238E+003,-1.8694979E+002,-7.4900735E-001, 0.0000000E+000, 0.0000000E+000, 0.0000000E+000, 7.6280209E+001, 7.6704581E+001, 7.5457317E-001
 2.2400287E+002, 9.6120509E+003,-3.7990231E+003,-5.6787072E+003,-1.9207852E+002,-8.1347306E-001, 0.0000000E+000, 0.0000000E+000, 0.0000000E+000,-1.0181535E+002,-5.8571465E+001, 7.5457317E-001
 2.2500439E+002, 1.0241589E+004,-3.9485739E+003,-6.0665693E+003,-1.7747676E+002,-7.2633992E-001, 0.0000000E+000, 0.0000000E+000, 0.0000000E+000, 5.2693163E+001, 4.8242322E+001, 7.5457317E-001
 2.2600259E+002, 9.7636240E+003,-3.7295330E+003,-5.8602770E+003,-1.7437503E+002,-7.2500723E-001, 0.0000000E+000, 0.0000000E+000, 0.0000000E+000,-3.1383803E+001,-1.2860158E+000, 7.5457317E-001
 2.2700511E+002, 9.9873262E+003,-3.8445618E+003,-5.9563701E+003,-1.7916605E+002,-6.3462681E-001, 0.0000000E+000, 0.0000000E+000, 0.0000000E+000,-1.2206312E+001, 6.5935581E+000, 7.5457317E-001
 2.2800307E+002, 9.9567965E+003,-3.8295020E+003,-5.8860393E+003,-1.7752802E+002,-6.7868382E-001, 0.0000000E+000, 0.0000000E+000, 0.0000000E+000, 3.5979469E+001, 6.3048521E+001, 7.5457317E-001
 2.2900551E+002, 9.3597423E+003,-3.6795069E+003,-5.4697073E+003,-1.8033794E+002,-6.9109531E-001, 0.0000000E+000, 0.0000000E+000, 0.0000000E+000, 1.5782769E+001, 2.9499082E+001, 7.5457317E-001
 2.3000424E+002, 9.5178654E+003,-3.7010150E+003,-5.6102819E+003,-1.7378099E+002,-6.5933896E-001, 0.0000000E+000, 0.0000000E+000, 0.0000000E+000,-1.9817732E+001, 3.2128153E+001, 7.5457317E-001
 2.3100244E+002, 9.6948828E+003,-3.8138285E+003,-5.6910693E+003,-1.8384674E+002,-8.0277978E-001, 0.0000000E+000, 0.0000000E+000, 0.0000000E+000,-1.1106216E+001, 5.3355101E+000, 7.5457317E-001
 2.3200552E+002, 9.5630294E+003,-3.7335360E+003,-5.6432678E+003,-1.8205862E+002,-6.7444489E-001, 0.0000000E+000, 0.0000000E+000, 0.0000000E+000,-1.7353049E+001, 3.4925917E+000, 7.5457317E-001
 2.3300377E+002, 9.8262146E+003,-3.8101868E+003,-5.8355391E+003,-1.8261868E+002,-8.2206404E-001, 0.0000000E+000, 0.0000000E+000, 0.0000000E+000, 1.1211328E+001,-2.9519882E+000, 7.5457317E-001
 2.3400441E+002, 9.6231097E+003,-3.7892690E+003,-5.5736942E+003,-1.7177317E+002,-7.2871139E-001, 0.0000000E+000, 0.0000000E+000, 0.0000000E+000, 3.6716789E+001, 8.7644648E+001, 7.5457317E-001
 2.3500169E+002, 1.0175907E+004,-3.9481912E+003,-6.0307005E+003,-1.7492974E+002,-7.0579696E-001, 0.0000000E+000, 0.0000000E+000, 0.0000000E+000, 1.4929012E+001, 2.1379547E+001, 7.5457317E-001
 2.3600143E+002, 8.7403943E+003,-3.5150597E+003,-5.1215626E+003,-1.7723696E+002,-8.3117315E-001, 0.0000000E+000, 0.0000000E+000, 0.0000000E+000,-9.4887802E+001,-7.4296061E+001, 7.5457317E-001
 2.3700121E+002, 1.0229815E+004,-3.7981415E+003,-6.1433832E+003,-1.6628983E+002,-7.2259541E-001, 0.0000000E+000, 0.0000000E+000, 0.0000000E+000, 7.3340548E+001, 1.2127761E+002, 7.5457317E-001
 2.3800304E+002, 1.0642393E+004,-4.0612815E+003,-6.3874058E+003,-1.7229186E+002,-7.5153477E-001, 0.0000000E+000, 0.0000000E+000, 0.0000000E+000, 4.8700798E+000, 2.0662612E+001, 7.5457317E-001
 2.3900378E+002, 9.7960013E+003,-3.8128448E+003,-5.8370420E+003,-1.7983619E+002,-7.7534860E-001, 0.0000000E+000, 0.0000000E+000, 0.0000000E+000,-2.5675752E+001,-3.4497013E+001, 7.5457317E-001
 2.4000203E+002, 9.9418412E+003,-3.8935811E+003,-5.8261722E+003,-1.8156948E+002,-8.9778564E-001, 0.0000000E+000, 0.0000000E+000, 0.0000000E+000, 2.5435004E+001, 3.9620636E+001, 7.5457317E-001
 2.4100247E+002, 9.8456484E+003,-3.8057645E+003,-5.8792527E+003,-1.7107722E+002,-7.3653186E-001, 0.0000000E+000, 0.0000000E+000, 0.0000000E+000,-4.7568969E+001,-1.1182595E+001, 7.5457317E-001
 2.4200391E+002, 9.9861744E+003,-3.8843215E+003,-5.8724539E+003,-1.7975414E+002,-8.7034458E-001, 0.0000000E+000, 0.0000000E+000, 0.0000000E+000, 3.2554630E+001, 4.8774501E+001, 7.5457317E-001
 2.4300275E+002, 9.7209825E+003,-3.7431382E+003,-5.7857601E+003,-1.6891682E+002,-7.9494963E-001, 0.0000000E+000, 0.0000000E+000, 0.0000000E+000,-1.2157190E+001, 2.2372404E+001, 7.5457317E-001
 2.4400307E+002, 9.8693511E+003,-3.8711722E+003,-5.8319516E+003,-1.7574850E+002,-7.6683366E-001, 0.0000000E+000, 0.0000000E+000, 0.0000000E+000,-7.0640806E+000,-1.0288018E+001, 7.5457317E-001
 2.4500333E+002, 9.3534080E+003,-3.6258645E+003,-5.5411359E+003,-1.6550576E+002,-7.4782825E-001, 0.0000000E+000, 0.0000000E+000, 0.0000000E+000,-1.2020127E+000, 2.0154062E+001, 7.5457317E-001
 2.4600291E+002, 1.0266204E+004,-3.9505988E+003,-6.0456425E+003,-1.6536940E+002,-7.4830574E-001, 0.0000000E+000, 0.0000000E+000, 0.0000000E+000, 9.4804136E+001, 1.0384526E+002, 7.5457317E-001
 2.4700063E+002, 9.4189855E+003,-3.6420234E+003,-5.6701376E+003,-1.6337258E+002,-6.8768272E-001, 0.0000000E+000, 0.0000000E+000, 0.0000000E+000,-9.3776953E+001,-5.7235695E+001, 7.5457317E-001
 2.4800444E+002, 9.6832272E+003,-3.7536479E+003,-5.7088600E+003,-1.6880044E+002,-7.7061895E-001, 0.0000000E+000, 0.0000000E+000, 0.0000000E+000, 4.9993208E+001, 5.1148358E+001, 7.5457317E-001
 2.4900073E+002, 9.3532792E+003,-3.6515889E+003,-5.5789594E+003,-1.6724564E+002,-9.5428909E-001, 0.0000000E+000, 0.0000000E+000, 0.0000000E+000,-5.7492545E+001,-4.5468969E+001, 7.5457317E-001
 2.5000523E+002, 1.0267392E+004,-3.9589873E+003,-6.1039085E+003,-1.6409022E+002,-7.9262328E-001, 0.0000000E+000, 0.0000000E+000, 0.0000000E+000, 2.2854470E+001, 3.9612981E+001, 7.5457317E-001
 2.5100233E+002, 9.4950087E+003,-3.6481816E+003,-5.6977741E+003,-1.6063835E+002,-7.1496984E-001, 0.0000000E+000, 0.0000000E+000, 0.0000000E+000,-3.0961456E+001,-1.2300312E+001, 7.5457317E-001
 2.5200282E+002, 9.6725341E+003,-3.6511821E+003,-5.8224091E+003,-1.5928450E+002,-6.9362615E-001, 0.0000000E+000, 0.0000000E+000, 0.0000000E+000, 2.2959050E+001, 3.8964782E+001, 7.5457317E-001
 2.5300291E+002, 9.6093793E+003,-3.6208766E+003,-5.8120664E+003,-1.5365199E+002,-6.4494911E-001, 0.0000000E+000, 0.0000000E+000, 0.0000000E+000,-2.1875034E+001, 2.2139241E+001, 7.5457317E-001
 2.5400397E+002, 9.8294614E+003,-3.8091222E+003,-5.8373298E+003,-1.6036331E+002,-6.8596879E-001, 0.0000000E+000, 0.0000000E+000, 0.0000000E+000, 1.9530226E+001, 2.1960139E+001, 7.5457317E-001
 2.5500473E+002, 9.5774008E+003,-3.7525362E+003,-5.6437386E+003,-1.5917468E+002,-6.7954486E-001, 0.0000000E+000, 0.0000000E+000, 0.0000000E+000, 6.3955860E+000, 2.1271804E+001, 7.5457317E-001
 2.5600119E+002, 1.1026280E+004,-4.2054921E+003,-6.6154850E+003,-1.6252278E+002,-6.8841645E-001, 0.0000000E+000, 0.0000000E+000, 0.0000000E+000, 3.0001987E+001, 4.2091635E+001, 7.5457317E-001
 2.5700391E+002, 9.9397749E+003,-3.7809166E+003,-6.0170024E+003,-1.5761585E+002,-7.2049925E-001, 0.0000000E+000, 0.0000000E+000, 0.0000000E+000,-3.7305340E+001,-1.6480501E+001, 7.5457317E-001
 2.5800043E+002, 9.9267320E+003,-3.8004044E+003,-5.9511382E+003,-1.6252493E+002,-7.6311849E-001, 0.0000000E+000, 0.0000000E+000, 0.0000000E+000, 1.2182039E+001, 1.1901388E+001, 7.5457317E-001
 2.5900049E+002, 9.7961755E+003,-3.7872539E+003,-5.8046986E+003,-1.5166850E+002,-6.4194827E-001, 0.0000000E+000, 0.0000000E+000, 0.0000000E+000, 5.3954230E+000, 5.1912557E+001, 7.5457317E-001
 2.6000040E+002, 1.0786914E+004,-4.1026610E+003,-6.4748840E+003,-1.5609297E+002,-7.1642193E-001, 0.0000000E+000, 0.0000000E+000, 0.0000000E+000, 2.6270631E+001, 5.2559856E+001, 7.5457317E-001
 2.6100452E+002, 9.8399258E+003,-3.7544419E+003,-5.9464764E+003,-1.5174896E+002,-7.3759195E-001, 0.0000000E+000, 0.0000000E+000, 0.0000000E+000,-4.1469207E+001,-1.3479046E+001, 7.5457317E-001
 2.6200510E+002, 9.8824717E+003,-3.7749671E+003,-5.9272909E+003,-1.4937440E+002,-7.1056456E-001, 0.0000000E+000, 0.0000000E+000, 0.0000000E+000, 1.7392974E+001, 3.0128668E+001, 7.5457317E-001
 2.6300070E+002, 1.0160530E+004,-3.8887581E+003,-6.1053543E+003,-1.5093964E+002,-7.8573160E-001, 0.0000000E+000, 0.0000000E+000, 0.0000000E+000,-6.7780754E+000, 1.4692378E+001, 7.5457317E-001
 2.6400342E+002, 9.7573218E+003,-3.7338658E+003,-5.8787322E+003,-1.4590563E+002,-7.0474667E-001, 0.0000000E+000, 0.0000000E+000, 0.0000000E+000,-2.3751124E+001,-1.8865671E+000, 7.5457317E-001
 2.6500421E+002, 1.0030257E+004,-3.7846824E+003,-6.0834387E+003,-1.4327505E+002,-6.5635293E-001, 0.0000000E+000, 0.0000000E+000, 0.0000000E+000,-1.6533382E+001, 1.8204206E+001, 7.5457317E-001
 2.6600171E+002, 1.0149468E+004,-3.8367823E+003,-6.1346127E+003,-1.4705900E+002,-6.8354925E-001, 0.0000000E+000, 0.0000000E+000, 0.0000000E+000, 1.8808165E+001, 3.0330102E+001, 7.5457317E-001
 2.6700317E+002, 9.8308524E+003,-3.7329253E+003,-5.9312929E+003,-1.4798780E+002,-6.8061057E-001, 0.0000000E+000, 0.0000000E+000, 0.0000000E+000, 1.3041927E+001, 1.7965758E+001, 7.5457317E-001
 2.6800311E+002, 1.0087350E+004,-3.8422681E+003,-6.0871965E+003,-1.4512865E+002,-6.5993926E-001, 0.0000000E+000, 0.0000000E+000, 0.0000000E+000, 7.4601141E+000, 1.2096968E+001, 7.5457317E-001
 2.6900171E+002, 9.5131766E+003,-3.6572182E+003,-5.6919986E+003,-1.4452152E+002,-6.6503225E-001, 0.0000000E+000, 0.0000000E+000, 0.0000000E+000,-1.5856092E+001, 1.8773164E+001, 7.5457317E-001
 2.7000024E+002, 1.0058061E+004,-3.8404654E+003,-6.0420982E+003,-1.4565535E+002,-7.2629049E-001, 0.0000000E+000, 0.0000000E+000, 0.0000000E+000, 7.7537872E-001, 2.9115991E+001, 7.5457317E-001
 2.7100220E+002, 1.0613459E+004,-4.0154919E+003,-6.3898460E+003,-1.4219047E+002,-6.4698163E-001, 0.0000000E+000, 0.0000000E+000, 0.0000000E+000, 5.6735523E+001, 6.5283609E+001, 7.5457317E-001
 2.7200085E+002, 9.6800927E+003,-3.7173871E+003,-5.8068499E+003,-1.4796664E+002,-7.1523658E-001, 0.0000000E+000, 0.0000000E+000, 0.0000000E+000,-3.0852132E+001, 7.1738847E+000, 7.5457317E-001
 2.7300165E+002, 1.0344846E+004,-3.9229510E+003,-6.2400818E+003,-1.5251944E+002,-7.3972515E-001, 0.0000000E+000, 0.0000000E+000, 0.0000000E+000, 6.0517608E+000, 2.8554345E+001, 7.5457317E-001
 2.7400055E+002, 9.9889312E+003,-3.8444160E+003,-6.0078467E+003,-1.4542324E+002,-6.8279081E-001, 0.0000000E+000, 0.0000000E+000, 0.0000000E+000,-2.7251243E+001,-9.4375946E+000, 7.5457317E-001
 2.7500427E+002, 9.9731643E+003,-3.7671802E+003,-6.0544856E+003,-1.4507092E+002,-7.8410773E-001, 0.0000000E+000, 0.0000000E+000, 0.0000000E+000,-1.1746434E+001, 5.6434961E+000, 7.5457317E-001
 2.7600027E+002, 1.0159249E+004,-3.8025057E+003,-6.1617064E+003,-1.4207640E+002,-7.3127983E-001, 0.0000000E+000, 0.0000000E+000, 0.0000000E+000, 1.9501570E+001, 5.2228811E+001, 7.5457317E-001
 2.7700021E+002, 1.0876199E+004,-4.0624292E+003,-6.6149890E+003,-1.4042833E+002,-6.4785761E-001, 0.0000000E+000, 0.0000000E+000, 0.0000000E+000, 2.2345189E+001, 5.7704412E+001, 7.5457317E-001
 2.7800183E+002, 1.0541593E+004,-4.0255738E+003,-6.3416250E+003,-1.4816095E+002,-7.1820183E-001, 0.0000000E+000, 0.0000000E+000, 0.0000000E+000, 5.6625227E+000, 2.5514948E+001, 7.5457317E-001
 2.7900143E+002, 9.9841418E+003,-3.8289540E+003,-6.0135736E+003,-1.4860316E+002,-7.4247488E-001, 0.0000000E+000, 0.0000000E+000, 0.0000000E+000,-1.6130734E+001,-7.7314476E+000, 7.5457317E-001
 2.8000412E+002, 9.9374577E+003,-3.8006962E+003,-5.9746916E+003,-1.4393428E+002,-7.0612015E-001, 0.0000000E+000, 0.0000000E+000, 0.0000000E+000, 2.9682319E+000, 1.7429454E+001, 7.5457317E-001
 2.8100122E+002, 1.0436031E+004,-3.9577257E+003,-6.2857214E+003,-1.4047904E+002,-6.6581582E-001, 0.0000000E+000, 0.0000000E+000, 0.0000000E+000, 2.2136055E+001, 5.1438810E+001, 7.5457317E-001
 2.8200516E+002, 1.0419377E+004,-3.9272268E+003,-6.3601859E+003,-1.4531272E+002,-8.1093976E-001, 0.0000000E+000, 0.0000000E+000, 0.0000000E+000,-3.0140345E+001,-1.4158987E+001, 7.5457317E-001
 2.8300098E+002, 9.9753894E+003,-3.7697548E+003,-6.0057512E+003,-1.3897131E+002,-7.3027709E-001, 0.0000000E+000, 0.0000000E+000, 0.0000000E+000, 2.5430830E+001, 6.0181794E+001, 7.5457317E-001
 2.8400189E+002, 1.0334876E+004,-3.9226866E+003,-6.2304638E+003,-1.4120518E+002,-7.6046895E-001, 0.0000000E+000, 0.0000000E+000, 0.0000000E+000, 3.4703044E+001, 3.9759727E+001, 7.5457317E-001
 2.8500217E+002, 9.9427037E+003,-3.7931361E+003,-6.0472183E+003,-1.3768594E+002,-6.7047812E-001, 0.0000000E+000, 0.0000000E+000, 0.0000000E+000,-5.4135081E+001,-3.6007004E+001, 7.5457317E-001
 2.8600323E+002, 1.0209602E+004,-3.9133454E+003,-6.1017707E+003,-1.4500168E+002,-6.9001109E-001, 0.0000000E+000, 0.0000000E+000, 0.0000000E+000, 2.8708594E+001, 4.8793916E+001, 7.5457317E-001
 2.8700165E+002, 1.0412401E+004,-3.9613924E+003,-6.2560511E+003,-1.4855564E+002,-7.9901364E-001, 0.0000000E+000, 0.0000000E+000, 0.0000000E+000, 5.3026697E+000, 4.5603102E+001, 7.5457317E-001
 2.8800034E+002, 1.0045461E+004,-3.8511988E+003,-6.0121710E+003,-1.4886590E+002,-6.8154299E-001, 0.0000000E+000, 0.0000000E+000, 0.0000000E+000, 1.5446148E+001, 3.2543223E+001, 7.5457317E-001
 2.8900049E+002, 9.7936652E+003,-3.7751378E+003,-5.8718335E+003,-1.3708551E+002,-6.2484275E-001, 0.0000000E+000, 0.0000000E+000, 0.0000000E+000,-2.3395845E+001, 8.9835838E+000, 7.5457317E-001
 2.9000067E+002, 1.0219211E+004,-3.8601459E+003,-6.2057634E+003,-1.3179868E+002,-6.5414204E-001, 0.0000000E+000, 0.0000000E+000, 0.0000000E+000, 8.7336598E+000, 2.0849367E+001, 7.5457317E-001
 2.9100317E+002, 1.0622186E+004,-4.0539613E+003,-6.3968939E+003,-1.4222800E+002,-6.7739210E-001, 0.0000000E+000, 0.0000000E+000, 0.0000000E+000, 1.0453578E+001, 2.8425303E+001, 7.5457317E-001
 2.9200351E+002, 9.8558419E+003,-3.8184611E+003,-5.9108799E+003,-1.4454266E+002,-6.9437610E-001, 0.0000000E+000, 0.0000000E+000, 0.0000000E+000,-2.9932129E+001,-1.8736101E+001, 7.5457317E-001
 2.9300281E+002, 9.6904906E+003,-3.6424851E+003,-5.8837099E+003,-1.3321924E+002,-6.8451943E-001, 0.0000000E+000, 0.0000000E+000, 0.0000000E+000,-4.0429513E+000, 3.0391773E+001, 7.5457317E-001
 2.9400049E+002, 1.0493976E+004,-3.9983405E+003,-6.3109266E+003,-1.3699715E+002,-6.5550432E-001, 0.0000000E+000, 0.0000000E+000, 0.0000000E+000, 3.4131798E+001, 4.7056176E+001, 7.5457317E-001
 2.9500201E+002, 9.8838557E+003,-3.7627285E+003,-6.0023205E+003,-1.3416004E+002,-7.4948989E-001, 0.0000000E+000, 0.0000000E+000, 0.0000000E+000,-2.6680089E+001,-1.6102892E+001, 7.5457317E-001
 2.9600015E+002, 1.0426457E+004,-3.9708637E+003,-6.2484555E+003,-1.4135370E+002,-7.2043360E-001, 0.0000000E+000, 0.0000000E+000, 0.0000000E+000, 4.5972491E+001, 6.5064122E+001, 7.5457317E-001
 2.9700323E+002, 1.0625009E+004,-4.0069273E+003,-6.4593287E+003,-1.3661647E+002,-7.5727602E-001, 0.0000000E+000, 0.0000000E+000, 0.0000000E+000,-2.0220236E+001, 2.1379248E+001, 7.5457317E-001
 2.9800171E+002, 9.9398684E+003,-3.7974889E+003,-5.9841249E+003,-1.4142743E+002,-7.4223711E-001, 0.0000000E+000, 0.0000000E+000, 0.0000000E+000,-1.4584927E+000, 1.6084984E+001, 7.5457317E-001
 2.9900504E+002, 8.9580771E+003,-3.4768026E+003,-5.3774027E+003,-1.3187752E+002,-7.6113234E-001, 0.0000000E+000, 0.0000000E+000, 0.0000000E+000,-6.9655241E+001,-2.8766871E+001, 7.5457317E-001
 3.0000165E+002, 1.1032225E+004,-4.0788027E+003,-6.7322864E+003,-1.3258749E+002,-7.2646648E-001, 0.0000000E+000, 0.0000000E+000, 0.0000000E+000, 8.0319554E+001, 8.7822366E+001, 7.5457317E-001
