s,kW,kW
Time,"Basement_HRR","First_Floor_HRR"
 0.0000000E+000, 0.0000000E+000, 0.0000000E+000
 3.1562274E-001, 1.7712511E-001, 0.0000000E+000
 6.0414198E-001, 4.4861135E-001, 0.0000000E+000
 9.0041493E-001, 3.3999414E+000, 0.0000000E+000
 1.2083766E+000, 2.9998848E+000, 0.0000000E+000
 1.5191829E+000, 1.9332402E+000, 0.0000000E+000
 1.8206651E+000, 5.5381131E+000, 0.0000000E+000
 2.1200879E+000, 7.6175690E+000, 0.0000000E+000
 2.4101700E+000, 1.0360416E+001, 0.0000000E+000
 2.7011132E+000, 9.8670855E+000, 0.0000000E+000
 3.0103839E+000, 5.6337190E+000, 0.0000000E+000
 3.3023065E+000, 7.5687375E+000, 0.0000000E+000
 3.6135303E+000, 1.4384532E+001, 1.0669841E-009
 3.9082681E+000, 1.6790123E+001, 1.8459950E-006
 4.2001099E+000, 1.7092783E+001, 4.9891160E-006
 4.5011717E+000, 1.9734690E+001, 4.0937766E-006
 4.8024140E+000, 3.7782238E+001, 6.2568315E-006
 5.1104768E+000, 4.8839516E+001, 6.3218345E-006
 5.4010914E+000, 3.0170185E+001, 2.7520657E-006
 5.7025094E+000, 2.2353455E+001, 8.4530104E-005
 6.0054936E+000, 1.3517273E+001, 6.0776383E-005
 6.3084779E+000, 1.7433487E+001, 2.6737423E-005
 6.6036431E+000, 1.8200827E+001, 3.0302748E-005
 6.9023729E+000, 2.0175877E+001, 6.4384039E-005
 7.2030636E+000, 3.3325027E+001, 8.6482127E-005
 7.5063914E+000, 2.3709665E+001, 4.9359009E-005
 7.8073919E+000, 1.7023445E+001, 1.6713339E-004
 8.1046926E+000, 1.6358770E+001, 7.4789081E-005
 8.4043364E+000, 2.1083355E+001, 3.3666885E-005
 8.7025459E+000, 3.0328394E+001, 2.8235749E-005
 9.0093444E+000, 2.6632231E+001, 1.4691528E-004
 9.3036527E+000, 3.0752697E+001, 2.3089437E-004
 9.6071517E+000, 3.4372265E+001, 2.8636350E-004
 9.9038113E+000, 4.0802044E+001, 3.5220373E-004
 1.0200503E+001, 4.8146030E+001, 1.1456563E-003
 1.0502279E+001, 3.3438999E+001, 1.6141270E-003
 1.0803843E+001, 2.8331938E+001, 2.2752126E-004
 1.1105293E+001, 3.7125954E+001, 8.7091204E-004
 1.1404104E+001, 5.2456573E+001, 7.6564297E-004
 1.1706110E+001, 3.5023651E+001, 1.6786515E-004
 1.2004495E+001, 4.3109783E+001, 7.1040587E-005
 1.2304693E+001, 7.4084785E+001, 4.7052679E-005
 1.2608978E+001, 5.5759483E+001, 2.5162974E-005
 1.2903121E+001, 6.8303406E+001, 7.4125619E-006
 1.3202571E+001, 6.3405197E+001, 5.6513113E-006
 1.3500176E+001, 4.8301277E+001, 3.2778189E-006
 1.3807349E+001, 9.2794815E+001, 2.7508834E-006
 1.4102058E+001, 1.5570007E+002, 3.0565359E-006
 1.4400042E+001, 1.2745914E+002, 2.2389406E-006
 1.4700545E+001, 1.0867267E+002, 2.5561496E-005
 1.5000892E+001, 8.2587234E+001, 1.8932591E-005
 1.5305312E+001, 9.8651947E+001, 6.0330249E-006
 1.5600779E+001, 1.2802924E+002, 6.0314405E-006
 1.5905644E+001, 1.1652351E+002, 1.3970462E-005
 1.6206960E+001, 1.0941787E+002, 1.2802409E-005
 1.6502193E+001, 1.6458620E+002, 1.8134515E-006
 1.6802341E+001, 1.4724080E+002, 4.0389405E-006
 1.7101207E+001, 1.1775505E+002, 6.7228834E-006
 1.7400386E+001, 1.3236615E+002, 1.0462020E-005
 1.7702987E+001, 6.9952332E+001, 1.4446804E-005
 1.8005529E+001, 1.0362736E+002, 2.6598707E-005
 1.8301035E+001, 1.3763927E+002, 1.6637899E-004
 1.8604477E+001, 1.2637464E+002, 1.0140176E-004
 1.8905567E+001, 1.5778548E+002, 3.5385060E-004
 1.9205099E+001, 1.0470731E+002, 1.3618687E-001
 1.9501856E+001, 1.5079091E+002, 7.7259369E-002
 1.9801911E+001, 1.5944829E+002, 6.0559469E-003
 2.0102068E+001, 1.2063976E+002, 2.3742025E-003
 2.0401853E+001, 1.1995425E+002, 4.0743890E-004
 2.0704679E+001, 1.2053568E+002, 8.7912449E-005
 2.1002847E+001, 1.2834976E+002, 4.6129251E-005
 2.1301963E+001, 1.6047836E+002, 5.9799782E-005
 2.1604007E+001, 1.4925256E+002, 2.6226594E-004
 2.1904136E+001, 1.2250066E+002, 5.7915819E-004
 2.2201087E+001, 1.5729346E+002, 1.7992439E-004
 2.2502784E+001, 1.5837640E+002, 1.1493063E-004
 2.2800111E+001, 1.9105591E+002, 2.6630003E-002
 2.3100734E+001, 1.5484525E+002, 2.8643472E-002
 2.3400739E+001, 1.9649289E+002, 3.8414628E-003
 2.3703945E+001, 1.6220709E+002, 6.8776235E-003
 2.4000492E+001, 1.5126410E+002, 2.0631279E-003
 2.4300779E+001, 1.8368742E+002, 2.4924826E-004
 2.4604045E+001, 1.7926515E+002, 1.2592736E-004
 2.4903492E+001, 1.7831926E+002, 2.8786366E-004
 2.5202818E+001, 2.2051917E+002, 8.4617693E-004
 2.5504295E+001, 2.0278354E+002, 5.0681533E-004
 2.5802710E+001, 2.6592786E+002, 3.9862879E-003
 2.6101948E+001, 2.4858336E+002, 2.0940369E-003
 2.6401185E+001, 2.9939386E+002, 1.0045606E-003
 2.6705076E+001, 3.3223126E+002, 2.4656849E-003
 2.7003317E+001, 3.9878671E+002, 1.0055523E-002
 2.7300766E+001, 3.5046600E+002, 3.5741109E-001
 2.7601506E+001, 3.8237323E+002, 1.0747010E-001
 2.7902208E+001, 3.5934457E+002, 1.0976059E+000
 2.8205069E+001, 3.0008389E+002, 4.7526479E-001
 2.8504141E+001, 3.2233286E+002, 2.3294108E-002
 2.8801207E+001, 3.8228690E+002, 1.0315290E-002
 2.9103748E+001, 5.1017435E+002, 1.6190404E-003
 2.9403934E+001, 6.3267230E+002, 3.2559773E-003
 2.9703104E+001, 5.5866650E+002, 4.3691788E-003
 3.0003126E+001, 6.0626215E+002, 2.0837183E-003
 3.0303148E+001, 3.3466183E+002, 9.2492014E-004
 3.0603170E+001, 3.0994696E+002, 1.1763641E-003
 3.0900726E+001, 3.9168204E+002, 1.9649814E-003
 3.1201973E+001, 4.1284848E+002, 4.1256884E-001
 3.1502181E+001, 4.0960907E+002, 1.8507342E-001
 3.1805070E+001, 4.9077161E+002, 2.4293393E-002
 3.2102684E+001, 4.6751083E+002, 1.8560699E-003
 3.2401711E+001, 5.1262030E+002, 2.2736021E-004
 3.2702766E+001, 5.5003265E+002, 1.5987392E-004
 3.3003821E+001, 6.9813568E+002, 4.6916575E-005
 3.3303138E+001, 7.6737134E+002, 1.7156749E-004
 3.3600165E+001, 6.8196100E+002, 3.2326067E-004
 3.3904916E+001, 5.5685760E+002, 4.4193654E-003
 3.4204034E+001, 7.1074835E+002, 3.6384934E-003
 3.4503186E+001, 9.4712231E+002, 1.6810702E-002
 3.4802906E+001, 1.1451205E+003, 3.3399977E-002
 3.5101178E+001, 1.4173337E+003, 2.5334021E-001
 3.5402628E+001, 1.2820654E+003, 2.7564640E+000
 3.5704078E+001, 8.1716650E+002, 2.7287884E+000
 3.6002994E+001, 6.8545935E+002, 3.9534855E-001
 3.6300355E+001, 7.2057001E+002, 2.4832919E-002
 3.6600728E+001, 6.7894794E+002, 2.4712842E-003
 3.6903787E+001, 7.3033112E+002, 2.3970478E-004
 3.7202262E+001, 6.1164099E+002, 4.6934532E-005
 3.7503784E+001, 5.9008838E+002, 9.8022145E-005
 3.7802823E+001, 7.2484784E+002, 1.1678484E-002
 3.8101698E+001, 6.9877563E+002, 4.9370340E-001
 3.8403559E+001, 5.1077271E+002, 2.0586456E-001
 3.8703233E+001, 4.7588681E+002, 2.1442097E-002
 3.9001738E+001, 5.7637860E+002, 3.0299770E-003
 3.9301889E+001, 6.7970154E+002, 5.7988288E-004
 3.9600325E+001, 7.0547900E+002, 1.1491256E-002
 3.9903665E+001, 6.5013354E+002, 5.9469785E-003
 4.0204067E+001, 8.4995453E+002, 2.7967843E-003
 4.0500015E+001, 1.2378711E+003, 3.4819031E-001
 4.0802124E+001, 1.3510192E+003, 9.2507067E+000
 4.1100512E+001, 1.2153517E+003, 1.9912958E+001
 4.1400024E+001, 8.1886523E+002, 1.4299352E+001
 4.1703826E+001, 8.1094391E+002, 3.1016750E+000
 4.2000721E+001, 1.1251212E+003, 3.6632228E-001
 4.2304167E+001, 9.9618933E+002, 1.1564272E-001
 4.2601551E+001, 9.9742889E+002, 1.0458335E+000
 4.2901814E+001, 9.8001984E+002, 6.9515079E-002
 4.3200323E+001, 8.5834119E+002, 1.1390585E-001
 4.3501314E+001, 7.4196423E+002, 1.4064249E+000
 4.3802326E+001, 5.8076703E+002, 5.6472081E-001
 4.4102817E+001, 5.3130176E+002, 4.4141537E-001
 4.4400240E+001, 6.7623541E+002, 7.4063927E-002
 4.4703289E+001, 6.4553369E+002, 3.0604849E+000
 4.5001024E+001, 7.1405127E+002, 1.3432581E+001
 4.5301487E+001, 6.8458569E+002, 9.0320435E+000
 4.5600889E+001, 5.6028143E+002, 2.6350803E+000
 4.5900038E+001, 6.6315192E+002, 2.4795206E-001
 4.6200137E+001, 9.4640436E+002, 1.1701959E-001
 4.6502731E+001, 9.5495361E+002, 1.7049307E-001
 4.6802419E+001, 1.1718649E+003, 7.2467977E-001
 4.7102133E+001, 1.3541267E+003, 4.1026109E-001
 4.7402913E+001, 1.3978058E+003, 1.0744243E+000
 4.7702793E+001, 1.6572482E+003, 4.3123589E+000
 4.8003927E+001, 1.6437197E+003, 4.3132175E+001
 4.8300082E+001, 1.4641582E+003, 7.9426476E+001
 4.8601576E+001, 1.1949438E+003, 6.2656755E+000
 4.8902175E+001, 1.2640684E+003, 4.4833097E-001
 4.9203045E+001, 1.2697700E+003, 4.0416589E-001
 4.9501651E+001, 1.1421301E+003, 6.2328774E-001
 4.9800831E+001, 1.1750688E+003, 3.6423251E-001
 5.0102444E+001, 1.0226815E+003, 2.4140339E+000
 5.0400398E+001, 6.7210736E+002, 1.1544610E+000
 5.0701989E+001, 5.1602118E+002, 1.2256764E+000
 5.1002242E+001, 6.5870721E+002, 7.1484303E-001
 5.1303421E+001, 8.9479401E+002, 4.4027951E-001
 5.1601992E+001, 1.0217205E+003, 4.3741050E+000
 5.1900431E+001, 1.0332434E+003, 3.2890890E+000
 5.2201708E+001, 1.1354713E+003, 2.9294193E-001
 5.2502298E+001, 1.1113766E+003, 8.8275924E-002
 5.2804064E+001, 1.3074812E+003, 8.8159777E-002
 5.3101369E+001, 1.2971931E+003, 1.4897294E-001
 5.3402711E+001, 1.5704185E+003, 1.3822104E+000
 5.3700207E+001, 1.2506688E+003, 1.5136904E+001
 5.4002948E+001, 1.1022633E+003, 8.6260405E+000
 5.4303321E+001, 1.0626550E+003, 1.4754175E+000
 5.4601297E+001, 1.0366125E+003, 6.6653782E-001
 5.4902478E+001, 9.9110718E+002, 3.0568221E-001
 5.5202033E+001, 1.1429138E+003, 8.3046370E+000
 5.5503510E+001, 1.1982424E+003, 1.0625381E+001
 5.5803245E+001, 1.0501460E+003, 1.1562757E+000
 5.6102892E+001, 1.2738840E+003, 9.4100498E-002
 5.6402214E+001, 1.1671519E+003, 2.5596246E-001
 5.6700518E+001, 1.2436176E+003, 2.5787735E+000
 5.7000029E+001, 9.8769336E+002, 1.1842804E+001
 5.7303835E+001, 9.2010272E+002, 9.9882202E+000
 5.7601882E+001, 1.0914326E+003, 3.7293134E+000
 5.7902903E+001, 1.0839165E+003, 9.4746523E+000
 5.8201481E+001, 1.0898749E+003, 2.5662811E+000
 5.8500907E+001, 1.1719529E+003, 5.6508869E-001
 5.8800270E+001, 1.2966266E+003, 4.8470788E-002
 5.9103622E+001, 1.1185173E+003, 6.3339256E-002
 5.9400898E+001, 1.3171104E+003, 1.3536638E-001
 5.9703181E+001, 1.5035704E+003, 1.3005315E-001
 6.0002341E+001, 1.1997334E+003, 1.5536271E+000
 6.0300279E+001, 1.2814821E+003, 1.7763003E+000
 6.0603407E+001, 1.3269712E+003, 3.3414438E+000
 6.0901644E+001, 1.3073374E+003, 5.6320853E+000
 6.1202454E+001, 1.4601050E+003, 2.6777220E+000
 6.1501358E+001, 1.6890867E+003, 6.2636881E+000
 6.1802653E+001, 1.6777449E+003, 5.2711816E+000
 6.2100003E+001, 1.7165592E+003, 8.4981689E+000
 6.2400475E+001, 1.9871263E+003, 3.7861076E+001
 6.2700637E+001, 1.8356157E+003, 2.0078995E+001
 6.3001527E+001, 1.4921727E+003, 5.9752247E+001
 6.3302204E+001, 1.5217822E+003, 6.8044586E+001
 6.3600162E+001, 1.6530573E+003, 2.2926867E+001
 6.3900500E+001, 1.7122367E+003, 1.2616562E+001
 6.4201683E+001, 1.6613168E+003, 9.0536636E+001
 6.4500364E+001, 1.8951423E+003, 3.0162918E+002
 6.4802845E+001, 1.7760358E+003, 2.2395064E+002
 6.5100134E+001, 1.6989615E+003, 1.5834718E+002
 6.5402609E+001, 1.7675049E+003, 1.1323871E+002
 6.5700569E+001, 1.6463900E+003, 3.0720642E+001
 6.6001621E+001, 1.3674730E+003, 2.3813845E+001
 6.6303531E+001, 1.5512913E+003, 1.7469002E+001
 6.6603748E+001, 1.5943822E+003, 4.0667052E+000
 6.6903668E+001, 1.4526741E+003, 1.5191930E+001
 6.7200191E+001, 1.4979067E+003, 2.7823875E+001
 6.7501694E+001, 1.5302961E+003, 7.8864255E+000
 6.7800103E+001, 1.3987181E+003, 2.0948448E+000
 6.8100160E+001, 1.5113928E+003, 2.1120179E+000
 6.8400702E+001, 1.5981097E+003, 7.5069314E-001
 6.8701057E+001, 1.7115912E+003, 2.2109766E+000
 6.9001554E+001, 1.9355107E+003, 2.4003723E+000
 6.9302817E+001, 1.6776150E+003, 2.2190144E+000
 6.9602451E+001, 1.6761105E+003, 2.5533164E+000
 6.9900672E+001, 1.4279249E+003, 6.4025445E+000
 7.0201020E+001, 1.2957185E+003, 4.7978525E+000
 7.0501940E+001, 1.3511527E+003, 3.7497928E+000
 7.0803768E+001, 1.6029231E+003, 6.2947863E-001
 7.1101675E+001, 1.6487104E+003, 1.0227674E+000
 7.1401482E+001, 1.4515923E+003, 2.8283930E+000
 7.1702264E+001, 1.5523663E+003, 3.1672225E+000
 7.2002414E+001, 1.5412017E+003, 2.5428324E+000
 7.2301064E+001, 1.6158357E+003, 6.7614374E+000
 7.2601291E+001, 1.6910801E+003, 6.5199981E+000
 7.2903841E+001, 1.6103029E+003, 3.4325736E+000
 7.3202426E+001, 1.5391445E+003, 1.1705267E+000
 7.3503748E+001, 1.4674513E+003, 4.1724706E-001
 7.3800558E+001, 1.5296255E+003, 1.7743021E+000
 7.4100377E+001, 1.6478910E+003, 2.2249575E+000
 7.4403075E+001, 1.4324839E+003, 2.6913061E+000
 7.4702959E+001, 1.5005662E+003, 7.8831596E+000
 7.5003301E+001, 1.4142177E+003, 1.2536763E+001
 7.5300656E+001, 1.3422893E+003, 8.4577637E+000
 7.5601676E+001, 1.4120815E+003, 9.5319533E-001
 7.5902641E+001, 1.5089081E+003, 1.7349356E+000
 7.6201062E+001, 1.4542428E+003, 5.7061787E+000
 7.6502397E+001, 1.5297241E+003, 2.0328880E+001
 7.6800880E+001, 1.4279215E+003, 4.5681548E+000
 7.7100815E+001, 1.4838561E+003, 4.8794031E+000
 7.7400266E+001, 1.5044000E+003, 5.5696049E+000
 7.7703539E+001, 1.6139423E+003, 1.7252686E+000
 7.8001701E+001, 1.4032400E+003, 1.9298809E+000
 7.8301143E+001, 1.5529149E+003, 2.0972705E+000
 7.8603262E+001, 1.5871357E+003, 1.1622397E+000
 7.8902776E+001, 1.4006486E+003, 1.9421847E+000
 7.9201736E+001, 1.5426377E+003, 1.8748045E+000
 7.9501758E+001, 1.8265717E+003, 3.7828831E+001
 7.9801840E+001, 1.7275193E+003, 4.2083794E+001
 8.0101408E+001, 1.7048588E+003, 7.3639975E+000
 8.0401059E+001, 1.7221492E+003, 7.7976556E+000
 8.0703063E+001, 1.7858491E+003, 8.6624737E+000
 8.1002082E+001, 1.7577700E+003, 6.5259337E+000
 8.1301964E+001, 1.7446057E+003, 3.3812729E+001
 8.1603236E+001, 1.7130767E+003, 1.0947294E+001
 8.1901325E+001, 1.5316660E+003, 3.0299072E+001
 8.2203391E+001, 1.5254391E+003, 1.9982800E+001
 8.2503073E+001, 1.6588821E+003, 2.0020271E+001
 8.2800118E+001, 1.5683685E+003, 6.3912251E+001
 8.3100957E+001, 1.6201870E+003, 5.7620552E+001
 8.3400648E+001, 1.7305559E+003, 9.9271950E+001
 8.3700693E+001, 1.7918833E+003, 1.3322507E+002
 8.4002108E+001, 1.9021995E+003, 1.5269460E+002
 8.4302805E+001, 1.9484668E+003, 1.8219969E+002
 8.4601087E+001, 1.7338613E+003, 2.2002675E+002
 8.4901404E+001, 1.8424171E+003, 7.0720291E+001
 8.5201842E+001, 1.7295898E+003, 5.9986835E+000
 8.5500746E+001, 1.5728918E+003, 3.2037106E+000
 8.5800872E+001, 1.5845413E+003, 1.1781746E+001
 8.6100655E+001, 1.5546053E+003, 2.3693266E+001
 8.6402046E+001, 1.6454470E+003, 1.5355040E+001
 8.6701826E+001, 1.6476610E+003, 7.3893037E+000
 8.7000472E+001, 1.8628254E+003, 4.4914732E+000
 8.7302751E+001, 1.8363088E+003, 1.2985522E+001
 8.7603708E+001, 1.8291600E+003, 4.6252065E+000
 8.7900558E+001, 1.8356775E+003, 5.1115351E+000
 8.8200869E+001, 1.8993075E+003, 1.1972388E+001
 8.8502334E+001, 1.7833750E+003, 4.2446542E+000
 8.8800842E+001, 1.5465599E+003, 1.8097124E+000
 8.9100302E+001, 1.5182572E+003, 1.1799242E+001
 8.9400860E+001, 1.4268956E+003, 1.4063767E+001
 8.9700718E+001, 1.4554427E+003, 7.1871061E+000
 9.0002508E+001, 1.4653901E+003, 6.1564188E+000
 9.0302486E+001, 1.7223015E+003, 3.0740321E+000
 9.0601259E+001, 1.7643523E+003, 8.6812429E+000
 9.0901412E+001, 1.8137728E+003, 1.0580075E+001
 9.1202831E+001, 1.8301136E+003, 1.2323071E+001
 9.1500279E+001, 1.7072576E+003, 4.8827152E+000
 9.1801569E+001, 1.7853344E+003, 1.3562984E+001
 9.2101642E+001, 1.7082515E+003, 3.9233917E+001
 9.2400651E+001, 1.8191810E+003, 6.6031540E+001
 9.2702124E+001, 1.7822440E+003, 6.3044624E+001
 9.3003216E+001, 1.8285985E+003, 4.2033443E+001
 9.3300545E+001, 1.8272534E+003, 1.6772381E+001
 9.3603243E+001, 1.8950444E+003, 3.5147194E+001
 9.3902223E+001, 1.7293365E+003, 6.8955322E+001
 9.4201313E+001, 1.7504061E+003, 1.5343242E+001
 9.4501116E+001, 1.7491409E+003, 1.4504681E+001
 9.4801186E+001, 1.5998286E+003, 7.0311389E+000
 9.5101042E+001, 1.5920430E+003, 8.8041019E+000
 9.5402046E+001, 1.7663550E+003, 2.4087786E+001
 9.5700203E+001, 1.6639275E+003, 2.3818199E+001
 9.6000493E+001, 1.6410055E+003, 2.4846828E+001
 9.6300152E+001, 1.6931681E+003, 1.8278210E+001
 9.6601214E+001, 1.7290474E+003, 1.0211818E+001
 9.6903088E+001, 1.7274257E+003, 1.5007887E+001
 9.7202874E+001, 1.6773390E+003, 3.1295437E+001
 9.7502889E+001, 1.6864639E+003, 6.2216805E+001
 9.7801365E+001, 1.8590156E+003, 9.5445427E+001
 9.8100245E+001, 1.7588782E+003, 8.1137726E+001
 9.8401542E+001, 1.7464623E+003, 6.8145004E+001
 9.8701223E+001, 1.6375060E+003, 7.8007248E+001
 9.9001209E+001, 1.8314641E+003, 7.7604973E+001
 9.9300771E+001, 1.6047373E+003, 5.1096752E+001
 9.9602825E+001, 1.6261089E+003, 5.4476181E+001
 9.9903096E+001, 1.8351357E+003, 2.3067159E+002
 1.0020107E+002, 2.2655376E+003, 6.0000842E+002
 1.0050044E+002, 2.7338372E+003, 9.9759821E+002
 1.0080074E+002, 2.7267566E+003, 7.8849188E+002
 1.0110175E+002, 2.1840601E+003, 5.7526550E+002
 1.0140189E+002, 1.8835123E+003, 4.7839249E+002
 1.0170187E+002, 2.1022759E+003, 5.8956134E+002
 1.0200281E+002, 2.5407458E+003, 6.6503955E+002
 1.0230353E+002, 2.5171328E+003, 5.7437341E+002
 1.0260119E+002, 2.0232025E+003, 6.9924695E+002
 1.0290217E+002, 1.7984641E+003, 3.8598221E+002
 1.0320148E+002, 1.4737794E+003, 3.4730295E+002
 1.0350113E+002, 1.6168278E+003, 4.8317358E+002
 1.0380142E+002, 1.8576631E+003, 2.0959862E+002
 1.0410304E+002, 2.1629712E+003, 8.4103622E+001
 1.0440252E+002, 2.2387117E+003, 6.1566433E+001
 1.0470231E+002, 2.4199922E+003, 1.3335094E+002
 1.0500320E+002, 2.5168452E+003, 1.0891953E+002
 1.0530019E+002, 2.5602803E+003, 1.3487215E+002
 1.0560034E+002, 2.7574788E+003, 3.2745715E+002
 1.0590038E+002, 2.8510146E+003, 1.0287098E+003
 1.0620112E+002, 2.2807908E+003, 8.0963269E+002
 1.0650296E+002, 2.1448652E+003, 3.0990604E+002
 1.0680120E+002, 2.4893816E+003, 3.5585556E+002
 1.0710304E+002, 2.6933818E+003, 2.8361298E+002
 1.0740331E+002, 2.3352742E+003, 1.3662868E+002
 1.0770023E+002, 1.8347357E+003, 3.1314297E+001
 1.0800388E+002, 1.9939241E+003, 4.8588047E+001
 1.0830292E+002, 1.7426544E+003, 4.4017864E+001
 1.0860075E+002, 1.7150428E+003, 9.3499039E+001
 1.0890337E+002, 2.0601838E+003, 6.0150642E+001
 1.0920220E+002, 1.7147460E+003, 7.5634506E+001
 1.0950193E+002, 1.8368833E+003, 5.3229126E+001
 1.0980137E+002, 1.9566499E+003, 7.5867195E+001
 1.1010024E+002, 1.5924838E+003, 1.8767363E+001
 1.1040125E+002, 1.6417384E+003, 1.8699726E+001
 1.1070353E+002, 1.8850803E+003, 1.3412671E+002
 1.1100041E+002, 1.8161790E+003, 1.6849190E+002
 1.1130140E+002, 1.9302881E+003, 4.3302863E+002
 1.1160028E+002, 2.0542937E+003, 2.9867050E+002
 1.1190132E+002, 2.0367244E+003, 8.7546219E+001
 1.1220304E+002, 2.1082092E+003, 2.6671366E+001
 1.1250199E+002, 2.2961243E+003, 7.7894745E+001
 1.1280150E+002, 2.3414541E+003, 6.0738102E+001
 1.1310327E+002, 2.0877061E+003, 1.4685080E+001
 1.1340041E+002, 2.0617324E+003, 7.9946699E+000
 1.1370232E+002, 2.1931765E+003, 5.5386326E+001
 1.1400186E+002, 1.9528250E+003, 1.6119356E+002
 1.1430184E+002, 1.8219583E+003, 1.9668471E+002
 1.1460318E+002, 1.7632051E+003, 9.3139748E+001
 1.1490217E+002, 1.7205562E+003, 2.6721759E+002
 1.1520133E+002, 1.6123990E+003, 1.8237749E+002
 1.1550077E+002, 1.3380813E+003, 4.2162491E+001
 1.1580060E+002, 1.0547079E+003, 7.2196302E+000
 1.1610005E+002, 1.2744159E+003, 6.3389411E+000
 1.1640083E+002, 1.4979137E+003, 9.4327400E+001
 1.1670180E+002, 1.7707408E+003, 1.4517329E+002
 1.1700035E+002, 1.7779043E+003, 1.4717047E+002
 1.1730258E+002, 1.9876488E+003, 2.0195520E+002
 1.1760248E+002, 2.2152632E+003, 1.1675151E+002
 1.1790103E+002, 1.7092198E+003, 5.5402004E+001
 1.1820283E+002, 1.5207159E+003, 1.5992470E+001
 1.1850001E+002, 1.3329366E+003, 3.4958477E+001
 1.1880279E+002, 1.2866265E+003, 1.1957467E+001
 1.1910346E+002, 1.3245164E+003, 1.1680143E+001
 1.1940071E+002, 1.1237999E+003, 5.7044258E+001
 1.1970040E+002, 9.9619788E+002, 2.9303493E+001
 1.2000188E+002, 1.3512849E+003, 8.8979807E+000
 1.2030047E+002, 1.6068705E+003, 1.0330379E+002
 1.2060126E+002, 1.2880906E+003, 4.7675793E+001
 1.2090086E+002, 1.5736249E+003, 3.2153927E+001
 1.2120161E+002, 1.7932189E+003, 1.5571671E+002
 1.2150327E+002, 1.3050898E+003, 2.6497424E+002
 1.2180179E+002, 1.3461641E+003, 1.4237910E+002
 1.2210256E+002, 1.6398147E+003, 2.2030569E+002
 1.2240359E+002, 2.0954141E+003, 3.6890277E+002
 1.2270333E+002, 2.2988918E+003, 1.7954135E+002
 1.2300197E+002, 1.9123726E+003, 7.4224170E+002
 1.2330057E+002, 1.8335615E+003, 3.0579279E+002
 1.2360345E+002, 1.7847059E+003, 6.9034470E+001
 1.2390240E+002, 1.8741592E+003, 1.8473106E+001
 1.2420296E+002, 1.4631733E+003, 2.5410149E+000
 1.2450132E+002, 1.4102229E+003, 1.6748338E+000
 1.2480285E+002, 2.2652366E+003, 3.3729359E+001
 1.2510304E+002, 2.2288320E+003, 1.2082889E+002
 1.2540036E+002, 1.8438348E+003, 3.6670166E+001
 1.2570006E+002, 2.2175129E+003, 8.8374344E+001
 1.2600036E+002, 2.3016785E+003, 6.9761176E+002
 1.2630304E+002, 2.5682031E+003, 8.0867560E+002
 1.2660125E+002, 2.6792075E+003, 1.2280088E+002
 1.2690295E+002, 2.2455059E+003, 2.6385648E+002
 1.2720357E+002, 2.3210554E+003, 1.7100117E+002
 1.2750075E+002, 2.3285330E+003, 6.6875903E+002
 1.2780120E+002, 1.9429604E+003, 4.5803769E+002
 1.2810093E+002, 2.0147345E+003, 1.8733905E+002
 1.2840167E+002, 2.0365034E+003, 2.6485519E+002
 1.2870222E+002, 2.0626277E+003, 7.6720284E+001
 1.2900167E+002, 1.9180037E+003, 8.6166313E+001
 1.2930216E+002, 1.9582338E+003, 3.0654652E+001
 1.2960221E+002, 1.8970321E+003, 2.8738092E+002
 1.2990387E+002, 1.5121918E+003, 1.9793065E+002
 1.3020167E+002, 1.5436606E+003, 1.0473705E+002
 1.3050072E+002, 1.7444850E+003, 1.2876575E+002
 1.3080016E+002, 1.7547794E+003, 9.6040245E+001
 1.3110293E+002, 1.8639252E+003, 3.2658699E+001
 1.3140182E+002, 1.8097832E+003, 1.2997256E+002
 1.3170135E+002, 1.8659918E+003, 2.5751337E+002
 1.3200207E+002, 2.0663967E+003, 5.4190649E+002
 1.3230335E+002, 1.7823173E+003, 4.3990588E+002
 1.3260039E+002, 1.6480908E+003, 2.6885405E+001
 1.3290016E+002, 1.5565491E+003, 9.6138382E+000
 1.3320265E+002, 1.8716494E+003, 6.8691391E+001
 1.3350336E+002, 2.0878000E+003, 2.5033167E+002
 1.3380278E+002, 2.1032158E+003, 1.5067876E+002
 1.3410278E+002, 1.5864147E+003, 4.9188850E+001
 1.3440125E+002, 1.8378125E+003, 5.4655479E+001
 1.3470266E+002, 1.6845060E+003, 3.6482822E+001
 1.3500354E+002, 1.4571573E+003, 7.3729012E+001
 1.3530177E+002, 1.8099071E+003, 5.3176987E+001
 1.3560258E+002, 1.9344402E+003, 1.2768216E+001
 1.3590064E+002, 2.2983384E+003, 1.2537447E+002
 1.3620327E+002, 2.2545989E+003, 1.8924652E+002
 1.3650110E+002, 1.8982344E+003, 7.5537308E+001
 1.3680044E+002, 2.2538293E+003, 4.6539700E+002
 1.3710306E+002, 2.3527109E+003, 4.8332013E+002
 1.3740046E+002, 1.9085521E+003, 3.5600681E+002
 1.3770131E+002, 1.8333000E+003, 8.1046783E+001
 1.3800293E+002, 1.8753162E+003, 6.1444862E+001
 1.3830168E+002, 1.7587775E+003, 1.4006676E+002
 1.3860154E+002, 1.8247205E+003, 1.0826997E+002
 1.3890145E+002, 2.1872874E+003, 1.8647554E+001
 1.3920127E+002, 2.5067571E+003, 3.0462891E+002
 1.3950112E+002, 2.3229338E+003, 4.3644614E+002
 1.3980255E+002, 2.2123733E+003, 4.6390814E+002
 1.4010148E+002, 1.7703219E+003, 2.4058310E+002
 1.4040184E+002, 1.7367671E+003, 9.2103584E+001
 1.4070087E+002, 1.2204763E+003, 4.8845451E+001
 1.4100105E+002, 1.3154022E+003, 2.1609621E+000
 1.4130302E+002, 1.2548542E+003, 4.1200395E+000
 1.4160135E+002, 1.4165775E+003, 2.9817176E+000
 1.4190162E+002, 1.8189385E+003, 9.1609558E+001
 1.4220153E+002, 1.2843801E+003, 1.3467402E+001
 1.4250357E+002, 9.8355103E+002, 4.4803090E+000
 1.4280041E+002, 1.0467249E+003, 1.3317933E+000
 1.4310169E+002, 8.7710974E+002, 1.0212560E+000
 1.4340014E+002, 8.0869720E+002, 1.4252626E+000
 1.4370050E+002, 1.1124390E+003, 7.1690673E-001
 1.4400182E+002, 1.3993855E+003, 7.0619597E+000
 1.4430143E+002, 1.1162610E+003, 8.2791367E+000
 1.4460147E+002, 1.4573820E+003, 3.6947610E+000
 1.4490121E+002, 1.6088292E+003, 1.7006229E+001
 1.4520207E+002, 1.0869725E+003, 1.0789066E+001
 1.4550324E+002, 1.1791058E+003, 7.9774771E+000
 1.4580038E+002, 1.1127780E+003, 4.8468447E+000
 1.4610314E+002, 1.3028827E+003, 9.2499069E+001
 1.4640142E+002, 1.2343894E+003, 1.5816243E+002
 1.4670008E+002, 1.3737313E+003, 4.2823586E+001
 1.4700375E+002, 1.8266232E+003, 1.0951845E+002
 1.4730298E+002, 2.1979578E+003, 1.2985585E+002
 1.4760128E+002, 2.0541370E+003, 1.3923520E+002
 1.4790200E+002, 1.1835028E+003, 3.1222523E+001
 1.4820075E+002, 9.6976569E+002, 5.5853801E+000
 1.4850283E+002, 1.3109819E+003, 5.0730953E+000
 1.4880087E+002, 1.8823730E+003, 9.9027206E+001
 1.4910153E+002, 1.8648488E+003, 2.1551051E+002
 1.4940059E+002, 1.6773945E+003, 2.3177771E+002
 1.4970346E+002, 1.7634546E+003, 5.7654263E+001
 1.5000186E+002, 1.3612463E+003, 1.8098152E+001
 1.5030074E+002, 1.5526200E+003, 1.0744244E+001
 1.5060364E+002, 1.5551479E+003, 3.7725410E+001
 1.5090333E+002, 1.3813844E+003, 1.7908190E+001
 1.5120006E+002, 1.5191797E+003, 6.7170853E+001
 1.5150025E+002, 1.2442766E+003, 8.4044006E+001
 1.5180103E+002, 1.3861130E+003, 6.7595093E+001
 1.5210058E+002, 2.0785830E+003, 6.3831245E+001
 1.5240315E+002, 1.7758187E+003, 1.0625249E+002
 1.5270293E+002, 1.7614648E+003, 1.2617479E+001
 1.5300282E+002, 1.5698890E+003, 3.3732479E+001
 1.5330167E+002, 1.3056030E+003, 5.3567724E+000
 1.5360262E+002, 1.3811547E+003, 1.0263120E+001
 1.5390115E+002, 1.2144437E+003, 3.5438763E+001
 1.5420014E+002, 1.5715675E+003, 3.9995438E+001
 1.5450226E+002, 1.9327842E+003, 4.0229580E+001
 1.5480199E+002, 1.4897496E+003, 5.7729268E+000
 1.5510321E+002, 1.6486594E+003, 2.2880203E+001
 1.5540055E+002, 1.8340472E+003, 1.8772029E+002
 1.5570286E+002, 1.7998972E+003, 8.5824219E+001
 1.5600219E+002, 1.7761674E+003, 1.7619516E+002
 1.5630073E+002, 1.6370750E+003, 8.7389824E+001
 1.5660311E+002, 1.5961179E+003, 5.0435516E+001
 1.5690048E+002, 2.0265294E+003, 8.5808060E+001
 1.5720089E+002, 1.8432109E+003, 1.8806436E+002
 1.5750257E+002, 1.4179429E+003, 3.3036797E+001
 1.5780070E+002, 1.2976302E+003, 9.7874823E+000
 1.5810277E+002, 1.7021140E+003, 1.7340065E+001
 1.5840113E+002, 2.0396068E+003, 8.8439590E+001
 1.5870181E+002, 1.6844753E+003, 1.7530802E+001
 1.5900257E+002, 2.0915369E+003, 1.2012199E+001
 1.5930237E+002, 2.3860193E+003, 9.0134605E+001
 1.5960228E+002, 2.4732974E+003, 5.7668949E+001
 1.5990147E+002, 2.0649561E+003, 1.6303843E+001
 1.6020272E+002, 1.7476033E+003, 2.0062811E+000
 1.6050299E+002, 1.1436035E+003, 1.7557107E+000
 1.6080039E+002, 1.2328781E+003, 2.1160409E+000
 1.6110156E+002, 1.4430511E+003, 9.0819317E-001
 1.6140060E+002, 1.3741490E+003, 2.7475271E+000
 1.6170249E+002, 1.3264692E+003, 3.7129266E+000
 1.6200072E+002, 1.0247111E+003, 1.8302517E+001
 1.6230026E+002, 1.0528503E+003, 1.0262549E+001
 1.6260217E+002, 1.1409323E+003, 4.5383144E+001
 1.6290335E+002, 1.1922939E+003, 5.6518078E+001
 1.6320339E+002, 1.4300587E+003, 1.7530052E+001
 1.6350281E+002, 1.6804205E+003, 2.8429203E+000
 1.6380271E+002, 1.8986785E+003, 2.6610391E+000
 1.6410375E+002, 2.0807520E+003, 1.8856567E+001
 1.6440172E+002, 2.0330521E+003, 5.2428505E+001
 1.6470067E+002, 2.1598525E+003, 1.6790021E+002
 1.6500023E+002, 2.1587778E+003, 1.3740761E+002
 1.6530038E+002, 2.1179800E+003, 9.2194107E+001
 1.6560295E+002, 1.8968369E+003, 6.0256439E+001
 1.6590167E+002, 1.9971700E+003, 8.2321785E+001
 1.6620264E+002, 1.9590168E+003, 9.2413841E+001
 1.6650019E+002, 1.9237573E+003, 9.1758682E+001
 1.6680197E+002, 1.6993085E+003, 1.9069315E+002
 1.6710245E+002, 1.6550193E+003, 1.3854236E+002
 1.6740275E+002, 1.6417336E+003, 6.7570068E+001
 1.6770227E+002, 1.5466158E+003, 2.7979126E+001
 1.6800305E+002, 1.6841752E+003, 3.2052811E+001
 1.6830242E+002, 1.5522474E+003, 5.1088192E+001
 1.6860137E+002, 1.4159451E+003, 4.9726578E+001
 1.6890192E+002, 1.6614664E+003, 4.1112785E+001
 1.6920332E+002, 1.5693611E+003, 4.5733608E+001
 1.6950081E+002, 1.4038944E+003, 8.5724991E+001
 1.6980080E+002, 1.4769377E+003, 6.1927818E+001
 1.7010202E+002, 1.5385945E+003, 7.8317604E+001
 1.7040103E+002, 1.5288655E+003, 6.5381531E+001
 1.7070256E+002, 1.7832681E+003, 9.6465179E+001
 1.7100175E+002, 1.9521351E+003, 1.8328445E+002
 1.7130165E+002, 2.1314116E+003, 2.9249060E+002
 1.7160259E+002, 2.1861907E+003, 3.6695276E+002
 1.7190153E+002, 1.8520549E+003, 4.1651315E+002
 1.7220176E+002, 2.0378933E+003, 4.5541608E+002
 1.7250031E+002, 2.3778826E+003, 5.5025647E+002
 1.7280133E+002, 2.1808687E+003, 5.5446667E+002
 1.7310311E+002, 2.0950342E+003, 5.9817554E+002
 1.7340208E+002, 2.0147571E+003, 6.8796887E+002
 1.7370278E+002, 2.0002452E+003, 5.4758228E+002
 1.7400363E+002, 1.9645513E+003, 5.0001974E+002
 1.7430129E+002, 1.7698430E+003, 4.1174091E+002
 1.7460227E+002, 1.7986637E+003, 4.3186615E+002
 1.7490082E+002, 1.9863462E+003, 4.0834348E+002
 1.7520351E+002, 2.3661387E+003, 3.4226364E+002
 1.7550285E+002, 2.7264707E+003, 2.2933904E+002
 1.7580050E+002, 2.8519038E+003, 2.5308820E+002
 1.7610022E+002, 2.4308252E+003, 1.9295552E+002
 1.7640150E+002, 2.7557102E+003, 2.5781570E+002
 1.7670342E+002, 2.9570544E+003, 2.7528967E+002
 1.7700029E+002, 2.6004771E+003, 3.3767816E+002
 1.7730207E+002, 2.6787627E+003, 2.9306238E+002
 1.7760195E+002, 2.6960247E+003, 3.5362509E+002
 1.7790004E+002, 2.4823687E+003, 3.2453195E+002
 1.7820230E+002, 2.1583936E+003, 3.0403900E+002
 1.7850336E+002, 1.9168387E+003, 2.4207550E+002
 1.7880179E+002, 2.0398928E+003, 1.6538986E+002
 1.7910016E+002, 2.0433956E+003, 3.8473010E+002
 1.7940097E+002, 1.9640631E+003, 4.5066751E+002
 1.7970138E+002, 2.0723040E+003, 2.1579567E+002
 1.8000108E+002, 1.9255032E+003, 4.8286584E+002
 1.8030242E+002, 2.4947334E+003, 2.3162212E+002
 1.8060051E+002, 2.9102651E+003, 7.3147253E+002
 1.8090304E+002, 3.0012178E+003, 9.8762323E+002
 1.8120005E+002, 2.5270952E+003, 1.1634076E+003
 1.8150089E+002, 2.3199561E+003, 6.1136499E+002
 1.8180145E+002, 2.6062620E+003, 2.3938718E+002
 1.8210034E+002, 2.4183176E+003, 7.9901550E+002
 1.8240085E+002, 2.3425830E+003, 9.9047754E+002
 1.8270232E+002, 2.5968250E+003, 4.4043735E+002
 1.8300275E+002, 2.4741375E+003, 8.6721352E+001
 1.8330304E+002, 2.0775146E+003, 2.3837161E+002
 1.8360112E+002, 2.5038926E+003, 3.8687784E+002
 1.8390262E+002, 2.3618547E+003, 7.2805200E+002
 1.8420144E+002, 2.5161699E+003, 3.0667300E+002
 1.8450001E+002, 2.5110105E+003, 5.6757782E+002
 1.8480140E+002, 2.3380891E+003, 5.3297046E+002
 1.8510281E+002, 2.4044163E+003, 2.1642892E+002
 1.8540135E+002, 2.1355342E+003, 6.9948952E+001
 1.8570148E+002, 2.1622546E+003, 2.5822662E+002
 1.8600180E+002, 2.0461691E+003, 1.8657570E+002
 1.8630316E+002, 2.1945635E+003, 2.1247566E+002
 1.8660076E+002, 2.4418572E+003, 7.9786842E+001
 1.8690070E+002, 2.5810996E+003, 2.6048773E+002
 1.8720342E+002, 1.7928284E+003, 2.7413492E+002
 1.8750367E+002, 1.4428999E+003, 8.0207245E+001
 1.8780237E+002, 1.5635082E+003, 1.1836834E+001
 1.8810255E+002, 1.7600323E+003, 3.3375378E+001
 1.8840122E+002, 1.7026678E+003, 2.5569338E+001
 1.8870309E+002, 1.6125608E+003, 1.9473206E+001
 1.8900053E+002, 1.3333606E+003, 7.5992188E+001
 1.8930252E+002, 1.3599487E+003, 2.8517380E+001
 1.8960020E+002, 1.3852192E+003, 2.5045765E+001
 1.8990018E+002, 1.2741926E+003, 5.6979060E+000
 1.9020237E+002, 1.2583351E+003, 2.8436647E+001
 1.9050015E+002, 1.6096366E+003, 3.9843605E+001
 1.9080125E+002, 1.7928927E+003, 1.6003565E+001
 1.9110151E+002, 1.9741034E+003, 4.7363911E+001
 1.9140212E+002, 1.4272422E+003, 7.1736549E+001
 1.9170036E+002, 1.0056898E+003, 4.5848813E+000
 1.9200287E+002, 1.2975074E+003, 1.1512422E+002
 1.9230065E+002, 1.7268077E+003, 2.0207768E+002
 1.9260058E+002, 1.9599818E+003, 3.5938510E+002
 1.9290067E+002, 1.9791293E+003, 4.0878027E+002
 1.9320175E+002, 1.8267738E+003, 3.9855972E+002
 1.9350103E+002, 1.8726704E+003, 1.4362790E+002
 1.9380334E+002, 2.0910229E+003, 7.0336685E+001
 1.9410026E+002, 2.0799614E+003, 2.9470658E+000
 1.9440037E+002, 1.7518806E+003, 2.1009365E+001
 1.9470284E+002, 1.7373969E+003, 3.1489229E+001
 1.9500103E+002, 1.9999044E+003, 2.5163460E+001
 1.9530015E+002, 1.9999238E+003, 5.5902157E+001
 1.9560144E+002, 1.8369803E+003, 4.2525528E+001
 1.9590240E+002, 2.3180969E+003, 4.5014487E+002
 1.9620155E+002, 2.4246086E+003, 4.7081961E+002
 1.9650048E+002, 2.0855615E+003, 2.6149503E+002
 1.9680065E+002, 2.0681729E+003, 7.0519341E+001
 1.9710181E+002, 1.6941025E+003, 3.2914307E+001
 1.9740326E+002, 1.8597145E+003, 3.8425194E+001
 1.9770147E+002, 1.4590898E+003, 3.6918190E+001
 1.9800096E+002, 1.3943807E+003, 1.0576502E+001
 1.9830272E+002, 1.3334731E+003, 5.3872280E+001
 1.9860300E+002, 1.0849020E+003, 8.2986977E+001
 1.9890378E+002, 1.4778486E+003, 9.4034176E+000
 1.9920099E+002, 2.1713738E+003, 7.1065590E+001
 1.9950318E+002, 1.6416898E+003, 9.9013100E+001
 1.9980180E+002, 8.0100385E+002, 7.7400947E+000
 2.0010329E+002, 9.4426215E+002, 1.0492838E+001
 2.0040198E+002, 1.1480941E+003, 5.8765202E+001
 2.0070003E+002, 1.3131205E+003, 1.1484092E+002
 2.0100239E+002, 1.1542329E+003, 1.0877444E+002
 2.0130304E+002, 1.2826593E+003, 1.0783375E+002
 2.0160328E+002, 1.5983087E+003, 6.3838047E+001
 2.0190130E+002, 1.6724061E+003, 7.7570686E+001
 2.0220211E+002, 1.1182797E+003, 7.9960197E+001
 2.0250383E+002, 1.1357161E+003, 1.9950275E+002
 2.0280018E+002, 1.1548486E+003, 8.5126701E+001
 2.0310079E+002, 1.2810565E+003, 1.1800136E+002
 2.0340302E+002, 1.3534813E+003, 9.8982742E+001
 2.0370157E+002, 1.2048403E+003, 5.9737888E+001
 2.0400370E+002, 1.2181558E+003, 1.0725393E+001
 2.0430274E+002, 1.4123412E+003, 4.6478771E+001
 2.0460137E+002, 1.4208600E+003, 3.8827408E+001
 2.0490208E+002, 1.4440701E+003, 7.0676926E+001
 2.0520022E+002, 1.6497374E+003, 2.4840036E+001
 2.0550318E+002, 1.8761897E+003, 5.7148566E+000
 2.0580102E+002, 1.9546720E+003, 3.0480928E+001
 2.0610030E+002, 1.9681029E+003, 2.1145320E+002
 2.0640271E+002, 1.5491675E+003, 1.0360439E+002
 2.0670348E+002, 1.1287207E+003, 6.4183380E+001
 2.0700273E+002, 1.0978610E+003, 5.1285069E+001
 2.0730018E+002, 1.4063756E+003, 4.1030693E+001
 2.0760106E+002, 1.6124933E+003, 2.1127588E+001
 2.0790026E+002, 1.4268521E+003, 1.2908298E+002
 2.0820273E+002, 1.4763972E+003, 3.9724262E+001
 2.0850109E+002, 1.8368467E+003, 2.0039373E+001
 2.0880356E+002, 1.4338615E+003, 7.4858467E+001
 2.0910110E+002, 1.4741805E+003, 4.1783619E+001
 2.0940088E+002, 1.3233916E+003, 3.1468645E+001
 2.0970007E+002, 1.4134973E+003, 2.5234816E+001
 2.1000280E+002, 1.1385282E+003, 2.0482622E+001
 2.1030049E+002, 1.0305969E+003, 6.9700837E+000
 2.1060067E+002, 1.2247560E+003, 6.8697952E+001
 2.1090272E+002, 1.4027598E+003, 3.6500336E+001
 2.1120271E+002, 1.7926199E+003, 3.3019596E+001
 2.1150297E+002, 1.9158685E+003, 2.1611630E+002
 2.1180306E+002, 1.7867859E+003, 3.6168982E+002
 2.1210275E+002, 2.0062949E+003, 4.7411292E+002
 2.1240252E+002, 1.7530142E+003, 5.7076654E+002
 2.1270107E+002, 1.3414559E+003, 3.1302631E+002
 2.1300067E+002, 1.2018370E+003, 1.7216689E+002
 2.1330023E+002, 9.6959229E+002, 4.5065155E+001
 2.1360049E+002, 1.0952533E+003, 2.4782236E+001
 2.1390158E+002, 1.3706729E+003, 1.5390201E+002
 2.1420200E+002, 1.3721360E+003, 1.9132961E+001
 2.1450002E+002, 1.7214740E+003, 3.3621830E+001
 2.1480004E+002, 1.6725662E+003, 6.4004005E+001
 2.1510030E+002, 1.1831033E+003, 7.7702522E+001
 2.1540324E+002, 1.2351521E+003, 1.9341669E+001
 2.1570239E+002, 1.5500962E+003, 8.5554638E+000
 2.1600256E+002, 1.6121506E+003, 6.7761253E+001
 2.1630233E+002, 1.5931140E+003, 1.4112518E+002
 2.1660197E+002, 1.4564832E+003, 1.8598774E+001
 2.1690209E+002, 1.3777267E+003, 6.1100698E+000
 2.1720212E+002, 1.4345591E+003, 8.1024199E+000
 2.1750266E+002, 1.2686676E+003, 8.1976181E+001
 2.1780186E+002, 1.4083337E+003, 2.1884937E+001
 2.1810185E+002, 1.5827483E+003, 2.0966633E+001
 2.1840143E+002, 1.7263639E+003, 5.4872299E+001
 2.1870033E+002, 1.8884454E+003, 9.5210640E+001
 2.1900201E+002, 1.9132692E+003, 1.0217779E+002
 2.1930086E+002, 1.6140393E+003, 3.6944748E+001
 2.1960050E+002, 1.3315123E+003, 1.3305582E+001
 2.1990294E+002, 1.8514515E+003, 2.2663410E+001
 2.2020203E+002, 2.3689248E+003, 3.9713794E+002
 2.2050117E+002, 1.5577388E+003, 4.7648230E+002
 2.2080014E+002, 1.2219001E+003, 2.1790445E+002
 2.2110212E+002, 1.3174987E+003, 2.9173676E+001
 2.2140198E+002, 1.2907081E+003, 1.0126450E+001
 2.2170224E+002, 1.4526208E+003, 9.1064939E+000
 2.2200238E+002, 1.9010824E+003, 3.3157497E+001
 2.2230013E+002, 1.9245404E+003, 1.7342424E+002
 2.2260026E+002, 1.4703118E+003, 1.7845512E+002
 2.2290183E+002, 8.8066669E+002, 1.6253119E+001
 2.2320304E+002, 8.3927905E+002, 1.0140433E+000
 2.2350032E+002, 8.5599683E+002, 6.6934910E+000
 2.2380293E+002, 9.0502820E+002, 5.0598034E+001
 2.2410167E+002, 9.2201526E+002, 9.5592012E+000
 2.2440327E+002, 1.3085065E+003, 1.3075170E+001
 2.2470314E+002, 1.3776605E+003, 4.3690071E+001
 2.2500240E+002, 9.7651062E+002, 1.8505758E+001
 2.2530223E+002, 1.3467596E+003, 4.3485136E+000
 2.2560063E+002, 1.5549286E+003, 2.0046230E+001
 2.2590164E+002, 1.2981147E+003, 1.3563698E+002
 2.2620252E+002, 1.1559141E+003, 8.9828392E+001
 2.2650108E+002, 1.6674352E+003, 1.3544125E+002
 2.2680303E+002, 2.0769939E+003, 1.3217632E+002
 2.2710098E+002, 2.1743386E+003, 2.1557864E+002
 2.2740056E+002, 1.6788525E+003, 1.0867662E+002
 2.2770098E+002, 1.6050067E+003, 6.1710548E+000
 2.2800263E+002, 1.7523959E+003, 4.1178234E+001
 2.2830209E+002, 1.9933827E+003, 1.6929729E+002
 2.2860101E+002, 2.3697881E+003, 2.1741446E+002
 2.2890288E+002, 2.5662310E+003, 3.5878735E+002
 2.2920369E+002, 1.8377249E+003, 1.2488186E+002
 2.2950225E+002, 2.0417604E+003, 7.0859909E+001
 2.2980137E+002, 2.1624153E+003, 9.0176743E+001
 2.3010035E+002, 1.9331823E+003, 6.7170959E+001
 2.3040316E+002, 2.2063499E+003, 2.1648734E+002
 2.3070221E+002, 2.1266052E+003, 2.5218085E+002
 2.3100164E+002, 1.7089949E+003, 1.1476682E+002
 2.3130078E+002, 1.4337616E+003, 1.0979424E+002
 2.3160247E+002, 1.6914578E+003, 1.3412474E+001
 2.3190228E+002, 1.7616508E+003, 1.3052475E+002
 2.3220008E+002, 1.8374438E+003, 2.6579901E+002
 2.3250038E+002, 1.3704866E+003, 9.4884315E+001
 2.3280381E+002, 1.4082540E+003, 3.9958730E+000
 2.3310220E+002, 1.7442440E+003, 4.1946650E+000
 2.3340261E+002, 2.2084727E+003, 1.9675867E+002
 2.3370209E+002, 1.8814935E+003, 2.3872342E+002
 2.3400316E+002, 1.4815004E+003, 1.4556766E+002
 2.3430335E+002, 1.3434160E+003, 8.1785078E+000
 2.3460336E+002, 1.5864678E+003, 6.4435096E+000
 2.3490277E+002, 1.5948704E+003, 7.9443364E+000
 2.3520252E+002, 1.5031910E+003, 6.4134750E+000
 2.3550156E+002, 1.5762821E+003, 2.8314097E+000
 2.3580104E+002, 1.6911835E+003, 1.8376465E+001
 2.3610130E+002, 1.9336918E+003, 5.1746494E+001
 2.3640350E+002, 1.5369634E+003, 7.1113564E+001
 2.3670278E+002, 1.6849336E+003, 5.6340748E+001
 2.3700148E+002, 1.8967170E+003, 3.8901901E+001
 2.3730125E+002, 1.7447346E+003, 3.3565407E+001
 2.3760219E+002, 1.5926855E+003, 1.5004840E+001
 2.3790309E+002, 1.7400024E+003, 6.6337538E+000
 2.3820011E+002, 1.9126226E+003, 1.9188268E+002
 2.3850288E+002, 2.0148861E+003, 2.1928300E+002
 2.3880114E+002, 1.9515736E+003, 1.9224509E+002
 2.3910125E+002, 1.3434713E+003, 4.0511359E+002
 2.3940167E+002, 1.3266243E+003, 9.5508888E+001
 2.3970220E+002, 1.5267706E+003, 4.0892151E+001
 2.4000195E+002, 1.1848412E+003, 5.5097679E+001
 2.4030128E+002, 1.4529597E+003, 1.3127681E+002
 2.4060254E+002, 1.6899960E+003, 8.9806580E+001
 2.4090086E+002, 1.7210098E+003, 4.7882034E+001
 2.4120138E+002, 1.3046743E+003, 3.9979744E+001
 2.4150071E+002, 1.2170063E+003, 7.2392797E+000
 2.4180246E+002, 1.3632744E+003, 4.8972268E+000
 2.4210192E+002, 1.6930126E+003, 3.4492920E+001
 2.4240290E+002, 1.8786893E+003, 1.0753642E+002
 2.4270221E+002, 1.9331180E+003, 8.4788681E+001
 2.4300071E+002, 2.1460251E+003, 1.6459795E+001
 2.4330349E+002, 1.9967611E+003, 3.8237522E+001
 2.4360247E+002, 1.5360143E+003, 2.6754599E+001
 2.4390105E+002, 1.8740366E+003, 6.5449524E+001
 2.4420355E+002, 1.5829821E+003, 5.3896793E+001
 2.4450142E+002, 1.3691201E+003, 5.8389702E+001
 2.4480101E+002, 9.3638177E+002, 2.3613928E+001
 2.4510152E+002, 9.9729504E+002, 1.1150992E+001
 2.4540269E+002, 1.0726660E+003, 1.8837898E+001
 2.4570182E+002, 1.3852462E+003, 1.3653038E+001
 2.4600137E+002, 1.4453737E+003, 4.7785851E+001
 2.4630248E+002, 1.4594104E+003, 1.0588964E+001
 2.4660215E+002, 1.4891592E+003, 1.6700115E+001
 2.4690268E+002, 1.4804130E+003, 5.9954605E+001
 2.4720317E+002, 1.5114617E+003, 6.8260513E+001
 2.4750220E+002, 1.2508628E+003, 6.6612709E+001
 2.4780142E+002, 1.2406666E+003, 6.2192726E+000
 2.4810375E+002, 1.5329644E+003, 7.2787109E+001
 2.4840133E+002, 1.5059482E+003, 3.0079068E+002
 2.4870333E+002, 1.4797328E+003, 1.3739252E+002
 2.4900152E+002, 1.5183413E+003, 1.5222856E+001
 2.4930230E+002, 1.1911379E+003, 7.4880554E+001
 2.4960163E+002, 1.1981599E+003, 8.0456871E+001
 2.4990255E+002, 1.5805323E+003, 7.4722313E+001
 2.5020392E+002, 1.7761465E+003, 6.5268280E+001
 2.5050256E+002, 1.6678960E+003, 1.0311839E+002
 2.5080040E+002, 1.5767517E+003, 3.5926563E+001
 2.5110228E+002, 1.3867690E+003, 1.8666025E+001
 2.5140343E+002, 1.2797937E+003, 8.4118032E+000
 2.5170295E+002, 1.2111001E+003, 1.5573395E+001
 2.5200117E+002, 1.3389022E+003, 3.6019783E+000
 2.5230042E+002, 1.7296293E+003, 1.9257349E+001
 2.5260060E+002, 1.7074111E+003, 8.3296288E+001
 2.5290078E+002, 1.7304314E+003, 3.7477783E+001
 2.5320302E+002, 1.7945874E+003, 3.7249397E+001
 2.5350254E+002, 1.9708491E+003, 5.0223526E+001
 2.5380031E+002, 1.8279929E+003, 1.0361588E+002
 2.5410219E+002, 1.5353041E+003, 5.3573315E+001
 2.5440310E+002, 1.2967308E+003, 6.8877106E+001
 2.5470136E+002, 1.2233414E+003, 6.5037071E+001
 2.5500337E+002, 1.1066873E+003, 1.4266014E+001
 2.5530276E+002, 1.2447079E+003, 1.1323072E+001
 2.5560087E+002, 1.4900155E+003, 8.8756866E+000
 2.5590276E+002, 1.7226931E+003, 1.0494132E+002
 2.5620125E+002, 1.1842902E+003, 1.4280455E+002
 2.5650025E+002, 9.0549597E+002, 8.9600563E+001
 2.5680254E+002, 1.0615431E+003, 1.5405220E+001
 2.5710238E+002, 1.3323546E+003, 5.9711079E+001
 2.5740110E+002, 1.3027029E+003, 1.4143596E+002
 2.5770275E+002, 1.2804377E+003, 1.0505657E+002
 2.5800300E+002, 1.4072058E+003, 1.1075414E+002
 2.5830308E+002, 1.4521036E+003, 6.1203262E+001
 2.5860003E+002, 1.6273875E+003, 3.5588284E+001
 2.5890124E+002, 2.0047003E+003, 1.3927182E+002
 2.5920251E+002, 2.1112517E+003, 2.1754243E+002
 2.5950242E+002, 1.7585349E+003, 3.7586316E+002
 2.5980014E+002, 1.6805602E+003, 2.1683755E+002
 2.6010090E+002, 1.8366240E+003, 8.5531670E+001
 2.6040041E+002, 1.5217908E+003, 3.8628719E+001
 2.6070160E+002, 1.2719730E+003, 1.2881075E+002
 2.6100045E+002, 1.3008785E+003, 8.1156494E+001
 2.6130323E+002, 1.5127396E+003, 5.8004699E+000
 2.6160330E+002, 2.1318418E+003, 4.8606476E+001
 2.6190014E+002, 2.2602158E+003, 5.4930902E+002
 2.6220172E+002, 2.3432568E+003, 6.6698163E+002
 2.6250006E+002, 2.6771746E+003, 5.6680640E+002
 2.6280089E+002, 2.0037648E+003, 9.4922266E+002
 2.6310216E+002, 1.7253151E+003, 2.5023811E+002
 2.6340237E+002, 9.9641998E+002, 3.3522446E+001
 2.6370107E+002, 8.9878522E+002, 1.8158360E+000
 2.6400275E+002, 9.2740875E+002, 7.7778649E-001
 2.6430368E+002, 9.5600934E+002, 9.2472672E-001
 2.6460142E+002, 9.8620355E+002, 7.1666133E-001
 2.6490079E+002, 1.1462200E+003, 4.8643150E+000
 2.6520361E+002, 1.2639595E+003, 3.6343788E+001
 2.6550231E+002, 1.5004397E+003, 1.7128036E+001
 2.6580195E+002, 1.9494580E+003, 7.4839737E+001
 2.6610237E+002, 2.2251558E+003, 7.6678169E+001
 2.6640132E+002, 1.3205510E+003, 4.6880905E+001
 2.6670094E+002, 1.0748524E+003, 2.4674034E+001
 2.6700097E+002, 1.0476091E+003, 1.3670475E+001
 2.6730165E+002, 1.3556030E+003, 1.5069182E+002
 2.6760330E+002, 1.2261067E+003, 1.6733334E+001
 2.6790082E+002, 1.6056019E+003, 4.1137993E+001
 2.6820103E+002, 1.6677598E+003, 1.4515079E+001
 2.6850245E+002, 1.7110792E+003, 1.7878972E+002
 2.6880201E+002, 1.8840699E+003, 2.3144760E+002
 2.6910082E+002, 2.0247544E+003, 7.6851013E+001
 2.6940158E+002, 1.8249346E+003, 1.5076506E+002
 2.6970354E+002, 1.5070916E+003, 1.5225874E+002
 2.7000290E+002, 1.5833204E+003, 5.0374264E+001
 2.7030038E+002, 1.7270157E+003, 1.4127724E+001
 2.7060270E+002, 1.4968181E+003, 7.6232948E+001
 2.7090043E+002, 1.4110712E+003, 7.3908966E+001
 2.7120271E+002, 1.7601536E+003, 7.2044106E+001
 2.7150094E+002, 1.7653964E+003, 3.2441460E+001
 2.7180272E+002, 1.4464341E+003, 1.8535250E+001
 2.7210272E+002, 1.5551648E+003, 9.2888651E+000
 2.7240065E+002, 2.0189167E+003, 9.6124321E+001
 2.7270040E+002, 2.4038179E+003, 5.0773230E+002
 2.7300301E+002, 1.6417280E+003, 1.8898438E+002
 2.7330311E+002, 1.2903718E+003, 8.6160326E+000
 2.7360291E+002, 1.6700150E+003, 8.3160753E+000
 2.7390337E+002, 1.8671818E+003, 1.9380701E+002
 2.7420158E+002, 1.4749810E+003, 2.4362093E+002
 2.7450139E+002, 1.2132415E+003, 2.4203686E+001
 2.7480191E+002, 1.0648326E+003, 1.4233443E+000
 2.7510378E+002, 1.2168901E+003, 8.6251364E+000
 2.7540298E+002, 1.3413501E+003, 8.7495346E+000
 2.7570336E+002, 1.8889208E+003, 8.7124619E+001
 2.7600314E+002, 1.6859047E+003, 1.9027643E+002
 2.7630293E+002, 1.3190831E+003, 3.9845123E+001
 2.7660002E+002, 1.3111962E+003, 1.4901730E+001
 2.7690154E+002, 1.4715946E+003, 1.0336674E+001
 2.7720225E+002, 1.3671923E+003, 4.8714325E+001
 2.7750248E+002, 1.3668186E+003, 3.1593176E+001
 2.7780332E+002, 1.5948513E+003, 4.1867416E+001
 2.7810068E+002, 1.5881200E+003, 3.4375462E+001
 2.7840269E+002, 1.6426049E+003, 7.1740868E+001
 2.7870336E+002, 1.5458210E+003, 6.1422493E+001
 2.7900058E+002, 1.6500820E+003, 3.3980412E+001
 2.7930225E+002, 2.0519028E+003, 1.1243903E+002
 2.7960039E+002, 1.8875176E+003, 2.3035175E+002
 2.7990120E+002, 1.7464883E+003, 1.6669946E+002
 2.8020006E+002, 1.4611869E+003, 7.3708992E+001
 2.8050364E+002, 9.4234106E+002, 8.2927734E+001
 2.8080285E+002, 1.2467983E+003, 2.5072029E+002
 2.8110207E+002, 1.5522705E+003, 3.0064957E+002
 2.8140180E+002, 1.2017538E+003, 1.2907939E+002
 2.8170176E+002, 1.2738846E+003, 1.1734744E+002
 2.8200038E+002, 1.2330100E+003, 7.2220749E+001
 2.8230201E+002, 1.2280583E+003, 2.0976091E+001
 2.8260232E+002, 1.1603820E+003, 5.4610336E+001
 2.8290311E+002, 1.1241838E+003, 4.9036472E+001
 2.8320199E+002, 1.4326450E+003, 1.6504835E+001
 2.8350067E+002, 1.8175695E+003, 1.0868769E+002
 2.8380172E+002, 1.9658398E+003, 2.8219327E+002
 2.8410238E+002, 2.1046750E+003, 6.6118182E+002
 2.8440178E+002, 1.6882006E+003, 5.7617633E+002
 2.8470156E+002, 1.1858118E+003, 1.8939555E+002
 2.8500290E+002, 1.1537939E+003, 3.3120079E+001
 2.8530045E+002, 1.3050236E+003, 5.3153844E+000
 2.8560023E+002, 1.4770989E+003, 4.1734982E+000
 2.8590244E+002, 1.6200781E+003, 3.6838360E+001
 2.8620194E+002, 1.8937026E+003, 1.2163647E+002
 2.8650049E+002, 1.9528875E+003, 1.5369408E+002
 2.8680086E+002, 2.0520159E+003, 4.1720703E+002
 2.8710302E+002, 1.8965858E+003, 2.7579922E+002
 2.8740143E+002, 1.8537655E+003, 3.2765869E+002
 2.8770079E+002, 1.5237531E+003, 4.5110790E+001
 2.8800018E+002, 1.5450426E+003, 1.1325379E+001
 2.8830089E+002, 1.4070035E+003, 4.1894755E+000
 2.8860070E+002, 1.3224614E+003, 3.3938686E+001
 2.8890282E+002, 1.4575366E+003, 7.1995316E+000
 2.8920233E+002, 1.7821793E+003, 1.0297072E+001
 2.8950305E+002, 1.9452344E+003, 2.1941368E+002
 2.8980038E+002, 1.8783896E+003, 5.1934998E+002
 2.9010136E+002, 1.6417046E+003, 2.5877032E+002
 2.9040252E+002, 1.4945480E+003, 6.3405380E+001
 2.9070017E+002, 1.5265916E+003, 1.0626379E+002
 2.9100155E+002, 1.5525192E+003, 2.3095869E+002
 2.9130390E+002, 1.3888163E+003, 1.6409367E+002
 2.9160287E+002, 1.3128298E+003, 1.0239751E+002
 2.9190141E+002, 1.7067803E+003, 3.2532406E+001
 2.9220350E+002, 1.7098671E+003, 2.7469724E+002
 2.9250015E+002, 1.6207010E+003, 1.6055269E+002
 2.9280154E+002, 1.5191310E+003, 1.3134219E+002
 2.9310202E+002, 1.5836567E+003, 3.8793907E+001
 2.9340249E+002, 1.8309907E+003, 1.0549195E+002
 2.9370102E+002, 1.7545101E+003, 1.6081979E+002
 2.9400084E+002, 1.2999802E+003, 3.7234669E+001
 2.9430187E+002, 1.2627767E+003, 7.0096450E+000
 2.9460201E+002, 1.5067328E+003, 3.1351656E+001
 2.9490343E+002, 1.5643806E+003, 7.1435905E+000
 2.9520371E+002, 1.6867100E+003, 1.9814108E+002
 2.9550226E+002, 1.6044786E+003, 1.8646730E+002
 2.9580204E+002, 1.6563247E+003, 1.2321287E+002
 2.9610263E+002, 1.5109962E+003, 1.2016062E+002
 2.9640355E+002, 1.3070052E+003, 6.3704918E+001
 2.9670280E+002, 1.2240645E+003, 2.7530029E+001
 2.9700204E+002, 1.1347676E+003, 2.7996700E+000
 2.9730230E+002, 1.2101504E+003, 5.9484059E-001
 2.9760407E+002, 1.4340090E+003, 2.7869141E+001
 2.9790187E+002, 1.3616318E+003, 1.5684780E+001
 2.9820354E+002, 1.5308262E+003, 3.3913109E+001
 2.9850354E+002, 1.4020096E+003, 1.5368835E+001
 2.9880239E+002, 1.4820239E+003, 3.4462250E+001
 2.9910311E+002, 1.6587223E+003, 1.0503191E+002
 2.9940228E+002, 1.7591202E+003, 5.0283901E+001
 2.9970241E+002, 1.6782761E+003, 8.1830536E+001
 3.0000107E+002, 1.5361062E+003, 1.1038812E+002
