s,kW,kW,kW,kW,kW,kW,kW,kW,kW,kW,kg/s,kg/s
Time,HRR,Q_RADI,Q_CONV,Q_COND,Q_DIFF,Q_PRES,Q_PART,Q_GEOM,Q_ENTH,Q_TOTAL,MLR_FUEL,MLR_TOTAL
 0.0000000E+000, 0.0000000E+000,-6.0124680E-007,-1.3703023E-006, 0.0000000E+000, 0.0000000E+000, 0.0000000E+000, 0.0000000E+000, 0.0000000E+000, 0.0000000E+000,-1.9715491E-006, 0.0000000E+000, 0.0000000E+000
 1.0091683E+000, 2.6247252E+001,-9.0342483E+000,-1.6097756E+001,-4.8049965E-001, 1.5350770E-001, 0.0000000E+000, 0.0000000E+000, 0.0000000E+000, 6.6224595E-001, 7.8825499E-001, 7.3343516E-004, 7.3343516E-004
 2.0064180E+000, 6.5383600E+001,-2.2088337E+001,-4.0488872E+001,-1.7656492E+000, 3.7965903E-001, 0.0000000E+000, 0.0000000E+000, 0.0000000E+000, 1.3520076E+000, 1.4204012E+000, 1.4304599E-003, 1.4304599E-003
 3.0083420E+000, 6.9770424E+001,-2.3465177E+001,-4.5118974E+001,-2.4964848E+000, 3.9827638E-001, 0.0000000E+000, 0.0000000E+000, 0.0000000E+000,-9.4102949E-001,-9.1193568E-001, 1.5751709E-003, 1.5751709E-003
 4.0009394E+000, 8.4741874E+001,-2.8593370E+001,-5.3800042E+001,-2.1057530E+000, 4.2159789E-001, 0.0000000E+000, 0.0000000E+000, 0.0000000E+000, 6.2632563E-001, 6.6430664E-001, 1.5963189E-003, 1.5963189E-003
 5.0078425E+000, 8.0478515E+001,-2.7101134E+001,-5.1428757E+001,-2.4419068E+000, 4.1831869E-001, 0.0000000E+000, 0.0000000E+000, 0.0000000E+000,-1.1222967E-001,-7.4964562E-002, 1.5992085E-003, 1.5992085E-003
 6.0012627E+000, 7.6859850E+001,-2.5853813E+001,-4.9555930E+001,-2.1308169E+000, 4.1536321E-001, 0.0000000E+000, 0.0000000E+000, 0.0000000E+000,-3.2365951E-001,-2.6534624E-001, 1.5996036E-003, 1.5996036E-003
 7.0057340E+000, 8.5609746E+001,-2.8839730E+001,-5.4432329E+001,-2.3421081E+000, 4.2055936E-001, 0.0000000E+000, 0.0000000E+000, 0.0000000E+000, 3.0264063E-001, 4.1613771E-001, 1.5996566E-003, 1.5996566E-003
 8.0048914E+000, 7.5482152E+001,-2.5370669E+001,-4.8576213E+001,-2.0064085E+000, 4.1326212E-001, 0.0000000E+000, 0.0000000E+000, 0.0000000E+000,-1.3455871E-001,-5.7876622E-002, 1.5996639E-003, 1.5996639E-003
 9.0103111E+000, 8.1910809E+001,-2.7550129E+001,-5.2769005E+001,-2.0781224E+000, 4.1556699E-001, 0.0000000E+000, 0.0000000E+000, 0.0000000E+000,-1.5049554E-001,-7.0880359E-002, 1.5996649E-003, 1.5996649E-003
 1.0001154E+001, 7.8199461E+001,-2.6313750E+001,-4.9645496E+001,-2.2076003E+000, 4.1715273E-001, 0.0000000E+000, 0.0000000E+000, 0.0000000E+000, 2.9972194E-001, 4.4976759E-001, 1.5996650E-003, 1.5996650E-003
 1.1001716E+001, 7.6432670E+001,-2.5663450E+001,-4.9197070E+001,-2.1560335E+000, 4.0706653E-001, 0.0000000E+000, 0.0000000E+000, 0.0000000E+000,-2.6346853E-001,-1.7681729E-001, 1.5996650E-003, 1.5996650E-003
 1.2006109E+001, 8.3242539E+001,-2.7977258E+001,-5.3493832E+001,-2.1310527E+000, 4.0972287E-001, 0.0000000E+000, 0.0000000E+000, 0.0000000E+000, 1.1996191E-002, 5.0119426E-002, 1.5996650E-003, 1.5996650E-003
 1.3002216E+001, 8.7857983E+001,-2.9593121E+001,-5.5972687E+001,-2.0997231E+000, 4.2008318E-001, 0.0000000E+000, 0.0000000E+000, 0.0000000E+000, 4.8037155E-001, 6.1253457E-001, 1.5996650E-003, 1.5996650E-003
 1.4006050E+001, 7.2542102E+001,-2.4347841E+001,-4.7009017E+001,-1.6968741E+000, 4.1640440E-001, 0.0000000E+000, 0.0000000E+000, 0.0000000E+000,-2.8300166E-001,-9.5224936E-002, 1.5996650E-003, 1.5996650E-003
 1.5002152E+001, 8.1200112E+001,-2.7252783E+001,-5.2397730E+001,-1.9775499E+000, 4.1408756E-001, 0.0000000E+000, 0.0000000E+000, 0.0000000E+000,-4.6604529E-002,-1.3863162E-002, 1.5996650E-003, 1.5996650E-003
 1.6004044E+001, 7.9263669E+001,-2.6630300E+001,-5.1153543E+001,-1.8623707E+000, 4.1344856E-001, 0.0000000E+000, 0.0000000E+000, 0.0000000E+000,-1.0223704E-001, 3.0903863E-002, 1.5996650E-003, 1.5996650E-003
 1.7008390E+001, 7.9188799E+001,-2.6604144E+001,-5.0712027E+001,-1.9403404E+000, 4.1967993E-001, 0.0000000E+000, 0.0000000E+000, 0.0000000E+000, 2.0138894E-001, 3.5196684E-001, 1.5996650E-003, 1.5996650E-003
 1.8009001E+001, 8.0478350E+001,-2.7008069E+001,-5.1939202E+001,-1.7935613E+000, 4.1586922E-001, 0.0000000E+000, 0.0000000E+000, 0.0000000E+000,-1.6965345E-002, 1.5338681E-001, 1.5996650E-003, 1.5996650E-003
 1.9006124E+001, 8.1835346E+001,-2.7455601E+001,-5.2643177E+001,-2.0137057E+000, 4.2377461E-001, 0.0000000E+000, 0.0000000E+000, 0.0000000E+000, 3.3006096E-002, 1.4663758E-001, 1.5996650E-003, 1.5996650E-003
 2.0010073E+001, 7.8301961E+001,-2.6272786E+001,-5.0558474E+001,-1.7357748E+000, 4.0787437E-001, 0.0000000E+000, 0.0000000E+000, 0.0000000E+000, 2.6867695E-002, 1.4279986E-001, 1.5996650E-003, 1.5996650E-003
 2.1003880E+001, 8.4216630E+001,-2.8249176E+001,-5.4345792E+001,-2.1207894E+000, 4.2833843E-001, 0.0000000E+000, 0.0000000E+000, 0.0000000E+000,-2.0859776E-001,-7.0788778E-002, 1.5996650E-003, 1.5996650E-003
 2.2007280E+001, 7.7154210E+001,-2.5893650E+001,-4.9655449E+001,-1.7081590E+000, 4.0855964E-001, 0.0000000E+000, 0.0000000E+000, 0.0000000E+000, 1.5711290E-001, 3.0551218E-001, 1.5996650E-003, 1.5996650E-003
 2.3006912E+001, 8.1152492E+001,-2.7205757E+001,-5.2480850E+001,-1.7953810E+000, 4.1654009E-001, 0.0000000E+000, 0.0000000E+000, 0.0000000E+000,-1.7459827E-002, 8.7043348E-002, 1.5996650E-003, 1.5996650E-003
 2.4007849E+001, 7.8329764E+001,-2.6240711E+001,-5.0892512E+001,-1.5079633E+000, 4.1032961E-001, 0.0000000E+000, 0.0000000E+000, 0.0000000E+000,-7.0146432E-002, 9.8907013E-002, 1.5996650E-003, 1.5996650E-003
 2.5001984E+001, 8.5423327E+001,-2.8681459E+001,-5.5291557E+001,-1.6412474E+000, 4.2707841E-001, 0.0000000E+000, 0.0000000E+000, 0.0000000E+000, 1.3647468E-001, 2.3614153E-001, 1.5996650E-003, 1.5996650E-003
 2.6004213E+001, 7.2834721E+001,-2.4398414E+001,-4.7483727E+001,-1.5720734E+000, 4.0415002E-001, 0.0000000E+000, 0.0000000E+000, 0.0000000E+000,-3.9554364E-001,-2.1534245E-001, 1.5996650E-003, 1.5996650E-003
 2.7002705E+001, 8.2765669E+001,-2.7757918E+001,-5.3261946E+001,-1.6406979E+000, 4.1636669E-001, 0.0000000E+000, 0.0000000E+000, 0.0000000E+000, 3.9636954E-001, 5.2147412E-001, 1.5996650E-003, 1.5996650E-003
 2.8005577E+001, 8.4174390E+001,-2.8226250E+001,-5.4394663E+001,-1.5487590E+000, 4.2060177E-001, 0.0000000E+000, 0.0000000E+000, 0.0000000E+000, 3.6563491E-001, 4.2531962E-001, 1.5996650E-003, 1.5996650E-003
 2.9007288E+001, 7.1015560E+001,-2.3759993E+001,-4.6740994E+001,-1.4020901E+000, 4.1436503E-001, 0.0000000E+000, 0.0000000E+000, 0.0000000E+000,-5.7797632E-001,-4.7315256E-001, 1.5996650E-003, 1.5996650E-003
 3.0002632E+001, 8.6518173E+001,-2.9003977E+001,-5.6434670E+001,-1.3738253E+000, 4.1269875E-001, 0.0000000E+000, 0.0000000E+000, 0.0000000E+000,-1.2780567E-002, 1.1839916E-001, 1.5996650E-003, 1.5996650E-003
 3.1002867E+001, 7.7883033E+001,-2.6102872E+001,-5.0218049E+001,-1.5318419E+000, 4.1711877E-001, 0.0000000E+000, 0.0000000E+000, 0.0000000E+000, 3.2126220E-001, 4.4738863E-001, 1.5996650E-003, 1.5996650E-003
 3.2008774E+001, 7.8236907E+001,-2.6203265E+001,-5.0885841E+001,-1.7055907E+000, 4.0472456E-001, 0.0000000E+000, 0.0000000E+000, 0.0000000E+000,-2.0135315E-001,-1.5306490E-001, 1.5996650E-003, 1.5996650E-003
 3.3003059E+001, 8.2623145E+001,-2.7672394E+001,-5.3532209E+001,-1.5511506E+000, 4.1747086E-001, 0.0000000E+000, 0.0000000E+000, 0.0000000E+000, 7.1973157E-002, 2.8486193E-001, 1.5996650E-003, 1.5996650E-003
 3.4008251E+001, 8.0676383E+001,-2.6980823E+001,-5.2759031E+001,-1.3744316E+000, 4.2130778E-001, 0.0000000E+000, 0.0000000E+000, 0.0000000E+000,-1.2384183E-001,-1.6595108E-002, 1.5996650E-003, 1.5996650E-003
 3.5006275E+001, 8.0903846E+001,-2.7117610E+001,-5.2427442E+001,-1.6284543E+000, 4.2333248E-001, 0.0000000E+000, 0.0000000E+000, 0.0000000E+000, 1.9526623E-002, 1.5367141E-001, 1.5996650E-003, 1.5996650E-003
 3.6006290E+001, 7.8038313E+001,-2.6128819E+001,-5.0675869E+001,-1.2724231E+000, 4.1065309E-001, 0.0000000E+000, 0.0000000E+000, 0.0000000E+000, 2.6960859E-001, 3.7185531E-001, 1.5996650E-003, 1.5996650E-003
 3.7002197E+001, 7.8213605E+001,-2.6164243E+001,-5.1186384E+001,-1.3826811E+000, 4.1248928E-001, 0.0000000E+000, 0.0000000E+000, 0.0000000E+000,-2.0561703E-001,-1.0721405E-001, 1.5996650E-003, 1.5996650E-003
 3.8001171E+001, 8.5429726E+001,-2.8609710E+001,-5.5399392E+001,-1.5496825E+000, 4.1321344E-001, 0.0000000E+000, 0.0000000E+000, 0.0000000E+000, 2.3006647E-001, 2.8415415E-001, 1.5996650E-003, 1.5996650E-003
 3.9003464E+001, 7.5618825E+001,-2.5275978E+001,-4.9461870E+001,-1.5540076E+000, 4.1248612E-001, 0.0000000E+000, 0.0000000E+000, 0.0000000E+000,-3.6479641E-001,-2.6054435E-001, 1.5996650E-003, 1.5996650E-003
 4.0007874E+001, 8.1316898E+001,-2.7218527E+001,-5.2536608E+001,-1.5149414E+000, 4.2004605E-001, 0.0000000E+000, 0.0000000E+000, 0.0000000E+000, 2.9768988E-001, 4.6686834E-001, 1.5996650E-003, 1.5996650E-003
 4.1007259E+001, 7.7015468E+001,-2.5733851E+001,-5.0086871E+001,-1.6267626E+000, 4.1561324E-001, 0.0000000E+000, 0.0000000E+000, 0.0000000E+000,-1.8349245E-001,-1.6403092E-002, 1.5996650E-003, 1.5996650E-003
 4.2009651E+001, 8.2736563E+001,-2.7689371E+001,-5.3849931E+001,-1.6954861E+000, 4.2217655E-001, 0.0000000E+000, 0.0000000E+000, 0.0000000E+000,-1.9090350E-001,-7.6048655E-002, 1.5996650E-003, 1.5996650E-003
 4.3001171E+001, 7.9449437E+001,-2.6582001E+001,-5.1575658E+001,-1.2734673E+000, 4.1340080E-001, 0.0000000E+000, 0.0000000E+000, 0.0000000E+000, 3.1003957E-001, 4.3171137E-001, 1.5996650E-003, 1.5996650E-003
 4.4006145E+001, 7.7491063E+001,-2.5898080E+001,-5.0774994E+001,-1.2419543E+000, 4.1537742E-001, 0.0000000E+000, 0.0000000E+000, 0.0000000E+000,-1.8373843E-001,-8.5884832E-003, 1.5996650E-003, 1.5996650E-003
 4.5004456E+001, 8.4402845E+001,-2.8223418E+001,-5.4957453E+001,-1.4406783E+000, 4.1750780E-001, 0.0000000E+000, 0.0000000E+000, 0.0000000E+000, 1.0500513E-001, 1.9880268E-001, 1.5996650E-003, 1.5996650E-003
 4.6004452E+001, 7.9672249E+001,-2.6636027E+001,-5.2103194E+001,-1.4032840E+000, 4.1893881E-001, 0.0000000E+000, 0.0000000E+000, 0.0000000E+000,-1.2409698E-001,-5.1317290E-002, 1.5996650E-003, 1.5996650E-003
 4.7001781E+001, 7.7754020E+001,-2.5986813E+001,-5.0757762E+001,-1.3727746E+000, 4.1840466E-001, 0.0000000E+000, 0.0000000E+000, 0.0000000E+000,-6.3349831E-002, 5.5074141E-002, 1.5996650E-003, 1.5996650E-003
 4.8008743E+001, 8.2786636E+001,-2.7716714E+001,-5.3631036E+001,-1.5332296E+000, 4.2380287E-001, 0.0000000E+000, 0.0000000E+000, 0.0000000E+000, 2.3810922E-001, 3.2945992E-001, 1.5996650E-003, 1.5996650E-003
 4.9005939E+001, 7.8013510E+001,-2.6066175E+001,-5.0758815E+001,-1.3714511E+000, 4.1329400E-001, 0.0000000E+000, 0.0000000E+000, 0.0000000E+000, 1.5618992E-001, 2.3036240E-001, 1.5996650E-003, 1.5996650E-003
 5.0009968E+001, 8.2727325E+001,-2.7682317E+001,-5.3791844E+001,-1.5619796E+000, 4.2177733E-001, 0.0000000E+000, 0.0000000E+000, 0.0000000E+000,-2.1207375E-002, 1.1296096E-001, 1.5996650E-003, 1.5996650E-003
 5.1008999E+001, 7.6186998E+001,-2.5422118E+001,-5.0329482E+001,-1.2322219E+000, 4.1059302E-001, 0.0000000E+000, 0.0000000E+000, 0.0000000E+000,-4.9772086E-001,-3.8623088E-001, 1.5996650E-003, 1.5996650E-003
 5.2009327E+001, 8.1991887E+001,-2.7429838E+001,-5.3217368E+001,-1.2557470E+000, 4.1748986E-001, 0.0000000E+000, 0.0000000E+000, 0.0000000E+000, 2.7227586E-001, 5.0642396E-001, 1.5996650E-003, 1.5996650E-003
 5.3007584E+001, 7.9722681E+001,-2.6636229E+001,-5.2004701E+001,-1.2963338E+000, 4.1969097E-001, 0.0000000E+000, 0.0000000E+000, 0.0000000E+000, 9.3768552E-002, 2.0510830E-001, 1.5996650E-003, 1.5996650E-003
 5.4008671E+001, 7.9752407E+001,-2.6649960E+001,-5.2264573E+001,-1.1457087E+000, 4.1938688E-001, 0.0000000E+000, 0.0000000E+000, 0.0000000E+000,-3.9453566E-002, 1.1155222E-001, 1.5996650E-003, 1.5996650E-003
 5.5005203E+001, 8.1570585E+001,-2.7260695E+001,-5.3699326E+001,-9.0602758E-001, 4.1560936E-001, 0.0000000E+000, 0.0000000E+000, 0.0000000E+000, 2.1758389E-004, 1.2014524E-001, 1.5996650E-003, 1.5996650E-003
 5.6001102E+001, 7.6642509E+001,-2.5577152E+001,-5.0274874E+001,-1.2014306E+000, 4.1525179E-001, 0.0000000E+000, 0.0000000E+000, 0.0000000E+000,-8.5896307E-002, 4.3032915E-003, 1.5996650E-003, 1.5996650E-003
 5.7004993E+001, 8.2241446E+001,-2.7452407E+001,-5.4082145E+001,-1.1793968E+000, 4.1816446E-001, 0.0000000E+000, 0.0000000E+000, 0.0000000E+000,-1.1111319E-001,-5.4338125E-002, 1.5996650E-003, 1.5996650E-003
 5.8003891E+001, 7.6510795E+001,-2.5552076E+001,-4.9831739E+001,-1.3886732E+000, 4.1018688E-001, 0.0000000E+000, 0.0000000E+000, 0.0000000E+000,-3.4533728E-003, 1.4849345E-001, 1.5996650E-003, 1.5996650E-003
 5.9012016E+001, 8.0341632E+001,-2.6840451E+001,-5.2543700E+001,-9.8424016E-001, 4.0399212E-001, 0.0000000E+000, 0.0000000E+000, 0.0000000E+000, 1.7089585E-001, 3.7723176E-001, 1.5996650E-003, 1.5996650E-003
 6.0001320E+001, 8.5153089E+001,-2.8481216E+001,-5.5401344E+001,-1.1715277E+000, 4.1606275E-001, 0.0000000E+000, 0.0000000E+000, 0.0000000E+000, 3.6824400E-001, 5.1506518E-001, 1.5996650E-003, 1.5996650E-003
 6.1005737E+001, 7.6436277E+001,-2.5493693E+001,-5.0374017E+001,-1.2485203E+000, 4.1958176E-001, 0.0000000E+000, 0.0000000E+000, 0.0000000E+000,-4.8906137E-001,-2.6037120E-001, 1.5996650E-003, 1.5996650E-003
 6.2007366E+001, 7.7103610E+001,-2.5771424E+001,-5.0185480E+001,-1.0704758E+000, 4.1600397E-001, 0.0000000E+000, 0.0000000E+000, 0.0000000E+000, 2.6369908E-001, 4.9223450E-001, 1.5996650E-003, 1.5996650E-003
 6.3003258E+001, 8.5697305E+001,-2.8635421E+001,-5.6046898E+001,-1.4995210E+000, 4.1539675E-001, 0.0000000E+000, 0.0000000E+000, 0.0000000E+000,-1.6302056E-001,-6.9138834E-002, 1.5996650E-003, 1.5996650E-003
 6.4001648E+001, 7.8695800E+001,-2.6317420E+001,-5.1523170E+001,-9.6359920E-001, 4.1633856E-001, 0.0000000E+000, 0.0000000E+000, 0.0000000E+000, 2.1182217E-001, 3.0794929E-001, 1.5996650E-003, 1.5996650E-003
 6.5009720E+001, 8.0487987E+001,-2.6859171E+001,-5.3095735E+001,-1.0965422E+000, 4.1156277E-001, 0.0000000E+000, 0.0000000E+000, 0.0000000E+000,-2.8971606E-001,-1.5189819E-001, 1.5996650E-003, 1.5996650E-003
 6.6008202E+001, 7.9247839E+001,-2.6463536E+001,-5.1618749E+001,-1.2379115E+000, 4.1457153E-001, 0.0000000E+000, 0.0000000E+000, 0.0000000E+000, 2.0492620E-001, 3.4221499E-001, 1.5996650E-003, 1.5996650E-003
 6.7006790E+001, 7.9023358E+001,-2.6383875E+001,-5.1745702E+001,-1.0315202E+000, 4.1625116E-001, 0.0000000E+000, 0.0000000E+000, 0.0000000E+000, 1.4826846E-001, 2.7851117E-001, 1.5996650E-003, 1.5996650E-003
 6.8001122E+001, 8.1407004E+001,-2.7156194E+001,-5.3764093E+001,-1.3451726E+000, 4.1633567E-001, 0.0000000E+000, 0.0000000E+000, 0.0000000E+000,-5.2622282E-001,-4.4211939E-001, 1.5996650E-003, 1.5996650E-003
 6.9000069E+001, 8.4273714E+001,-2.8198073E+001,-5.4644342E+001,-9.7541335E-001, 4.2335070E-001, 0.0000000E+000, 0.0000000E+000, 0.0000000E+000, 6.7337197E-001, 8.7923642E-001, 1.5996650E-003, 1.5996650E-003
 7.0009850E+001, 7.3425168E+001,-2.4467956E+001,-4.8668342E+001,-1.2087645E+000, 4.1221239E-001, 0.0000000E+000, 0.0000000E+000, 0.0000000E+000,-5.4454549E-001,-5.0768234E-001, 1.5996650E-003, 1.5996650E-003
 7.1006729E+001, 7.7728125E+001,-2.5923346E+001,-5.1114333E+001,-8.7914988E-001, 4.0086872E-001, 0.0000000E+000, 0.0000000E+000, 0.0000000E+000, 7.3923323E-002, 2.1216453E-001, 1.5996650E-003, 1.5996650E-003
 7.2006737E+001, 8.2582472E+001,-2.7604305E+001,-5.3530874E+001,-1.3445038E+000, 4.1560449E-001, 0.0000000E+000, 0.0000000E+000, 0.0000000E+000, 3.0856358E-001, 5.1839286E-001, 1.5996650E-003, 1.5996650E-003
 7.3005730E+001, 7.8989694E+001,-2.6321526E+001,-5.2116986E+001,-1.2703801E+000, 4.0954283E-001, 0.0000000E+000, 0.0000000E+000, 0.0000000E+000,-4.9285909E-001,-3.0965634E-001, 1.5996650E-003, 1.5996650E-003
 7.4005836E+001, 8.0361107E+001,-2.6826227E+001,-5.2350994E+001,-1.1863868E+000, 4.1482067E-001, 0.0000000E+000, 0.0000000E+000, 0.0000000E+000, 2.3607095E-001, 4.1232057E-001, 1.5996650E-003, 1.5996650E-003
 7.5008965E+001, 8.2810422E+001,-2.7646214E+001,-5.4146309E+001,-1.4002569E+000, 4.2191131E-001, 0.0000000E+000, 0.0000000E+000, 0.0000000E+000,-6.0752066E-002, 3.9553139E-002, 1.5996650E-003, 1.5996650E-003
 7.6001625E+001, 7.7895244E+001,-2.5989361E+001,-5.0844184E+001,-1.2859903E+000, 4.1606654E-001, 0.0000000E+000, 0.0000000E+000, 0.0000000E+000, 2.8713282E-002, 1.9177559E-001, 1.5996650E-003, 1.5996650E-003
 7.7006813E+001, 7.9029941E+001,-2.6339118E+001,-5.2275731E+001,-8.2196515E-001, 4.1047749E-001, 0.0000000E+000, 0.0000000E+000, 0.0000000E+000,-1.4844222E-001, 3.6048115E-003, 1.5996650E-003, 1.5996650E-003
 7.8003754E+001, 8.0190316E+001,-2.6757691E+001,-5.2337127E+001,-1.1955197E+000, 4.1687910E-001, 0.0000000E+000, 0.0000000E+000, 0.0000000E+000, 1.9716243E-001, 3.1685673E-001, 1.5996650E-003, 1.5996650E-003
 7.9007217E+001, 8.0361397E+001,-2.6797467E+001,-5.2738938E+001,-1.1277468E+000, 4.0898760E-001, 0.0000000E+000, 0.0000000E+000, 0.0000000E+000,-3.1350418E-002, 1.0623283E-001, 1.5996650E-003, 1.5996650E-003
 8.0006042E+001, 7.7699761E+001,-2.5914218E+001,-5.1017780E+001,-1.1121153E+000, 4.1737482E-001, 0.0000000E+000, 0.0000000E+000, 0.0000000E+000,-2.7013735E-002, 7.3023462E-002, 1.5996650E-003, 1.5996650E-003
 8.1002853E+001, 8.6657791E+001,-2.8948438E+001,-5.6627728E+001,-1.1266223E+000, 4.2063792E-001, 0.0000000E+000, 0.0000000E+000, 0.0000000E+000, 2.6491007E-001, 3.7564133E-001, 1.5996650E-003, 1.5996650E-003
 8.2000290E+001, 7.7930510E+001,-2.6001515E+001,-5.1374947E+001,-1.2342373E+000, 4.1300661E-001, 0.0000000E+000, 0.0000000E+000, 0.0000000E+000,-2.4657053E-001,-2.6718234E-001, 1.5996650E-003, 1.5996650E-003
 8.3008354E+001, 8.1876420E+001,-2.7342701E+001,-5.3599641E+001,-9.2763280E-001, 4.0587619E-001, 0.0000000E+000, 0.0000000E+000, 0.0000000E+000, 2.8406026E-001, 4.1232128E-001, 1.5996650E-003, 1.5996650E-003
 8.4007782E+001, 7.8437146E+001,-2.6131842E+001,-5.2140329E+001,-8.6262630E-001, 4.0953519E-001, 0.0000000E+000, 0.0000000E+000, 0.0000000E+000,-4.1587859E-001,-2.8811631E-001, 1.5996650E-003, 1.5996650E-003
 8.5007469E+001, 8.0277964E+001,-2.6789073E+001,-5.2576727E+001,-9.5635649E-001, 4.1479828E-001, 0.0000000E+000, 0.0000000E+000, 0.0000000E+000, 2.6498283E-001, 3.7060610E-001, 1.5996650E-003, 1.5996650E-003
 8.6007042E+001, 7.6203863E+001,-2.5373051E+001,-5.0047540E+001,-1.2838537E+000, 4.1268954E-001, 0.0000000E+000, 0.0000000E+000, 0.0000000E+000,-2.5655264E-001,-8.7891578E-002, 1.5996650E-003, 1.5996650E-003
 8.7000572E+001, 8.1847622E+001,-2.7307709E+001,-5.3874765E+001,-6.6531318E-001, 4.1320116E-001, 0.0000000E+000, 0.0000000E+000, 0.0000000E+000, 2.7079029E-001, 4.1303706E-001, 1.5996650E-003, 1.5996650E-003
 8.8001549E+001, 7.8054554E+001,-2.6004601E+001,-5.1386311E+001,-1.1046635E+000, 4.1147043E-001, 0.0000000E+000, 0.0000000E+000, 0.0000000E+000,-1.8509208E-001,-2.9551522E-002, 1.5996650E-003, 1.5996650E-003
 8.9004128E+001, 8.5806552E+001,-2.8643398E+001,-5.6243560E+001,-1.1246935E+000, 4.1997070E-001, 0.0000000E+000, 0.0000000E+000, 0.0000000E+000, 1.0003015E-001, 2.1487132E-001, 1.5996650E-003, 1.5996650E-003
 9.0002342E+001, 7.6090953E+001,-2.5343891E+001,-5.0270537E+001,-1.1049186E+000, 4.2113187E-001, 0.0000000E+000, 0.0000000E+000, 0.0000000E+000,-2.6378268E-001,-2.0726136E-001, 1.5996650E-003, 1.5996650E-003
 9.1003357E+001, 7.9737878E+001,-2.6578521E+001,-5.2426356E+001,-9.3672570E-001, 4.1528873E-001, 0.0000000E+000, 0.0000000E+000, 0.0000000E+000, 2.9246393E-002, 2.1156411E-001, 1.5996650E-003, 1.5996650E-003
 9.2008614E+001, 8.3605456E+001,-2.7918118E+001,-5.4453248E+001,-1.0730579E+000, 4.1834047E-001, 0.0000000E+000, 0.0000000E+000, 0.0000000E+000, 4.3074306E-001, 5.7937274E-001, 1.5996650E-003, 1.5996650E-003
 9.3004471E+001, 8.0257260E+001,-2.6734895E+001,-5.3352118E+001,-8.7677484E-001, 4.0510324E-001, 0.0000000E+000, 0.0000000E+000, 0.0000000E+000,-4.1448098E-001,-3.0142471E-001, 1.5996650E-003, 1.5996650E-003
 9.4005081E+001, 7.9127608E+001,-2.6393094E+001,-5.2089795E+001,-8.4150645E-001, 4.0812316E-001, 0.0000000E+000, 0.0000000E+000, 0.0000000E+000, 7.3952276E-002, 2.1133579E-001, 1.5996650E-003, 1.5996650E-003
 9.5002029E+001, 7.5534426E+001,-2.5160360E+001,-5.0179391E+001,-6.3030528E-001, 4.1754805E-001, 0.0000000E+000, 0.0000000E+000, 0.0000000E+000,-2.1992876E-001,-1.8081320E-002, 1.5996650E-003, 1.5996650E-003
 9.6008438E+001, 8.2390912E+001,-2.7512980E+001,-5.3505880E+001,-1.1216548E+000, 4.1611592E-001, 0.0000000E+000, 0.0000000E+000, 0.0000000E+000, 5.7416647E-001, 6.6651289E-001, 1.5996650E-003, 1.5996650E-003
 9.7008118E+001, 8.2165790E+001,-2.7375190E+001,-5.3869476E+001,-1.2728132E+000, 4.1479291E-001, 0.0000000E+000, 0.0000000E+000, 0.0000000E+000,-7.2721529E-002, 6.3104314E-002, 1.5996650E-003, 1.5996650E-003
 9.8007378E+001, 7.7075805E+001,-2.5681654E+001,-5.1364017E+001,-4.2997089E-001, 4.1904756E-001, 0.0000000E+000, 0.0000000E+000, 0.0000000E+000,-1.9386237E-001, 1.9209837E-002, 1.5996650E-003, 1.5996650E-003
 9.9008644E+001, 7.9107357E+001,-2.6362824E+001,-5.2175276E+001,-7.1671887E-001, 4.2118960E-001, 0.0000000E+000, 0.0000000E+000, 0.0000000E+000, 1.2092541E-001, 2.7372715E-001, 1.5996650E-003, 1.5996650E-003
 1.0000082E+002, 8.3144140E+001,-2.7711186E+001,-5.5125376E+001,-7.5237742E-001, 4.1856801E-001, 0.0000000E+000, 0.0000000E+000, 0.0000000E+000,-9.2181107E-002,-2.6231141E-002, 1.5996650E-003, 1.5996650E-003
 1.0100641E+002, 8.0444790E+001,-2.6819185E+001,-5.2954636E+001,-8.9833502E-001, 4.1980344E-001, 0.0000000E+000, 0.0000000E+000, 0.0000000E+000, 8.8471838E-002, 1.9243766E-001, 1.5996650E-003, 1.5996650E-003
 1.0200395E+002, 7.8649307E+001,-2.6211217E+001,-5.1721936E+001,-9.3614987E-001, 4.0998235E-001, 0.0000000E+000, 0.0000000E+000, 0.0000000E+000, 4.7581645E-002, 1.8998626E-001, 1.5996650E-003, 1.5996650E-003
 1.0300616E+002, 8.2278489E+001,-2.7437869E+001,-5.4503786E+001,-8.2582490E-001, 4.2599520E-001, 0.0000000E+000, 0.0000000E+000, 0.0000000E+000,-2.2214266E-001,-6.2995331E-002, 1.5996650E-003, 1.5996650E-003
 1.0400347E+002, 7.6237328E+001,-2.5393909E+001,-5.0282221E+001,-8.8267256E-001, 4.2032135E-001, 0.0000000E+000, 0.0000000E+000, 0.0000000E+000,-3.0742118E-002, 9.8847385E-002, 1.5996650E-003, 1.5996650E-003
 1.0500357E+002, 8.4098095E+001,-2.8051603E+001,-5.5092862E+001,-9.1179711E-001, 4.2257623E-001, 0.0000000E+000, 0.0000000E+000, 0.0000000E+000, 3.1205767E-001, 4.6440940E-001, 1.5996650E-003, 1.5996650E-003
 1.0600442E+002, 7.5315733E+001,-2.5065643E+001,-4.9881143E+001,-1.0307870E+000, 4.1888927E-001, 0.0000000E+000, 0.0000000E+000, 0.0000000E+000,-3.6106897E-001,-2.4295035E-001, 1.5996650E-003, 1.5996650E-003
 1.0700619E+002, 8.4443214E+001,-2.8169465E+001,-5.5440024E+001,-8.6229019E-001, 4.1506172E-001, 0.0000000E+000, 0.0000000E+000, 0.0000000E+000, 3.0713009E-001, 3.8649711E-001, 1.5996650E-003, 1.5996650E-003
 1.0800178E+002, 7.8327284E+001,-2.6069788E+001,-5.2099709E+001,-9.0382298E-001, 4.1874786E-001, 0.0000000E+000, 0.0000000E+000, 0.0000000E+000,-3.5942406E-001,-3.2728864E-001, 1.5996650E-003, 1.5996650E-003
 1.0900760E+002, 7.7376569E+001,-2.5749964E+001,-5.1068593E+001,-8.6857324E-001, 4.1265791E-001, 0.0000000E+000, 0.0000000E+000, 0.0000000E+000, 3.0601250E-002, 1.0209571E-001, 1.5996650E-003, 1.5996650E-003
 1.1000629E+002, 8.2568678E+001,-2.7555628E+001,-5.3899065E+001,-7.2650676E-001, 4.1769468E-001, 0.0000000E+000, 0.0000000E+000, 0.0000000E+000, 6.0778593E-001, 8.0517386E-001, 1.5996650E-003, 1.5996650E-003
 1.1100597E+002, 8.1562430E+001,-2.7178815E+001,-5.4105961E+001,-8.8008771E-001, 4.0658010E-001, 0.0000000E+000, 0.0000000E+000, 0.0000000E+000,-3.8509193E-001,-1.9585395E-001, 1.5996650E-003, 1.5996650E-003
 1.1200975E+002, 7.5776709E+001,-2.5217964E+001,-5.0136567E+001,-8.0307522E-001, 4.1454734E-001, 0.0000000E+000, 0.0000000E+000, 0.0000000E+000,-7.4236670E-002, 3.3650528E-002, 1.5996650E-003, 1.5996650E-003
 1.1300597E+002, 8.0971416E+001,-2.6948876E+001,-5.3547917E+001,-7.7774117E-001, 4.0708632E-001, 0.0000000E+000, 0.0000000E+000, 0.0000000E+000,-3.7238712E-002, 1.0396745E-001, 1.5996650E-003, 1.5996650E-003
 1.1400179E+002, 7.7184288E+001,-2.5686228E+001,-5.1028979E+001,-8.4326948E-001, 4.0755127E-001, 0.0000000E+000, 0.0000000E+000, 0.0000000E+000,-4.6732847E-002, 3.3362784E-002, 1.5996650E-003, 1.5996650E-003
 1.1500177E+002, 8.1750763E+001,-2.7212397E+001,-5.4110988E+001,-7.7956709E-001, 4.1382702E-001, 0.0000000E+000, 0.0000000E+000, 0.0000000E+000,-6.5986657E-002, 6.1638253E-002, 1.5996650E-003, 1.5996650E-003
 1.1600340E+002, 7.9264335E+001,-2.6373639E+001,-5.2382106E+001,-7.1194632E-001, 4.0899611E-001, 0.0000000E+000, 0.0000000E+000, 0.0000000E+000, 1.1876694E-001, 2.0564067E-001, 1.5996650E-003, 1.5996650E-003
 1.1700551E+002, 8.4369622E+001,-2.8152243E+001,-5.5123385E+001,-8.4310671E-001, 4.1635232E-001, 0.0000000E+000, 0.0000000E+000, 0.0000000E+000, 5.5324655E-001, 6.6723968E-001, 1.5996650E-003, 1.5996650E-003
 1.1800013E+002, 7.6879518E+001,-2.5531840E+001,-5.1432218E+001,-8.2796099E-001, 4.0626272E-001, 0.0000000E+000, 0.0000000E+000, 0.0000000E+000,-5.6833983E-001,-5.0623881E-001, 1.5996650E-003, 1.5996650E-003
 1.1900224E+002, 8.3396270E+001,-2.7824495E+001,-5.4496381E+001,-9.0893639E-001, 4.1329694E-001, 0.0000000E+000, 0.0000000E+000, 0.0000000E+000, 4.7778770E-001, 5.7975467E-001, 1.5996650E-003, 1.5996650E-003
 1.2000700E+002, 7.6884155E+001,-2.5563521E+001,-5.1299021E+001,-8.0370817E-001, 4.1191735E-001, 0.0000000E+000, 0.0000000E+000, 0.0000000E+000,-5.0668745E-001,-3.7017804E-001, 1.5996650E-003, 1.5996650E-003
 1.2100651E+002, 8.2735520E+001,-2.7572141E+001,-5.4205864E+001,-1.0771826E+000, 4.1508750E-001, 0.0000000E+000, 0.0000000E+000, 0.0000000E+000, 2.3561553E-001, 2.9542037E-001, 1.5996650E-003, 1.5996650E-003
 1.2200193E+002, 7.7947536E+001,-2.5908762E+001,-5.1877501E+001,-7.7210019E-001, 4.1507171E-001, 0.0000000E+000, 0.0000000E+000, 0.0000000E+000,-3.3142527E-001,-1.9575517E-001, 1.5996650E-003, 1.5996650E-003
 1.2300592E+002, 7.9252305E+001,-2.6374046E+001,-5.2191683E+001,-7.6615010E-001, 4.1428800E-001, 0.0000000E+000, 0.0000000E+000, 0.0000000E+000, 2.1511022E-001, 3.3471376E-001, 1.5996650E-003, 1.5996650E-003
 1.2400563E+002, 8.3060854E+001,-2.7651501E+001,-5.4884864E+001,-7.6971758E-001, 4.1048538E-001, 0.0000000E+000, 0.0000000E+000, 0.0000000E+000, 6.6847746E-002, 1.6525632E-001, 1.5996650E-003, 1.5996650E-003
 1.2500282E+002, 7.6060987E+001,-2.5294554E+001,-5.0542732E+001,-8.8891812E-001, 4.1217723E-001, 0.0000000E+000, 0.0000000E+000, 0.0000000E+000,-4.0161344E-001,-2.5304025E-001, 1.5996650E-003, 1.5996650E-003
 1.2600733E+002, 7.6872208E+001,-2.5584060E+001,-5.0836631E+001,-7.7750497E-001, 4.0598681E-001, 0.0000000E+000, 0.0000000E+000, 0.0000000E+000,-3.0222547E-002, 7.9999424E-002, 1.5996650E-003, 1.5996650E-003
 1.2700346E+002, 8.3510256E+001,-2.7812516E+001,-5.4878558E+001,-8.4564360E-001, 4.1798387E-001, 0.0000000E+000, 0.0000000E+000, 0.0000000E+000, 2.5917782E-001, 3.9152191E-001, 1.5996650E-003, 1.5996650E-003
 1.2800110E+002, 8.2382384E+001,-2.7425506E+001,-5.4324439E+001,-7.3673903E-001, 4.1857379E-001, 0.0000000E+000, 0.0000000E+000, 0.0000000E+000, 1.9309088E-001, 3.1427368E-001, 1.5996650E-003, 1.5996650E-003
 1.2900531E+002, 7.7836353E+001,-2.5881044E+001,-5.1740877E+001,-6.7328029E-001, 4.1051402E-001, 0.0000000E+000, 0.0000000E+000, 0.0000000E+000,-1.3493963E-001,-4.8334038E-002, 1.5996650E-003, 1.5996650E-003
 1.3000586E+002, 8.1335687E+001,-2.7068123E+001,-5.3623623E+001,-7.9369601E-001, 4.1532809E-001, 0.0000000E+000, 0.0000000E+000, 0.0000000E+000, 1.0751899E-001, 2.6557316E-001, 1.5996650E-003, 1.5996650E-003
 1.3100040E+002, 8.1591929E+001,-2.7144630E+001,-5.3991124E+001,-8.1416502E-001, 4.1619931E-001, 0.0000000E+000, 0.0000000E+000, 0.0000000E+000,-1.0339677E-001, 5.8209635E-002, 1.5996650E-003, 1.5996650E-003
 1.3201216E+002, 7.7407914E+001,-2.5729885E+001,-5.1524428E+001,-6.5869715E-001, 4.1300785E-001, 0.0000000E+000, 0.0000000E+000, 0.0000000E+000,-2.9736398E-001,-9.2088264E-002, 1.5996650E-003, 1.5996650E-003
 1.3300623E+002, 8.1770636E+001,-2.7212775E+001,-5.3812370E+001,-8.3615014E-001, 4.2289804E-001, 0.0000000E+000, 0.0000000E+000, 0.0000000E+000, 2.6869231E-001, 3.3223858E-001, 1.5996650E-003, 1.5996650E-003
 1.3400117E+002, 8.0465723E+001,-2.6751297E+001,-5.3396011E+001,-7.8631404E-001, 4.0222169E-001, 0.0000000E+000, 0.0000000E+000, 0.0000000E+000,-1.2826235E-001,-6.5677177E-002, 1.5996650E-003, 1.5996650E-003
 1.3500607E+002, 7.9852707E+001,-2.6568728E+001,-5.2610994E+001,-7.7382719E-001, 4.1300408E-001, 0.0000000E+000, 0.0000000E+000, 0.0000000E+000, 1.6286560E-001, 3.1216238E-001, 1.5996650E-003, 1.5996650E-003
 1.3600035E+002, 7.7659142E+001,-2.5823964E+001,-5.1430984E+001,-6.7713125E-001, 4.1396202E-001, 0.0000000E+000, 0.0000000E+000, 0.0000000E+000, 1.1498377E-002, 1.4102440E-001, 1.5996650E-003, 1.5996650E-003
 1.3700125E+002, 8.3106951E+001,-2.7672440E+001,-5.4903155E+001,-6.5064210E-001, 4.1310319E-001, 0.0000000E+000, 0.0000000E+000, 0.0000000E+000, 2.0477950E-001, 2.9381639E-001, 1.5996650E-003, 1.5996650E-003
 1.3800154E+002, 7.9324547E+001,-2.6379776E+001,-5.2872974E+001,-5.5858010E-001, 4.0875821E-001, 0.0000000E+000, 0.0000000E+000, 0.0000000E+000,-2.0263219E-001,-7.8025115E-002, 1.5996650E-003, 1.5996650E-003
 1.3900945E+002, 7.9760643E+001,-2.6523796E+001,-5.3027058E+001,-5.9172387E-001, 4.0914108E-001, 0.0000000E+000, 0.0000000E+000, 0.0000000E+000,-7.9986993E-002, 2.7206798E-002, 1.5996650E-003, 1.5996650E-003
 1.4000417E+002, 8.0251826E+001,-2.6711418E+001,-5.2511544E+001,-6.6149510E-001, 4.1087819E-001, 0.0000000E+000, 0.0000000E+000, 0.0000000E+000, 5.8311137E-001, 7.7824677E-001, 1.5996650E-003, 1.5996650E-003
 1.4100809E+002, 8.0074799E+001,-2.6625004E+001,-5.3135627E+001,-9.0911472E-001, 4.1257695E-001, 0.0000000E+000, 0.0000000E+000, 0.0000000E+000,-2.6010712E-001,-1.8236922E-001, 1.5996650E-003, 1.5996650E-003
 1.4200394E+002, 7.9368762E+001,-2.6391214E+001,-5.2881830E+001,-6.6860188E-001, 4.1451103E-001, 0.0000000E+000, 0.0000000E+000, 0.0000000E+000,-2.4678306E-001,-1.5837299E-001, 1.5996650E-003, 1.5996650E-003
 1.4300328E+002, 8.1246774E+001,-2.7040882E+001,-5.3801281E+001,-7.4676079E-001, 4.2789526E-001, 0.0000000E+000, 0.0000000E+000, 0.0000000E+000,-1.2073162E-001, 8.5745650E-002, 1.5996650E-003, 1.5996650E-003
 1.4400812E+002, 7.2769275E+001,-2.4157329E+001,-4.8380630E+001,-6.3990773E-001, 4.1266660E-001, 0.0000000E+000, 0.0000000E+000, 0.0000000E+000,-1.1714500E-001, 4.0754223E-003, 1.5996650E-003, 1.5996650E-003
 1.4500836E+002, 8.4695019E+001,-2.8199267E+001,-5.5923806E+001,-5.7535800E-001, 4.1210396E-001, 0.0000000E+000, 0.0000000E+000, 0.0000000E+000, 3.0152779E-001, 4.0869152E-001, 1.5996650E-003, 1.5996650E-003
 1.4600786E+002, 8.1576253E+001,-2.7111426E+001,-5.4501171E+001,-6.1708245E-001, 4.1237944E-001, 0.0000000E+000, 0.0000000E+000, 0.0000000E+000,-3.2439571E-001,-2.4104704E-001, 1.5996650E-003, 1.5996650E-003
 1.4700037E+002, 8.0591416E+001,-2.6809702E+001,-5.3476740E+001,-5.3690727E-001, 4.1564183E-001, 0.0000000E+000, 0.0000000E+000, 0.0000000E+000, 8.6198799E-002, 1.8370901E-001, 1.5996650E-003, 1.5996650E-003
 1.4800815E+002, 7.8596634E+001,-2.6130823E+001,-5.2056401E+001,-6.0304698E-001, 4.1917989E-001, 0.0000000E+000, 0.0000000E+000, 0.0000000E+000, 1.2573097E-001, 2.2554282E-001, 1.5996650E-003, 1.5996650E-003
 1.4900699E+002, 8.0542784E+001,-2.6787161E+001,-5.3122670E+001,-7.2556331E-001, 4.1978845E-001, 0.0000000E+000, 0.0000000E+000, 0.0000000E+000, 1.2172289E-001, 3.2717856E-001, 1.5996650E-003, 1.5996650E-003
 1.5000958E+002, 7.7489603E+001,-2.5706296E+001,-5.1601583E+001,-7.9345251E-001, 4.1759559E-001, 0.0000000E+000, 0.0000000E+000, 0.0000000E+000,-2.9599037E-001,-1.9413308E-001, 1.5996650E-003, 1.5996650E-003
 1.5100800E+002, 8.3321021E+001,-2.7730355E+001,-5.4950618E+001,-5.8086923E-001, 4.1539689E-001, 0.0000000E+000, 0.0000000E+000, 0.0000000E+000, 3.1790947E-001, 4.7457525E-001, 1.5996650E-003, 1.5996650E-003
 1.5200346E+002, 7.9902726E+001,-2.6565108E+001,-5.3421509E+001,-3.9427438E-001, 4.1476242E-001, 0.0000000E+000, 0.0000000E+000, 0.0000000E+000,-1.7435659E-001,-6.3403330E-002, 1.5996650E-003, 1.5996650E-003
 1.5301059E+002, 7.9665718E+001,-2.6495074E+001,-5.2891135E+001,-4.5051251E-001, 4.1754868E-001, 0.0000000E+000, 0.0000000E+000, 0.0000000E+000, 1.2935229E-001, 2.4654554E-001, 1.5996650E-003, 1.5996650E-003
 1.5400427E+002, 8.2583101E+001,-2.7456573E+001,-5.4668426E+001,-4.6006944E-001, 4.1403730E-001, 0.0000000E+000, 0.0000000E+000, 0.0000000E+000, 3.2127481E-001, 4.1206929E-001, 1.5996650E-003, 1.5996650E-003
 1.5500677E+002, 7.9853207E+001,-2.6543973E+001,-5.2967603E+001,-7.2079822E-001, 4.2112400E-001, 0.0000000E+000, 0.0000000E+000, 0.0000000E+000,-8.8717683E-002, 4.1956874E-002, 1.5996650E-003, 1.5996650E-003
 1.5600018E+002, 7.8853320E+001,-2.6188131E+001,-5.2846202E+001,-2.7191118E-001, 4.1265845E-001, 0.0000000E+000, 0.0000000E+000, 0.0000000E+000,-9.3943783E-002,-4.0266777E-002, 1.5996650E-003, 1.5996650E-003
 1.5701048E+002, 7.7365570E+001,-2.5683348E+001,-5.1653072E+001,-6.6906264E-001, 4.1591128E-001, 0.0000000E+000, 0.0000000E+000, 0.0000000E+000,-3.4255534E-001,-2.2400077E-001, 1.5996650E-003, 1.5996650E-003
 1.5800961E+002, 7.8212403E+001,-2.5989515E+001,-5.1697495E+001,-6.8400372E-001, 4.1354886E-001, 0.0000000E+000, 0.0000000E+000, 0.0000000E+000, 3.7705804E-002, 2.5493885E-001, 1.5996650E-003, 1.5996650E-003
 1.5900613E+002, 7.9140458E+001,-2.6281825E+001,-5.2609177E+001,-5.5843919E-001, 4.0686511E-001, 0.0000000E+000, 0.0000000E+000, 0.0000000E+000,-6.1258490E-002, 9.7882637E-002, 1.5996650E-003, 1.5996650E-003
 1.6000146E+002, 8.0225299E+001,-2.6652180E+001,-5.3489220E+001,-3.9345721E-001, 4.1405995E-001, 0.0000000E+000, 0.0000000E+000, 0.0000000E+000,-1.8349220E-002, 1.0450115E-001, 1.5996650E-003, 1.5996650E-003
 1.6100600E+002, 8.1353407E+001,-2.7048494E+001,-5.3636725E+001,-8.8365049E-001, 4.1837461E-001, 0.0000000E+000, 0.0000000E+000, 0.0000000E+000, 6.3299434E-002, 2.0291228E-001, 1.5996650E-003, 1.5996650E-003
 1.6200308E+002, 8.4467762E+001,-2.8099213E+001,-5.5748880E+001,-6.2304931E-001, 4.1507664E-001, 0.0000000E+000, 0.0000000E+000, 0.0000000E+000, 2.4119876E-001, 4.1169726E-001, 1.5996650E-003, 1.5996650E-003
 1.6300867E+002, 7.8774981E+001,-2.6163053E+001,-5.2358956E+001,-5.5441804E-001, 4.1118554E-001, 0.0000000E+000, 0.0000000E+000, 0.0000000E+000,-1.3132944E-002, 1.0973927E-001, 1.5996650E-003, 1.5996650E-003
 1.6400705E+002, 7.9852339E+001,-2.6540517E+001,-5.3009350E+001,-6.0613907E-001, 4.1213661E-001, 0.0000000E+000, 0.0000000E+000, 0.0000000E+000,-7.5082810E-002, 1.0847015E-001, 1.5996650E-003, 1.5996650E-003
 1.6500758E+002, 7.8546025E+001,-2.6109326E+001,-5.2289050E+001,-6.8252398E-001, 4.1341959E-001, 0.0000000E+000, 0.0000000E+000, 0.0000000E+000,-2.1165048E-001,-1.2145474E-001, 1.5996650E-003, 1.5996650E-003
 1.6600766E+002, 8.1556978E+001,-2.7136545E+001,-5.3666932E+001,-7.5344936E-001, 4.1345763E-001, 0.0000000E+000, 0.0000000E+000, 0.0000000E+000, 3.2082249E-001, 4.1350958E-001, 1.5996650E-003, 1.5996650E-003
 1.6700346E+002, 8.1079614E+001,-2.6907254E+001,-5.4125253E+001,-5.9587115E-001, 4.0871608E-001, 0.0000000E+000, 0.0000000E+000, 0.0000000E+000,-2.2223296E-001,-1.4004710E-001, 1.5996650E-003, 1.5996650E-003
 1.6800629E+002, 7.5290400E+001,-2.5009616E+001,-5.0103990E+001,-2.1772227E-001, 4.0498071E-001, 0.0000000E+000, 0.0000000E+000, 0.0000000E+000, 1.8625832E-001, 3.6405348E-001, 1.5996650E-003, 1.5996650E-003
 1.6900111E+002, 8.3571579E+001,-2.7819162E+001,-5.5128558E+001,-7.0935173E-001, 4.1275152E-001, 0.0000000E+000, 0.0000000E+000, 0.0000000E+000, 2.4257861E-001, 3.2725844E-001, 1.5996650E-003, 1.5996650E-003
 1.7000209E+002, 7.6411858E+001,-2.5350116E+001,-5.1480373E+001,-3.5621058E-001, 4.1293183E-001, 0.0000000E+000, 0.0000000E+000, 0.0000000E+000,-4.8855054E-001,-3.6190962E-001, 1.5996650E-003, 1.5996650E-003
 1.7100020E+002, 8.0432748E+001,-2.6750637E+001,-5.3263612E+001,-4.1310255E-001, 4.1691289E-001, 0.0000000E+000, 0.0000000E+000, 0.0000000E+000, 1.3055510E-001, 4.2230931E-001, 1.5996650E-003, 1.5996650E-003
 1.7200693E+002, 8.0675731E+001,-2.6787039E+001,-5.3627673E+001,-5.1515970E-001, 4.0719002E-001, 0.0000000E+000, 0.0000000E+000, 0.0000000E+000,-8.1865009E-002, 1.5304956E-001, 1.5996650E-003, 1.5996650E-003
 1.7300310E+002, 7.7999256E+001,-2.5883191E+001,-5.1910850E+001,-7.7144145E-001, 4.0460687E-001, 0.0000000E+000, 0.0000000E+000, 0.0000000E+000,-2.8699795E-001,-1.6162000E-001, 1.5996650E-003, 1.5996650E-003
 1.7400272E+002, 8.0888821E+001,-2.6896234E+001,-5.3702831E+001,-2.5415598E-001, 4.1506664E-001, 0.0000000E+000, 0.0000000E+000, 0.0000000E+000, 3.3751175E-001, 4.5066664E-001, 1.5996650E-003, 1.5996650E-003
 1.7500003E+002, 8.3282450E+001,-2.7683717E+001,-5.5241981E+001,-3.9276017E-001, 4.1554862E-001, 0.0000000E+000, 0.0000000E+000, 0.0000000E+000, 2.2004342E-001, 3.7954099E-001, 1.5996650E-003, 1.5996650E-003
 1.7600534E+002, 7.7828934E+001,-2.5835189E+001,-5.2235924E+001,-3.8953467E-001, 4.1201698E-001, 0.0000000E+000, 0.0000000E+000, 0.0000000E+000,-3.0720887E-001,-2.1969730E-001, 1.5996650E-003, 1.5996650E-003
 1.7700763E+002, 7.8818824E+001,-2.6176040E+001,-5.2409357E+001,-4.1256112E-001, 4.0375986E-001, 0.0000000E+000, 0.0000000E+000, 0.0000000E+000, 3.0429661E-002, 2.2462597E-001, 1.5996650E-003, 1.5996650E-003
 1.7800031E+002, 8.3375548E+001,-2.7744622E+001,-5.4880622E+001,-3.9383001E-001, 4.1280343E-001, 0.0000000E+000, 0.0000000E+000, 0.0000000E+000, 5.8284117E-001, 7.6927749E-001, 1.5996650E-003, 1.5996650E-003
 1.7900175E+002, 8.1637194E+001,-2.7130862E+001,-5.4343774E+001,-7.7674958E-001, 4.1775149E-001, 0.0000000E+000, 0.0000000E+000, 0.0000000E+000,-2.8323547E-001,-1.9643994E-001, 1.5996650E-003, 1.5996650E-003
 1.8000433E+002, 8.0709885E+001,-2.6812983E+001,-5.3658228E+001,-4.9026200E-001, 4.1041178E-001, 0.0000000E+000, 0.0000000E+000, 0.0000000E+000, 1.2121455E-002, 1.5882382E-001, 1.5996650E-003, 1.5996650E-003
 1.8100473E+002, 7.4552934E+001,-2.4722426E+001,-4.9769374E+001,-6.8819603E-001, 4.0936864E-001, 0.0000000E+000, 0.0000000E+000, 0.0000000E+000,-3.6479913E-001,-2.1769365E-001, 1.5996650E-003, 1.5996650E-003
 1.8200330E+002, 8.1458908E+001,-2.7072867E+001,-5.4044017E+001,-2.8989912E-001, 4.1664488E-001, 0.0000000E+000, 0.0000000E+000, 0.0000000E+000, 3.1064590E-001, 4.6876993E-001, 1.5996650E-003, 1.5996650E-003
 1.8300743E+002, 8.2789170E+001,-2.7499241E+001,-5.5027432E+001,-5.9848779E-001, 4.1347708E-001, 0.0000000E+000, 0.0000000E+000, 0.0000000E+000,-2.6037883E-003, 7.7485546E-002, 1.5996650E-003, 1.5996650E-003
 1.8400369E+002, 8.0140383E+001,-2.6618779E+001,-5.3526647E+001,-3.8459400E-001, 4.1465147E-001, 0.0000000E+000, 0.0000000E+000, 0.0000000E+000,-1.5978704E-001, 2.5014376E-002, 1.5996650E-003, 1.5996650E-003
 1.8500409E+002, 7.6039941E+001,-2.5211924E+001,-5.0729303E+001,-6.6587203E-001, 4.2328770E-001, 0.0000000E+000, 0.0000000E+000, 0.0000000E+000,-2.3888573E-001,-1.4386970E-001, 1.5996650E-003, 1.5996650E-003
 1.8600987E+002, 8.1211289E+001,-2.7023166E+001,-5.3469401E+001,-6.1016843E-001, 4.1990335E-001, 0.0000000E+000, 0.0000000E+000, 0.0000000E+000, 4.3536772E-001, 5.2845735E-001, 1.5996650E-003, 1.5996650E-003
 1.8700153E+002, 7.9182137E+001,-2.6292092E+001,-5.2953060E+001,-4.4886694E-001, 4.1004845E-001, 0.0000000E+000, 0.0000000E+000, 0.0000000E+000,-2.3232404E-001,-1.0183333E-001, 1.5996650E-003, 1.5996650E-003
 1.8800713E+002, 8.4268913E+001,-2.8009522E+001,-5.5971890E+001,-4.1422357E-001, 4.2267358E-001, 0.0000000E+000, 0.0000000E+000, 0.0000000E+000, 1.7404327E-001, 2.9595055E-001, 1.5996650E-003, 1.5996650E-003
 1.8901109E+002, 7.4123013E+001,-2.4575744E+001,-4.9552873E+001,-4.0691094E-001, 4.1560852E-001, 0.0000000E+000, 0.0000000E+000, 0.0000000E+000,-7.5068958E-002, 3.0935144E-003, 1.5996650E-003, 1.5996650E-003
 1.9000827E+002, 8.2404985E+001,-2.7390223E+001,-5.4778002E+001,-6.0610045E-001, 4.1554733E-001, 0.0000000E+000, 0.0000000E+000, 0.0000000E+000,-6.6166509E-002, 4.6206212E-002, 1.5996650E-003, 1.5996650E-003
 1.9100372E+002, 7.8861375E+001,-2.6164637E+001,-5.2565822E+001,-2.5396472E-001, 4.1687539E-001, 0.0000000E+000, 0.0000000E+000, 0.0000000E+000, 1.0244112E-001, 2.9382710E-001, 1.5996650E-003, 1.5996650E-003
 1.9200027E+002, 8.0491509E+001,-2.6707043E+001,-5.3625020E+001,-6.1943575E-001, 4.1187181E-001, 0.0000000E+000, 0.0000000E+000, 0.0000000E+000,-1.8233799E-001,-4.8118323E-002, 1.5996650E-003, 1.5996650E-003
 1.9300787E+002, 7.9306471E+001,-2.6312292E+001,-5.2824472E+001,-6.5982764E-001, 4.0990974E-001, 0.0000000E+000, 0.0000000E+000, 0.0000000E+000,-2.1818335E-001,-8.0210545E-002, 1.5996650E-003, 1.5996650E-003
 1.9400085E+002, 8.1346514E+001,-2.7032902E+001,-5.3731449E+001,-3.5170009E-001, 4.0833442E-001, 0.0000000E+000, 0.0000000E+000, 0.0000000E+000, 5.1208586E-001, 6.3879714E-001, 1.5996650E-003, 1.5996650E-003
 1.9500473E+002, 8.1027156E+001,-2.6874965E+001,-5.3925471E+001,-6.9302021E-001, 4.1498624E-001, 0.0000000E+000, 0.0000000E+000, 0.0000000E+000,-2.0453338E-001,-5.1314596E-002, 1.5996650E-003, 1.5996650E-003
 1.9600003E+002, 7.8125011E+001,-2.5938347E+001,-5.1654804E+001,-7.2480060E-001, 4.1163613E-001, 0.0000000E+000, 0.0000000E+000, 0.0000000E+000, 8.7909167E-002, 2.1869622E-001, 1.5996650E-003, 1.5996650E-003
 1.9700511E+002, 8.1047235E+001,-2.6876548E+001,-5.4078904E+001,-7.6278524E-001, 4.1224552E-001, 0.0000000E+000, 0.0000000E+000, 0.0000000E+000,-3.5691100E-001,-2.5875616E-001, 1.5996650E-003, 1.5996650E-003
 1.9800580E+002, 8.2897534E+001,-2.7581171E+001,-5.4412937E+001,-4.7126431E-001, 4.2185973E-001, 0.0000000E+000, 0.0000000E+000, 0.0000000E+000, 7.2837317E-001, 8.5402200E-001, 1.5996650E-003, 1.5996650E-003
 1.9900302E+002, 7.9816192E+001,-2.6498425E+001,-5.3828724E+001,-4.0623157E-001, 4.1199475E-001, 0.0000000E+000, 0.0000000E+000, 0.0000000E+000,-5.7898968E-001,-5.0519394E-001, 1.5996650E-003, 1.5996650E-003
 2.0000418E+002, 7.6441791E+001,-2.5342681E+001,-5.1015530E+001,-3.4097892E-001, 4.1282151E-001, 0.0000000E+000, 0.0000000E+000, 0.0000000E+000, 4.7799400E-002, 1.5542279E-001, 1.5996650E-003, 1.5996650E-003
 2.0100659E+002, 8.4724760E+001,-2.8152328E+001,-5.6224118E+001,-4.3574328E-001, 4.1161455E-001, 0.0000000E+000, 0.0000000E+000, 0.0000000E+000, 2.2166136E-001, 3.2418585E-001, 1.5996650E-003, 1.5996650E-003
 2.0200624E+002, 7.8839664E+001,-2.6179424E+001,-5.2225623E+001,-6.0012601E-001, 4.1825615E-001, 0.0000000E+000, 0.0000000E+000, 0.0000000E+000, 1.1116119E-001, 2.5274713E-001, 1.5996650E-003, 1.5996650E-003
 2.0300208E+002, 7.7292353E+001,-2.5615945E+001,-5.1633688E+001,-6.4202368E-001, 4.1585339E-001, 0.0000000E+000, 0.0000000E+000, 0.0000000E+000,-2.3547583E-001,-1.8344919E-001, 1.5996650E-003, 1.5996650E-003
 2.0400601E+002, 8.2554527E+001,-2.7424904E+001,-5.4647485E+001,-4.9108061E-001, 4.1160467E-001, 0.0000000E+000, 0.0000000E+000, 0.0000000E+000, 2.3576174E-001, 4.0266219E-001, 1.5996650E-003, 1.5996650E-003
 2.0500441E+002, 8.1646691E+001,-2.7107487E+001,-5.4284427E+001,-7.4699564E-001, 4.2459838E-001, 0.0000000E+000, 0.0000000E+000, 0.0000000E+000,-1.8333305E-001,-6.7620410E-002, 1.5996650E-003, 1.5996650E-003
 2.0600858E+002, 7.5646838E+001,-2.5105348E+001,-5.0231393E+001,-4.3883872E-001, 4.0449749E-001, 0.0000000E+000, 0.0000000E+000, 0.0000000E+000, 1.3963598E-001, 2.7575579E-001, 1.5996650E-003, 1.5996650E-003
 2.0700835E+002, 7.9103630E+001,-2.6241437E+001,-5.2781420E+001,-6.4754314E-001, 4.1117788E-001, 0.0000000E+000, 0.0000000E+000, 0.0000000E+000,-2.9131023E-001,-1.5559305E-001, 1.5996650E-003, 1.5996650E-003
 2.0800887E+002, 8.4520245E+001,-2.8076235E+001,-5.6563903E+001,-1.7643494E-001, 4.0935345E-001, 0.0000000E+000, 0.0000000E+000, 0.0000000E+000, 2.2288348E-002, 1.1302545E-001, 1.5996650E-003, 1.5996650E-003
 2.0900111E+002, 7.6232380E+001,-2.5278577E+001,-5.1020342E+001,-2.6176442E-001, 4.2053663E-001, 0.0000000E+000, 0.0000000E+000, 0.0000000E+000,-1.1782561E-001, 9.2233520E-002, 1.5996650E-003, 1.5996650E-003
 2.1000613E+002, 8.0396341E+001,-2.6695695E+001,-5.3471967E+001,-3.9295481E-001, 4.1366182E-001, 0.0000000E+000, 0.0000000E+000, 0.0000000E+000, 1.2107007E-001, 2.4938628E-001, 1.5996650E-003, 1.5996650E-003
 2.1100877E+002, 8.1191338E+001,-2.6949930E+001,-5.3853505E+001,-5.4696226E-001, 4.1786639E-001, 0.0000000E+000, 0.0000000E+000, 0.0000000E+000, 9.8404125E-002, 2.5880748E-001, 1.5996650E-003, 1.5996650E-003
 2.1200143E+002, 8.3211036E+001,-2.7695635E+001,-5.4761217E+001,-7.3418318E-001, 4.1636902E-001, 0.0000000E+000, 0.0000000E+000, 0.0000000E+000, 2.6879638E-001, 4.3636939E-001, 1.5996650E-003, 1.5996650E-003
 2.1300854E+002, 7.4768551E+001,-2.4782049E+001,-5.0131004E+001,-5.0825856E-001, 3.9779978E-001, 0.0000000E+000, 0.0000000E+000, 0.0000000E+000,-3.3414924E-001,-2.5496030E-001, 1.5996650E-003, 1.5996650E-003
 2.1400308E+002, 8.3324513E+001,-2.7687726E+001,-5.5043008E+001,-6.5311228E-001, 4.1933784E-001, 0.0000000E+000, 0.0000000E+000, 0.0000000E+000, 1.7638089E-001, 3.6000414E-001, 1.5996650E-003, 1.5996650E-003
 2.1501050E+002, 7.8787757E+001,-2.6152286E+001,-5.2714184E+001,-2.9504969E-001, 4.1217859E-001, 0.0000000E+000, 0.0000000E+000, 0.0000000E+000,-7.3862287E-002, 3.8414895E-002, 1.5996650E-003, 1.5996650E-003
 2.1600276E+002, 8.1139631E+001,-2.6939437E+001,-5.3503154E+001,-4.7421293E-001, 4.1671215E-001, 0.0000000E+000, 0.0000000E+000, 0.0000000E+000, 4.7491671E-001, 6.3953953E-001, 1.5996650E-003, 1.5996650E-003
 2.1700024E+002, 7.7084668E+001,-2.5523665E+001,-5.2142760E+001,-3.5296501E-001, 4.1632920E-001, 0.0000000E+000, 0.0000000E+000, 0.0000000E+000,-6.2740835E-001,-5.1839298E-001, 1.5996650E-003, 1.5996650E-003
 2.1800841E+002, 8.2959956E+001,-2.7547991E+001,-5.5253022E+001,-3.6873617E-001, 4.1732599E-001, 0.0000000E+000, 0.0000000E+000, 0.0000000E+000, 7.5316248E-002, 2.0753218E-001, 1.5996650E-003, 1.5996650E-003
 2.1900505E+002, 8.1789698E+001,-2.7164917E+001,-5.4326742E+001,-4.1908221E-001, 4.2175464E-001, 0.0000000E+000, 0.0000000E+000, 0.0000000E+000, 1.7274846E-001, 3.0071084E-001, 1.5996650E-003, 1.5996650E-003
 2.2000159E+002, 7.6518105E+001,-2.5340637E+001,-5.1212110E+001,-6.6540325E-001, 4.1203142E-001, 0.0000000E+000, 0.0000000E+000, 0.0000000E+000,-3.7075316E-001,-2.8801436E-001, 1.5996650E-003, 1.5996650E-003
 2.2100230E+002, 7.6821679E+001,-2.5522401E+001,-5.0844658E+001,-5.2675302E-001, 4.0738324E-001, 0.0000000E+000, 0.0000000E+000, 0.0000000E+000, 2.1860284E-001, 3.3524913E-001, 1.5996650E-003, 1.5996650E-003
 2.2200729E+002, 8.1239571E+001,-2.6932630E+001,-5.4338696E+001,-4.8382722E-001, 4.0866637E-001, 0.0000000E+000, 0.0000000E+000, 0.0000000E+000,-2.0528624E-001,-1.0691523E-001, 1.5996650E-003, 1.5996650E-003
 2.2300708E+002, 8.4047442E+001,-2.7912700E+001,-5.5697384E+001,-6.0727193E-001, 4.2620879E-001, 0.0000000E+000, 0.0000000E+000, 0.0000000E+000, 1.7005526E-001, 2.5629508E-001, 1.5996650E-003, 1.5996650E-003
 2.2400856E+002, 7.9350992E+001,-2.6345008E+001,-5.2542580E+001,-6.4653301E-001, 4.1261008E-001, 0.0000000E+000, 0.0000000E+000, 0.0000000E+000, 1.7592914E-001, 2.2948128E-001, 1.5996650E-003, 1.5996650E-003
 2.2500081E+002, 8.0411743E+001,-2.6676988E+001,-5.3579643E+001,-3.6364293E-001, 4.0917756E-001, 0.0000000E+000, 0.0000000E+000, 0.0000000E+000,-5.3065276E-004, 2.0064617E-001, 1.5996650E-003, 1.5996650E-003
 2.2601016E+002, 7.9475829E+001,-2.6373433E+001,-5.3271491E+001,-2.3107438E-001, 4.1298468E-001, 0.0000000E+000, 0.0000000E+000, 0.0000000E+000,-1.1160984E-001, 1.2814579E-002, 1.5996650E-003, 1.5996650E-003
 2.2700650E+002, 7.5842931E+001,-2.5135145E+001,-5.0893618E+001,-5.2215524E-001, 4.1501532E-001, 0.0000000E+000, 0.0000000E+000, 0.0000000E+000,-3.6748734E-001,-2.9297231E-001, 1.5996650E-003, 1.5996650E-003
 2.2800598E+002, 8.2537425E+001,-2.7409996E+001,-5.4722831E+001,-3.2231737E-001, 4.0732712E-001, 0.0000000E+000, 0.0000000E+000, 0.0000000E+000, 3.9765980E-001, 4.8960766E-001, 1.5996650E-003, 1.5996650E-003
 2.2900682E+002, 7.7588986E+001,-2.5705465E+001,-5.2019233E+001,-4.2031207E-001, 4.0688944E-001, 0.0000000E+000, 0.0000000E+000, 0.0000000E+000,-3.2502129E-001,-1.4913534E-001, 1.5996650E-003, 1.5996650E-003
 2.3001060E+002, 7.8705300E+001,-2.6106811E+001,-5.2519412E+001,-4.0355725E-001, 4.1164315E-001, 0.0000000E+000, 0.0000000E+000, 0.0000000E+000,-5.9082787E-002, 8.7162852E-002, 1.5996650E-003, 1.5996650E-003
 2.3100951E+002, 8.4827305E+001,-2.8186980E+001,-5.6261843E+001,-4.1152730E-001, 4.1529001E-001, 0.0000000E+000, 0.0000000E+000, 0.0000000E+000, 2.9790863E-001, 3.8224462E-001, 1.5996650E-003, 1.5996650E-003
 2.3200340E+002, 7.7566798E+001,-2.5698692E+001,-5.1797016E+001,-2.5490291E-001, 4.1316955E-001, 0.0000000E+000, 0.0000000E+000, 0.0000000E+000, 8.3344988E-002, 2.2935647E-001, 1.5996650E-003, 1.5996650E-003
 2.3300365E+002, 8.3982391E+001,-2.7869876E+001,-5.5837726E+001,-6.4810895E-001, 4.2460289E-001, 0.0000000E+000, 0.0000000E+000, 0.0000000E+000,-6.5917382E-003, 5.1282811E-002, 1.5996650E-003, 1.5996650E-003
 2.3400218E+002, 7.5444862E+001,-2.4997765E+001,-5.0551975E+001,-3.2052338E-001, 4.1524102E-001, 0.0000000E+000, 0.0000000E+000, 0.0000000E+000,-1.3863169E-001,-1.0160356E-002, 1.5996650E-003, 1.5996650E-003
 2.3500705E+002, 8.2415954E+001,-2.7330421E+001,-5.5014431E+001,-4.7422773E-001, 4.0729989E-001, 0.0000000E+000, 0.0000000E+000, 0.0000000E+000,-2.5350350E-002, 4.1734901E-003, 1.5996650E-003, 1.5996650E-003
 2.3601025E+002, 8.3500847E+001,-2.7760028E+001,-5.5116315E+001,-3.3604516E-001, 4.1524964E-001, 0.0000000E+000, 0.0000000E+000, 0.0000000E+000, 5.7298217E-001, 7.0370792E-001, 1.5996650E-003, 1.5996650E-003
 2.3700699E+002, 7.5067881E+001,-2.4833460E+001,-5.0618585E+001,-4.0875093E-001, 4.1246804E-001, 0.0000000E+000, 0.0000000E+000, 0.0000000E+000,-5.1353235E-001,-3.8044710E-001, 1.5996650E-003, 1.5996650E-003
 2.3800333E+002, 8.0567349E+001,-2.6735502E+001,-5.3752673E+001,-1.2871905E-001, 4.0775581E-001, 0.0000000E+000, 0.0000000E+000, 0.0000000E+000, 1.8747861E-001, 3.5821088E-001, 1.5996650E-003, 1.5996650E-003
 2.3900650E+002, 8.1417717E+001,-2.7006708E+001,-5.4320749E+001,-3.7007824E-001, 4.1122620E-001, 0.0000000E+000, 0.0000000E+000, 0.0000000E+000,-2.4014248E-002, 1.3140799E-001, 1.5996650E-003, 1.5996650E-003
 2.4000839E+002, 7.9743527E+001,-2.6428254E+001,-5.3070712E+001,-3.9835111E-001, 4.1737498E-001, 0.0000000E+000, 0.0000000E+000, 0.0000000E+000, 1.4821162E-001, 2.6358451E-001, 1.5996650E-003, 1.5996650E-003
 2.4100797E+002, 8.3089906E+001,-2.7573137E+001,-5.5537767E+001,-7.3445670E-001, 4.1758063E-001, 0.0000000E+000, 0.0000000E+000, 0.0000000E+000,-2.9678306E-001,-3.3787396E-001, 1.5996650E-003, 1.5996650E-003
 2.4201033E+002, 7.3008477E+001,-2.4209666E+001,-4.8823885E+001,-2.8753714E-001, 4.1395810E-001, 0.0000000E+000, 0.0000000E+000, 0.0000000E+000,-8.2661071E-002, 1.0134644E-001, 1.5996650E-003, 1.5996650E-003
 2.4300883E+002, 8.4357251E+001,-2.8035560E+001,-5.5965268E+001,-4.1264254E-001, 4.1728634E-001, 0.0000000E+000, 0.0000000E+000, 0.0000000E+000, 2.7614676E-001, 3.6106709E-001, 1.5996650E-003, 1.5996650E-003
 2.4400359E+002, 7.8785537E+001,-2.6110296E+001,-5.3057432E+001,-2.4671760E-001, 4.1161344E-001, 0.0000000E+000, 0.0000000E+000, 0.0000000E+000,-4.0017181E-001,-2.1729509E-001, 1.5996650E-003, 1.5996650E-003
 2.4500021E+002, 8.2384675E+001,-2.7345757E+001,-5.4533228E+001,-4.2632134E-001, 4.0679184E-001, 0.0000000E+000, 0.0000000E+000, 0.0000000E+000, 3.4072777E-001, 4.8616087E-001, 1.5996650E-003, 1.5996650E-003
 2.4600499E+002, 7.7234287E+001,-2.5588568E+001,-5.1858060E+001,-2.8765795E-001, 4.1026387E-001, 0.0000000E+000, 0.0000000E+000, 0.0000000E+000,-2.5342405E-001,-8.9735075E-002, 1.5996650E-003, 1.5996650E-003
 2.4700555E+002, 8.1307074E+001,-2.6977818E+001,-5.4430747E+001,-1.2823172E-001, 4.1418065E-001, 0.0000000E+000, 0.0000000E+000, 0.0000000E+000, 1.1786295E-001, 1.8445716E-001, 1.5996650E-003, 1.5996650E-003
 2.4800058E+002, 8.0639217E+001,-2.6749698E+001,-5.3906209E+001,-3.3883931E-001, 4.1417821E-001, 0.0000000E+000, 0.0000000E+000, 0.0000000E+000,-8.0708718E-002, 5.8649261E-002, 1.5996650E-003, 1.5996650E-003
 2.4900557E+002, 7.5585819E+001,-2.5027030E+001,-5.0586413E+001,-2.5766496E-001, 4.1428109E-001, 0.0000000E+000, 0.0000000E+000, 0.0000000E+000,-4.5790822E-002, 1.2899149E-001, 1.5996650E-003, 1.5996650E-003
 2.5000909E+002, 8.2615791E+001,-2.7435483E+001,-5.4716237E+001,-5.4990282E-001, 4.0996097E-001, 0.0000000E+000, 0.0000000E+000, 0.0000000E+000, 2.4250289E-001, 3.2412887E-001, 1.5996650E-003, 1.5996650E-003
 2.5100275E+002, 7.9691392E+001,-2.6411800E+001,-5.3432435E+001,-8.8103239E-002, 4.1622227E-001, 0.0000000E+000, 0.0000000E+000, 0.0000000E+000,-7.4284773E-002, 1.7527610E-001, 1.5996650E-003, 1.5996650E-003
 2.5200984E+002, 8.2274991E+001,-2.7280896E+001,-5.4643386E+001,-6.5137982E-001, 4.0870343E-001, 0.0000000E+000, 0.0000000E+000, 0.0000000E+000, 7.7230599E-003, 1.0803226E-001, 1.5996650E-003, 1.5996650E-003
 2.5301033E+002, 8.1617365E+001,-2.7073671E+001,-5.4654400E+001,-1.9133653E-001, 4.2384842E-001, 0.0000000E+000, 0.0000000E+000, 0.0000000E+000,-8.1253191E-002, 1.2180568E-001, 1.5996650E-003, 1.5996650E-003
 2.5400754E+002, 7.6198654E+001,-2.5236292E+001,-5.0827734E+001,-5.4794467E-001, 4.2557260E-001, 0.0000000E+000, 0.0000000E+000, 0.0000000E+000,-1.2662783E-001, 1.2255814E-002, 1.5996650E-003, 1.5996650E-003
 2.5500053E+002, 7.8145395E+001,-2.5884465E+001,-5.2103997E+001,-4.6523365E-001, 4.0470007E-001, 0.0000000E+000, 0.0000000E+000, 0.0000000E+000, 3.0118228E-002, 9.6399438E-002, 1.5996650E-003, 1.5996650E-003
 2.5601016E+002, 8.3988387E+001,-2.7896090E+001,-5.6007190E+001,-1.3958903E-002, 4.1028479E-001, 0.0000000E+000, 0.0000000E+000, 0.0000000E+000, 3.6822141E-001, 4.8143186E-001, 1.5996650E-003, 1.5996650E-003
 2.5700076E+002, 7.8659737E+001,-2.6059269E+001,-5.2893652E+001,-2.6717043E-001, 4.1794669E-001, 0.0000000E+000, 0.0000000E+000, 0.0000000E+000,-2.2031885E-001,-1.4240768E-001, 1.5996650E-003, 1.5996650E-003
 2.5800589E+002, 7.8448712E+001,-2.5966475E+001,-5.2689756E+001,-2.8840493E-001, 4.1196782E-001, 0.0000000E+000, 0.0000000E+000, 0.0000000E+000,-1.7205410E-001,-8.3955493E-002, 1.5996650E-003, 1.5996650E-003
 2.5900732E+002, 8.6786191E+001,-2.8832380E+001,-5.7371229E+001,-7.1300114E-001, 4.2986971E-001, 0.0000000E+000, 0.0000000E+000, 0.0000000E+000, 2.6275241E-001, 2.9944999E-001, 1.5996650E-003, 1.5996650E-003
 2.6000287E+002, 7.5978270E+001,-2.5157617E+001,-5.0806847E+001,-4.5621791E-001, 4.1088076E-001, 0.0000000E+000, 0.0000000E+000, 0.0000000E+000,-1.6317668E-001,-3.1530638E-002, 1.5996650E-003, 1.5996650E-003
 2.6100641E+002, 7.7023306E+001,-2.5475607E+001,-5.1689210E+001,-3.4618918E-001, 4.1075448E-001, 0.0000000E+000, 0.0000000E+000, 0.0000000E+000,-1.8073424E-001,-7.6945831E-002, 1.5996650E-003, 1.5996650E-003
 2.6200864E+002, 8.0438314E+001,-2.6681907E+001,-5.3519531E+001,-3.3800096E-001, 4.1773188E-001, 0.0000000E+000, 0.0000000E+000, 0.0000000E+000, 1.8938746E-001, 3.1660631E-001, 1.5996650E-003, 1.5996650E-003
 2.6300900E+002, 8.1439612E+001,-2.6981759E+001,-5.4373176E+001,-3.3262014E-001, 4.1841930E-001, 0.0000000E+000, 0.0000000E+000, 0.0000000E+000, 1.0536974E-004, 1.7047634E-001, 1.5996650E-003, 1.5996650E-003
 2.6400671E+002, 7.8856191E+001,-2.6121458E+001,-5.2960679E+001,-1.0057300E-001, 4.0961118E-001, 0.0000000E+000, 0.0000000E+000, 0.0000000E+000,-3.3394106E-002, 8.3092703E-002, 1.5996650E-003, 1.5996650E-003
 2.6500778E+002, 8.1334484E+001,-2.6989569E+001,-5.4189819E+001,-5.5148904E-001, 4.1888544E-001, 0.0000000E+000, 0.0000000E+000, 0.0000000E+000,-4.3681354E-002, 2.2492921E-002, 1.5996650E-003, 1.5996650E-003
 2.6601074E+002, 8.0226408E+001,-2.6619763E+001,-5.3323669E+001,-1.9906509E-001, 4.1689855E-001, 0.0000000E+000, 0.0000000E+000, 0.0000000E+000, 2.7065500E-001, 5.0080950E-001, 1.5996650E-003, 1.5996650E-003
 2.6700458E+002, 8.0599732E+001,-2.6718356E+001,-5.3910588E+001,-3.7665676E-001, 4.1489828E-001, 0.0000000E+000, 0.0000000E+000, 0.0000000E+000,-4.2390536E-002, 9.0299660E-003, 1.5996650E-003, 1.5996650E-003
 2.6800729E+002, 8.1087075E+001,-2.6873874E+001,-5.4129970E+001,-4.0375395E-001, 4.1422052E-001, 0.0000000E+000, 0.0000000E+000, 0.0000000E+000,-9.6978906E-002, 9.3697736E-002, 1.5996650E-003, 1.5996650E-003
 2.6900458E+002, 7.7256471E+001,-2.5597183E+001,-5.1462962E+001,-4.3689058E-001, 4.0620944E-001, 0.0000000E+000, 0.0000000E+000, 0.0000000E+000, 1.1562459E-001, 1.6564410E-001, 1.5996650E-003, 1.5996650E-003
 2.7000781E+002, 8.0997874E+001,-2.6821166E+001,-5.4542672E+001,-1.5061294E-001, 4.1118906E-001, 0.0000000E+000, 0.0000000E+000, 0.0000000E+000,-2.2118009E-001,-1.0538851E-001, 1.5996650E-003, 1.5996650E-003
 2.7100497E+002, 7.6878573E+001,-2.5446527E+001,-5.1823234E+001,-9.5655553E-002, 4.0763339E-001, 0.0000000E+000, 0.0000000E+000, 0.0000000E+000,-1.8143591E-001,-7.9210293E-002, 1.5996650E-003, 1.5996650E-003
 2.7200909E+002, 8.3567924E+001,-2.7739075E+001,-5.5754817E+001,-2.3772457E-001, 4.1867943E-001, 0.0000000E+000, 0.0000000E+000, 0.0000000E+000, 1.6177310E-001, 2.5498713E-001, 1.5996650E-003, 1.5996650E-003
 2.7300647E+002, 7.6253801E+001,-2.5245536E+001,-5.0915442E+001,-2.4225703E-001, 4.1052070E-001, 0.0000000E+000, 0.0000000E+000, 0.0000000E+000, 1.4510514E-001, 2.6108663E-001, 1.5996650E-003, 1.5996650E-003
 2.7400452E+002, 8.4395639E+001,-2.7995024E+001,-5.6411104E+001,-2.2509853E-001, 4.1851167E-001, 0.0000000E+000, 0.0000000E+000, 0.0000000E+000, 1.0959674E-001, 1.8292439E-001, 1.5996650E-003, 1.5996650E-003
 2.7501080E+002, 8.1028205E+001,-2.6846106E+001,-5.4239456E+001,-3.6847365E-001, 4.1708485E-001, 0.0000000E+000, 0.0000000E+000, 0.0000000E+000,-9.3657449E-002,-8.7467917E-003, 1.5996650E-003, 1.5996650E-003
 2.7600253E+002, 7.4999790E+001,-2.4804675E+001,-5.0560303E+001,-2.5770070E-001, 4.0859821E-001, 0.0000000E+000, 0.0000000E+000, 0.0000000E+000,-3.2297702E-001,-2.1428962E-001, 1.5996650E-003, 1.5996650E-003
 2.7700400E+002, 8.2006292E+001,-2.7228115E+001,-5.4591005E+001,-5.4318029E-002, 4.1496036E-001, 0.0000000E+000, 0.0000000E+000, 0.0000000E+000, 3.7608388E-001, 5.4781434E-001, 1.5996650E-003, 1.5996650E-003
 2.7800879E+002, 7.7846399E+001,-2.5748535E+001,-5.2315001E+001,-2.0210234E-001, 4.1313771E-001, 0.0000000E+000, 0.0000000E+000, 0.0000000E+000,-1.5097615E-001,-6.1008170E-003, 1.5996650E-003, 1.5996650E-003
 2.7900906E+002, 8.5680585E+001,-2.8438860E+001,-5.7131156E+001,-2.1200042E-001, 4.1869205E-001, 0.0000000E+000, 0.0000000E+000, 0.0000000E+000, 2.1366270E-001, 3.1726009E-001, 1.5996650E-003, 1.5996650E-003
 2.8000339E+002, 7.6443420E+001,-2.5289932E+001,-5.1698945E+001,-2.7837316E-001, 4.1544458E-001, 0.0000000E+000, 0.0000000E+000, 0.0000000E+000,-5.2192380E-001,-4.0838675E-001, 1.5996650E-003, 1.5996650E-003
 2.8100223E+002, 8.1658660E+001,-2.7094487E+001,-5.4186140E+001,-2.4002157E-001, 4.2204619E-001, 0.0000000E+000, 0.0000000E+000, 0.0000000E+000, 4.3705442E-001, 5.6005777E-001, 1.5996650E-003, 1.5996650E-003
 2.8200009E+002, 7.9395296E+001,-2.6309521E+001,-5.3135532E+001,-3.3092925E-001, 4.2011165E-001, 0.0000000E+000, 0.0000000E+000, 0.0000000E+000,-1.5782317E-001, 3.9426395E-002, 1.5996650E-003, 1.5996650E-003
 2.8300555E+002, 8.0817942E+001,-2.6808492E+001,-5.3984693E+001,-8.7326190E-003, 4.0869725E-001, 0.0000000E+000, 0.0000000E+000, 0.0000000E+000, 4.2500958E-001, 4.2472119E-001, 1.5996650E-003, 1.5996650E-003
 2.8400177E+002, 7.6183825E+001,-2.5190892E+001,-5.1489254E+001,-3.4392739E-001, 4.1121935E-001, 0.0000000E+000, 0.0000000E+000, 0.0000000E+000,-5.4103065E-001,-4.2902962E-001, 1.5996650E-003, 1.5996650E-003
 2.8500916E+002, 8.3950765E+001,-2.7851001E+001,-5.6110262E+001, 2.1824904E-001, 4.0936253E-001, 0.0000000E+000, 0.0000000E+000, 0.0000000E+000, 4.5316847E-001, 6.1711337E-001, 1.5996650E-003, 1.5996650E-003
 2.8600461E+002, 7.7428632E+001,-2.5619641E+001,-5.2196279E+001,-3.2434754E-001, 4.0947073E-001, 0.0000000E+000, 0.0000000E+000, 0.0000000E+000,-4.0470037E-001,-3.0216527E-001, 1.5996650E-003, 1.5996650E-003
 2.8700537E+002, 7.7912280E+001,-2.5785524E+001,-5.2427792E+001,-1.1716201E-001, 4.0226166E-001, 0.0000000E+000, 0.0000000E+000, 0.0000000E+000,-1.6627824E-001,-1.5936768E-002, 1.5996650E-003, 1.5996650E-003
 2.8800604E+002, 8.2503625E+001,-2.7372472E+001,-5.4701940E+001,-3.3901680E-001, 4.0936765E-001, 0.0000000E+000, 0.0000000E+000, 0.0000000E+000, 3.6814945E-001, 4.9956378E-001, 1.5996650E-003, 1.5996650E-003
 2.8900128E+002, 7.6112516E+001,-2.5162047E+001,-5.1389841E+001,-2.4146911E-001, 4.0607370E-001, 0.0000000E+000, 0.0000000E+000, 0.0000000E+000,-3.8299072E-001,-2.7476804E-001, 1.5996650E-003, 1.5996650E-003
 2.9000275E+002, 8.2755308E+001,-2.7465987E+001,-5.5132611E+001,-2.8770569E-001, 4.0697950E-001, 0.0000000E+000, 0.0000000E+000, 0.0000000E+000, 1.9273172E-001, 2.7598418E-001, 1.5996650E-003, 1.5996650E-003
 2.9100787E+002, 7.9672033E+001,-2.6394949E+001,-5.3683281E+001,-8.6901505E-002, 4.1205811E-001, 0.0000000E+000, 0.0000000E+000, 0.0000000E+000,-1.9709746E-001,-8.1040016E-002, 1.5996650E-003, 1.5996650E-003
 2.9200275E+002, 8.0854182E+001,-2.6818563E+001,-5.3841820E+001,-1.6142806E-001, 4.1357209E-001, 0.0000000E+000, 0.0000000E+000, 0.0000000E+000, 2.5576326E-001, 4.4594355E-001, 1.5996650E-003, 1.5996650E-003
 2.9300488E+002, 8.2404429E+001,-2.7330309E+001,-5.4926019E+001,-3.2147984E-001, 4.1604090E-001, 0.0000000E+000, 0.0000000E+000, 0.0000000E+000, 1.2161166E-001, 2.4266231E-001, 1.5996650E-003, 1.5996650E-003
 2.9400839E+002, 7.9773850E+001,-2.6430532E+001,-5.3524994E+001,-3.4410750E-001, 4.1991773E-001, 0.0000000E+000, 0.0000000E+000, 0.0000000E+000,-2.1724838E-001,-1.0586643E-001, 1.5996650E-003, 1.5996650E-003
 2.9501062E+002, 7.6425051E+001,-2.5310319E+001,-5.1166992E+001, 3.7796276E-002, 4.0921238E-001, 0.0000000E+000, 0.0000000E+000, 0.0000000E+000, 2.3218685E-001, 3.9474943E-001, 1.5996650E-003, 1.5996650E-003
 2.9600876E+002, 8.8815712E+001,-2.9505299E+001,-5.9219401E+001,-3.5819930E-001, 4.2163024E-001, 0.0000000E+000, 0.0000000E+000, 0.0000000E+000,-1.4724335E-002, 1.5444233E-001, 1.5996650E-003, 1.5996650E-003
 2.9700845E+002, 7.4016902E+001,-2.4482985E+001,-4.9699514E+001,-2.5447117E-001, 4.1572975E-001, 0.0000000E+000, 0.0000000E+000, 0.0000000E+000,-1.7989846E-001,-4.3378933E-003, 1.5996650E-003, 1.5996650E-003
 2.9800037E+002, 7.9950341E+001,-2.6486998E+001,-5.3640539E+001, 1.0904407E-001, 4.1782608E-001, 0.0000000E+000, 0.0000000E+000, 0.0000000E+000, 1.5539884E-001, 3.4967405E-001, 1.5996650E-003, 1.5996650E-003
 2.9900137E+002, 8.1694758E+001,-2.7071017E+001,-5.4442226E+001,-5.9821792E-001, 4.2296886E-001, 0.0000000E+000, 0.0000000E+000, 0.0000000E+000,-5.8181936E-002, 6.2651460E-003, 1.5996650E-003, 1.5996650E-003
 3.0000327E+002, 7.7980742E+001,-2.5817143E+001,-5.2335801E+001,-8.1973556E-002, 4.1882048E-001, 0.0000000E+000, 0.0000000E+000, 0.0000000E+000,-2.2062972E-002, 1.6464543E-001, 1.5996650E-003, 1.5996650E-003
