Unit,Min,Sec,Time,Time (s),TC Surface Center 0.2m,TC Surface Center 0.4m,TC Surface Center 0.6m,TC Surface Center 0.8m,TC Surface Center 1.0m,TC Surface Center 1.2m,TC Surface Center 1.4m,TC Surface Center 1.6m,TC Surface Center 1.8m,TC Surface Center 2.0m,TC Surface Center 2.2m,TC Surface Offset 0.2m,TC Surface Offset 0.4m,TC Surface Offset 0.6m,TC Surface Offset 0.8m,TC Surface Offset 1.0m,TC Surface Offset 1.2m,TC Surface Offset 1.4m,TC Surface Offset 1.6m,TC Surface Offset 1.8m,TC Surface Offset 2.0m,TC Surface Offset 2.2m,TC Back Center 0.2m,TC Back Center 0.4m,TC Back Center 0.6m,TC Back Center 0.8m,TC Back Center 1.0m,TC Back Center 1.2m,TC Back Center 1.4m,TC Back Center 1.6m,TC Back Center 1.8m,TC Back Center 2.0m,TC Back Center 2.2m,TC Plume 2.4m,TC Plume 2.2m,TC Plume 2.0m,TC Plume 1.8m,TC Plume 1.6m,TC Plume 1.4m,TC Plume 1.2m,TC Plume 1.0m,TC Plume 0.8m,TC Plume 0.6m,TC Plume 0.4m,TC Plume 0.2m,HF Center 0.2m,HF Center 0.4m,HF Center 0.6m,HF Center 0.8m,HF Center 1.0m,HF Center 1.2m,HF Offset 0.2m,HF Offset 0.4m,HF Offset 0.6m,HF Offset 0.8m,HF Offset 1.0m,HF Offset 1.2m
116,1433,20.3,-1,0,34.07,32.61,30.18,26.89,26,25.15,25.4,25.11,24.73,24.49,24.37,30.32,29.98,28.96,27.17,26.06,25.86,25.72,25.36,24.97,24.87,24.71,32.17,30.84,29.2,26.99,25.54,25.17,24.89,24.57,24.41,24.35,24.19,23.38,23.72,23.7,23.68,23.78,24.15,24.07,24.09,25.36,28.72,30.52,46.7,-0.156,-0.335,-0.171,-0.203,-0.058,-0.058,-0.26,-0.123,-0.298,-0.209,-0.049,-0.079
116,1433,24.3,3,4,34.21,31.93,29.4,26.58,25.68,25.13,25.33,24.99,24.61,24.39,24.33,30.12,30.32,29,27.23,25.98,25.68,25.6,25.29,24.95,24.83,24.71,31.47,30.64,29.16,26.99,25.5,25.13,24.83,24.53,24.41,24.33,24.19,23.16,23.36,23.48,23.4,23.5,23.8,23.82,24.1,24.61,25.94,27.12,38.03,-0.156,-0.331,-0.198,-0.229,-0.101,-0.107,-0.235,-0.175,-0.275,-0.23,-0.088,-0.108
116,1433,28.3,7,8,33.75,31.54,29.1,26.44,25.49,25.11,25.21,24.87,24.55,24.36,24.24,30.14,29.96,28.87,26.78,25.94,25.43,25.49,25.15,24.93,24.75,24.69,30.4,30.16,28.99,26.9,25.43,25.13,24.89,24.65,24.41,24.36,24.16,23.07,23.15,23.3,23.23,23.34,23.52,23.56,23.78,24.49,25.44,27.39,39.54,-0.076,-0.357,-0.195,-0.171,-0.034,-0.06,-0.182,-0.181,-0.32,-0.217,-0.057,-0.047
116,1433,32.3,11,12,33.97,31.57,29.04,26.4,25.68,25.09,25.27,24.95,24.65,24.45,24.33,30.32,29.76,28.66,27.05,26.08,25.68,25.7,25.44,24.99,24.85,24.73,29.6,30.08,28.98,26.83,25.42,25.15,24.95,24.63,24.41,24.37,24.23,23.14,23.28,23.36,23.5,23.64,23.88,23.96,24.17,25.17,27.61,30.36,45.43,0.053,-0.283,-0.185,-0.208,-0.086,-0.089,-0.118,-0.165,-0.32,-0.169,-0.065,-0.101
116,1433,36.3,15,16,34.55,31.63,29.1,26.44,25.6,25.11,25.31,24.95,24.65,24.41,24.33,30.62,29.78,28.63,27.19,26.12,25.68,25.7,25.45,24.97,24.89,24.73,31.32,30.06,28.96,26.82,25.41,25.13,24.85,24.57,24.37,24.33,24.2,23.22,23.28,23.36,23.34,23.48,23.62,23.76,24.12,25.25,27.47,30.1,44.76,0.145,-0.27,-0.166,-0.203,-0.032,-0.094,-0.02,-0.149,-0.271,-0.188,-0.054,-0.046
116,1433,40.3,19,20,35.19,31.87,29.14,26.48,25.56,25.09,25.24,24.93,24.63,24.39,24.29,31.07,30.52,28.92,27.37,26.24,25.86,25.74,25.4,25.03,24.89,24.79,31.63,30,28.96,26.83,25.42,25.15,24.83,24.55,24.39,24.31,24.21,23.1,23.18,23.58,23.28,23.48,23.62,23.72,23.96,24.83,26.14,29.16,42.47,0.293,-0.087,0.025,-0.045,-0.05,-0.099,0.024,0.17,-0.019,0.116,0.211,0.092
116,1433,44.3,23,24,36.21,32.79,29.74,26.97,26.08,25.11,25.36,25.01,24.61,24.41,24.37,31.65,31.75,30.83,29.36,26.69,26.71,26.08,25.74,25.14,25.09,24.83,31.61,30.04,28.9,26.75,25.42,25.11,24.85,24.49,24.37,24.27,24.19,23.26,23.32,23.52,23.3,23.46,23.56,23.7,23.92,25.18,27.33,30.16,47.88,0.637,0.144,0.277,-0.097,0.083,0.082,0.32,0.128,0.498,0.288,0.261,0.222
116,1433,48.3,27,28,37.75,33.23,30.69,27.17,26.16,25.3,25.94,25.32,25.01,24.71,24.59,32.77,32.75,31.59,30.32,27.17,27.39,26.42,26.34,25.3,25.66,25.05,30.77,29.94,28.86,26.5,25.38,25.05,24.75,24.49,24.31,24.27,24.17,23.38,23.4,23.54,23.26,23.38,23.52,23.74,23.92,25.32,27.23,29.9,53.72,0.839,-0.139,-0.121,-0.192,-0.007,-0.074,0.6,0.06,-0.196,-0.037,-0.004,-0.045
116,1433,52.3,31,32,39.65,33.25,29.98,26.97,26,25.2,25.46,25.1,24.73,24.53,24.53,33.89,32.99,31.05,29.52,27.13,27.07,26.57,26.06,25.26,25.24,24.91,31.67,30.08,28.8,26.43,25.38,25.06,24.71,24.43,24.27,24.23,24.03,23.18,23.26,23.46,23.26,23.34,23.48,23.66,24.03,25.5,28.33,32.39,61,1.14,0.357,0.344,-0.024,0.045,-0.004,0.628,0.416,0.249,0.124,0.234,0.239
116,1433,56.3,35,36,41.97,34.39,30.86,27.69,27.03,25.43,26.72,25.68,25.05,24.77,24.63,35.41,33.79,32.69,31.87,27.91,28.65,27.21,27.27,25.54,25.86,25.19,31.75,30.12,28.76,26.44,25.33,25.05,24.73,24.47,24.29,24.25,23.98,23.52,23.98,24.55,23.5,23.58,23.98,24.43,24.51,27.91,32.79,40.28,78.9,1.818,0.03,0.002,0.245,0.299,0.276,1.139,0.217,-0.041,0.177,0.152,0.084
116,1434,0.3,39,40,45.66,34.95,30.99,28.14,27.01,25.56,26.93,25.92,25.3,24.94,25.14,37.49,34.61,32.21,31.31,28.16,28.44,27.25,27.21,25.66,25.94,25.3,31.87,30.15,28.76,26.55,25.34,25.06,24.75,24.51,24.33,24.23,23.99,23.62,23.89,24.39,24.01,24.53,25.1,25.6,27.27,30.71,37.29,45.51,104.2,3.057,0.379,0.272,0.337,0.185,0.151,1.156,0.301,-0.026,0.336,0.337,0.191
116,1434,4.3,43,44,50.37,37.67,34.05,28.72,27.41,25.8,27.95,26.38,25.46,25.05,25.34,39.8,35.01,32.45,32.49,28.48,29,27.83,27.99,25.98,26.63,25.62,31.65,30.18,28.76,26.59,25.3,25.05,24.77,24.45,24.35,24.27,23.99,24.09,24.71,25.46,24.97,26.06,27.03,28.09,30.1,35.17,45.36,53.5,110.5,4.303,1.14,0.596,0.363,0.122,0.189,2.246,0.583,0.4,0.296,0.166,0.083
116,1434,8.3,47,48,56.41,45.26,36.79,30.29,29.18,26.08,29.54,27.47,26.77,25.94,26.61,43.17,37.33,33.95,33.19,28.9,29.18,28.18,28.4,26.22,27.13,25.9,31.17,30.21,28.72,26.55,25.32,25.06,24.85,24.49,24.35,24.23,24.01,25.38,26.69,27.79,27.23,28.04,29.72,31.69,33.81,39.59,51.29,60.85,140.1,5.222,2.311,1.414,0.96,0.698,0.623,2.676,1.086,0.192,0,0.179,0.203
116,1434,12.3,51,52,64.16,58.48,45.28,31.83,31.53,26.77,31.81,28.74,27.27,26.55,27.47,46.83,39.55,34.79,34.33,29.42,30.49,29.1,29.9,26.89,28.4,26.51,31.17,30.02,28.72,26.4,25.3,25.01,24.81,24.45,24.31,24.25,24.09,26.53,26.87,28.36,28.38,29.84,31.21,34.83,36.85,45.73,57.57,70,162.3,5.226,1.789,2.118,0.802,0.717,0.387,3.114,1.067,1.738,0.532,0.568,0.448
116,1434,16.3,55,56,73.3,59.21,48.93,34.61,33.17,27.27,33.79,29.82,28.14,27.25,29.18,50.93,42.16,39.33,38.25,30.61,32.15,29.74,30.93,27.57,29.44,27.01,31.07,29.88,28.68,26.34,25.28,25.01,24.81,24.47,24.31,24.23,24.09,27.05,27.61,30.18,29,30.91,32.97,36.99,39.23,48.31,62.52,75.9,186.2,6.308,2.907,1.443,0.992,1.026,0.634,3.52,1.635,1.312,1.042,0.819,0.432
116,1434,20.3,59,60,83.8,59.09,49.5,35.27,34.21,27.73,33.93,30.74,28.92,27.91,29.64,55.66,44.74,39.4,39.66,31.12,33.57,30.56,31.49,27.63,29.64,27.43,31.19,29.8,28.64,26.38,25.27,24.99,24.85,24.47,24.33,24.23,24.12,28.23,30,32.13,31.41,33.55,35.87,40,42.03,53.14,66.87,84.2,203.3,7.55,3.125,1.199,0.355,0.644,0.757,4.622,1.277,1.003,1.159,1.166,1.056
116,1434,24.3,63,64,99,65.32,53.86,36.61,35.85,28.62,35.21,30.68,29.44,28.39,29.72,61.14,46.29,39.82,39.06,31.85,34.11,30.64,32.07,28.17,31.06,27.89,30.88,29.84,28.64,26.38,25.25,24.97,24.83,24.51,24.33,24.23,24.08,29.62,30.9,34.07,33.49,36.07,40.66,42.81,45.93,60.1,78,96.5,233.7,19.73,7.85,3.131,1.334,1.407,1.114,5.494,1.748,2.624,1.656,1.124,0.98
116,1434,28.3,67,68,128.2,79.1,63.92,39.05,37.79,29.2,39.44,33.25,31.73,30.38,32.85,68.73,52.49,43.21,43.73,34.09,37.97,33.47,36.43,29.36,32.79,28.94,31.09,29.86,28.6,26.2,25.26,24.95,24.81,24.45,24.25,24.23,24.07,30.95,33.13,36.37,34.87,37.55,41.92,47.96,51.42,68.61,95.9,115.2,260.8,32.93,9.96,4.1,2.11,1.853,1.23,6.496,3.121,1.896,1.812,1.95,1.305
116,1434,32.3,71,72,182.5,105.4,73.8,45.22,44.16,31.23,47.14,36.09,33.03,30.97,34.39,76,57.79,45.32,47.6,35.05,40.26,35.03,37.31,30.04,34.05,29.52,31.53,29.82,28.56,26.26,25.28,24.97,24.75,24.43,24.25,24.19,24.03,31.83,35.17,37.77,35.63,38.75,43.45,50.12,51.17,73.4,96.2,119.6,272.3,31.48,10.4,5.222,2.647,1.855,1.366,7.12,4.307,2.168,1.659,1.435,1.16
116,1434,36.3,75,76,218.3,114.2,77.6,46.27,43.82,31.37,44.76,36.05,34.65,32.23,35.85,88.2,71.5,52.43,51.19,36.73,41.68,36.27,38.85,30.99,36.27,30.16,31.69,29.84,28.54,26.42,25.3,24.97,24.75,24.43,24.27,24.19,24.01,34.65,36.91,41.6,39.64,41.95,47.24,53.18,56.13,79.2,101.7,129.8,267.6,39.15,12.22,7.69,5.018,2.471,1.839,7.29,3.919,1.87,2.368,1.82,1.327
116,1434,40.3,79,80,243.6,118.8,74.6,46.15,44.36,31.99,43.74,36.31,33.71,31.57,35.03,97.3,74.4,56.6,58.95,38.67,44.98,37.65,40.78,31.53,35.55,30.38,31.63,29.9,28.56,26.46,25.27,24.95,24.81,24.45,24.27,24.21,24.02,35.87,38.47,42.83,40.64,43.49,49.7,56.49,62.09,82.4,104.9,137.1,280,31.22,9.34,7.07,3.457,2.531,1.888,9.12,3.82,2.877,2.101,2.105,1.734
116,1434,44.3,83,84,285.9,142.6,86.9,50.41,45.85,32.57,45,37.33,34.47,32.59,36.07,109.1,83.3,59.19,60,40.6,45.57,38.25,40.98,32.31,36.93,31.53,31.19,29.84,28.56,26.51,25.26,24.95,24.85,24.45,24.29,24.21,24.01,38.51,41.48,45.3,42.25,46.29,53.23,58.95,64.08,91.4,114.2,137.7,279.2,38.46,10.97,4.923,3.118,2.401,1.695,12.63,7.68,4.72,3.273,2.18,1.435
116,1434,48.3,87,88,290.7,142.9,93.1,51.29,46.94,33.63,45.38,37.89,34.79,32.43,35.11,124.6,95.3,65.85,61.36,42.35,47.18,39.55,41.06,32.59,36.05,31.53,31.01,29.8,28.6,26.59,25.3,24.95,24.81,24.47,24.27,24.19,24.05,38.07,41.32,47.94,44.72,47.18,54.08,62.43,68.88,93.1,121,146.3,286.6,32.31,10.74,6.337,4.068,2.808,2.158,16.75,6.661,5.022,3.114,2.744,2.262
116,1434,52.3,91,92,285.6,139.2,86.7,51.76,46.47,33.79,45.75,37.85,34.77,32.35,34.25,147.9,110.9,72.4,67.35,44.78,50.73,41.89,45.93,34.39,39.01,32.47,31.61,29.8,28.6,26.6,25.3,24.93,24.81,24.45,24.27,24.19,24,39.6,41.99,45.81,41.66,46.59,54.75,61.4,67.41,96.1,124.2,151,298.6,25.75,9.02,4.521,2.96,2.262,2.051,18.49,6.46,3.442,2.368,2.139,2.262
116,1434,56.3,95,96,298.1,150.6,88.8,53.19,48.67,34.77,46.63,38.11,36.13,33.51,36.71,172,121.8,81.4,76,47.26,51.7,43.47,46.17,34.81,41.08,33.93,31.25,29.9,28.64,26.51,25.28,24.97,24.87,24.43,24.29,24.21,24.03,39.59,42.04,49.07,47.9,51.86,58.76,66.8,71.9,99.5,124.2,155.6,302.5,46.57,15.06,7.3,3.134,2.418,1.675,22.37,13.73,9.23,4.228,2.969,2.341
116,1435,0.3,99,100,318.9,161.5,91.9,53.91,49.66,35.49,49.16,39.86,37.53,34.59,38.29,199.9,143.4,86.8,77.9,48.37,54.8,44.48,47.95,35.87,41.22,34.19,31.85,29.84,28.65,26.42,25.27,24.97,24.91,24.43,24.29,24.18,24.04,42.45,47.06,52.65,49.32,52.87,60.9,71.5,79.2,106.7,141.5,184.3,335.8,49.48,17.07,5.85,2.544,2.068,1.507,17.11,8.25,6.658,5.48,3.177,2.817
116,1435,4.3,103,104,372,194.4,107.5,58.34,52.67,36.67,52.36,41.56,38.05,35.95,38.85,213.3,142.7,89.1,78.8,50.61,56.21,46.33,51.7,37.15,42.35,35.09,30.49,29.76,28.66,26.55,25.32,24.93,24.97,24.45,24.29,24.19,24.09,45.75,48.02,53.68,50.22,55.46,64,76.2,84.9,116.1,149.2,186.4,355.3,36.35,16.74,8.58,6.144,3.302,2.471,29.85,14.18,7.06,3.744,3.041,2.349
116,1435,8.3,107,108,355.4,193,119,64.67,57.89,38.09,53.13,42.77,39.47,36.81,41.06,214.6,147.3,94.2,82.7,52.51,58.86,46.27,48.75,36.99,42.35,35.41,31.23,29.52,28.7,26.67,25.38,25.01,24.97,24.51,24.31,24.23,24.07,45.71,48.69,54.63,52.04,54.65,64.81,75.6,85.2,115.6,158.4,213.8,388.5,48.61,21.46,10.44,5.994,3.661,3.151,28.6,22.48,15.12,8.46,5.189,4.176
116,1435,12.3,111,112,414.9,234.3,147.4,71.6,62.64,39.37,60.5,47.76,44.17,38.87,43.57,232.8,160,104,92.5,56.71,63.69,50.34,55.99,40.11,49.41,38.61,30.31,29.76,28.84,26.87,25.46,25.08,25.02,24.53,24.37,24.27,24.13,48.57,52.65,58.86,59.11,66.9,79.4,99.3,105.1,152.8,206.5,273.2,437.4,64.73,44.16,18.13,7.35,5.052,3.421,44.53,16.15,7.17,4.474,4.997,3.847
116,1435,16.3,115,116,504.4,300.9,185.6,90.7,76.3,42.73,70.9,53.44,48.81,42.91,51.15,258.2,189.2,117.2,101,62.23,71.3,56.94,61.58,42.35,54.33,41.6,31.15,29.96,29,26.95,25.54,25.09,25.05,24.55,24.37,24.23,24.13,52.93,58.01,69.16,68.11,74.2,89.8,111.6,125.9,189.7,255,311.6,499.4,69.92,41.05,20.85,11.61,6.791,4.306,24.92,22.17,15.78,8.87,5.276,3.577
116,1435,20.3,119,120,530.7,344.5,224.7,104.9,87.7,45.63,68.86,54.29,50.34,43.39,46.92,276,211.3,130.1,114.6,66.64,74.2,55.46,59.41,42.06,49.98,40.08,33.17,30.04,29.12,26.95,25.6,25.06,25.12,24.57,24.39,24.27,24.05,56.15,59.45,67.72,65.58,72.4,91.4,119.6,135,212.1,329.6,390.3,593.6,79.1,47.15,28.43,15.59,11.26,6.405,24.49,15.13,9.71,6.191,6.506,5.161
116,1435,24.3,123,124,568.9,404.9,279.1,125.8,98.6,50.61,82.4,60.81,55.8,49.15,55.89,292.3,223.4,147.5,127.9,78,88.1,64.12,66.82,44.2,53.98,42,34.73,30.47,29.2,27.07,25.66,25.08,25.18,24.65,24.43,24.31,24.07,60.1,66.44,80.2,79.2,92.1,104.8,131.3,153.8,251.7,334.7,416.4,621.5,79.6,39.23,22.69,11.53,7.97,5.201,52.66,45.98,40.08,25.03,11.87,8.77
116,1435,28.3,127,128,573.4,399.2,277.5,132.9,98.8,51.86,75.1,59.04,53.19,46.43,56.25,321.1,257.9,175.6,148.2,86.1,87.8,65.34,68.77,45.9,55.36,43.59,35.98,31.01,29.42,27.23,25.78,25.18,25.34,24.72,24.53,24.35,24.13,63.2,70.8,80.7,82.2,91,106,130.6,156.9,251.8,360,456.2,641.6,77.9,42.64,22.92,11.21,7.04,4.171,39.01,24.68,15.85,10.72,10.56,6.569
116,1435,32.3,131,132,590,435.3,264.5,136.7,104.3,54.41,85.6,61.99,55.88,49.37,56.86,326.2,256.3,175.8,151,89.6,95.7,69.18,73.2,48.18,58.32,45.91,37.63,31.55,29.68,27.35,25.9,25.18,25.52,24.81,24.63,24.41,24.19,67.86,77.1,88,88.7,99.1,114.5,143.6,171.6,274.7,380.4,468.9,684.6,80.4,44.32,26.03,12.2,8.3,5.014,36.36,18.71,13.95,7.92,6.977,5.358
116,1435,36.3,135,136,587.6,442.7,301.9,141.9,107.5,55.22,78.6,59.21,52.83,47.64,54.35,327.4,251.7,172.5,145.8,90.1,91.8,70.1,75,49.7,61.01,47.68,38.81,31.91,29.93,27.63,26.04,25.34,25.58,24.94,24.69,24.47,24.29,66.98,75.3,87.7,84.9,98.4,117.1,142.8,176.2,276.7,362.2,487.1,660,57.76,36.57,21.08,8.63,5.87,5,34.29,22.13,15.24,8.13,6.741,5.102
116,1435,40.3,139,140,539.9,383.1,259.7,132.6,99.3,54.39,70.5,57.06,49.38,44.86,48.35,329.8,252.6,170.1,143.9,87.6,87.7,65.12,65.24,47.48,53.5,44.62,40.24,32.73,30.25,27.81,26.14,25.42,25.66,25.04,24.77,24.55,24.37,63.25,67.8,80,79.1,89.5,105.1,130,155.5,248.6,305.1,446,636,66.38,34.06,22.8,9.92,4.884,3.364,25.23,14.75,10.36,6.258,4.14,3.191
116,1435,44.3,143,144,521.9,351.9,234.2,122.6,90.3,52.57,64.69,52.26,48.23,43.93,47.32,316,232.1,159.7,132.7,84.1,82.5,63.69,64.04,47.24,52.77,43.81,40.82,33.21,30.57,27.65,26.14,25.34,25.78,25.1,24.85,24.63,24.39,61.2,67.21,79.3,79.1,87,101.5,121.5,143.6,224.4,266.8,403.5,598.4,48.43,25.9,12.22,9.91,6.534,4.323,21.26,11.88,10.36,4.479,3.679,2.707
116,1435,48.3,147,148,481.4,329.3,217.1,117.3,88.8,52.59,68.9,53.56,48.77,43.81,47.08,309.9,215.6,153.6,126,82.5,79.2,62.8,61.6,46.91,51.37,43.47,42.67,33.81,31.05,27.92,26.31,25.5,25.86,25.14,24.88,24.63,24.45,60.59,66.37,79.7,78.9,86.2,102.7,125.2,148.1,225.3,272.7,397.5,602.5,39.39,22.31,9.55,4.084,3.774,2.735,15.7,8.01,5.048,3.733,3.536,3.132
116,1435,52.3,151,152,505.8,345.5,225.2,119.8,91.8,53.7,71.8,55.94,50.69,44.9,47.98,295.9,205.3,144.7,119.6,80.6,79.2,62.41,61.13,46.95,52.2,43.69,45.08,34.58,31.61,28.5,26.55,25.62,25.94,25.24,25,24.71,24.47,59.57,64.71,77.1,75.9,83.4,98.2,121.9,143.3,213.2,257.1,368.3,569.7,23.68,13.15,6.018,3.886,3.25,2.617,10.57,4.513,3.231,2.966,3.119,2.367
116,1435,56.3,155,156,428.5,285.5,185.1,109.5,81.5,52.44,64.95,52.3,47.98,43.53,45.68,283.9,188.1,134.2,110.7,77.5,73,59.57,59.53,46.03,49.39,42.81,47.7,35.7,32.39,29.14,26.93,25.72,25.94,25.34,25.16,24.84,24.43,57.24,62.19,74,74.2,81.5,93.1,113,134.7,199.4,231.1,341.2,537.6,27.55,14.63,8.25,4.573,3.522,3.02,13.28,5.023,4.388,3.162,2.718,2.443
116,1436,0.3,159,160,386.6,269.7,182.4,105.2,80.8,52,66.38,52.2,47.62,42.59,44.14,264.1,174.5,124.9,104.3,75.5,71.4,59.88,58.18,45.97,48.43,42.31,50.2,37.29,33.29,29.58,27.27,25.94,26.22,25.46,25.26,24.93,24.63,56.63,61.36,71.7,71.3,79.2,89.8,110.6,129.4,189.3,215,321.2,500.3,14.72,8.29,5.316,2.971,2.78,2.151,7.41,3.451,2.507,2.093,2.245,1.856
116,1436,4.3,163,164,351,247.5,168.2,101.7,77.1,51.09,61.46,49.21,45.75,41.58,43.25,252.4,165.7,120.1,100.4,73.8,70.2,58.74,56.15,45.06,46.39,41.14,52.71,38.91,34.05,30.05,27.59,26.08,26.47,25.62,25.38,25.02,24.77,54.67,58.78,69.59,69.04,73.8,82.3,102.2,119.6,177.1,196.5,295.9,463.3,13.44,7.37,3.282,2.018,2.366,1.765,4.74,2.731,1.421,1.222,1.731,1.563
116,1436,8.3,167,168,330.7,229.8,157.2,98.4,75.8,50.77,58.17,47.4,43.83,40.19,40.78,238.2,156.6,115.6,97,71.8,66.41,56.23,54.06,44.56,44.94,40.34,55.24,40.68,35.01,30.73,27.86,26.25,26.61,25.74,25.5,25.16,24.9,52.46,55.52,65.97,65.07,70.5,78.5,96.9,113.1,167,181.4,274.6,430.4,15.33,6.85,3.693,2.336,1.985,1.581,4.963,2.02,1.414,1.535,1.725,1.511
116,1436,12.3,171,172,317.4,215,144.5,93.9,71.2,49.88,54.79,45.62,42.47,39.15,38.83,229.5,151.6,111.7,91.1,69.67,62.49,53.98,50.95,43.63,43.51,39.51,56.82,42.32,36.21,31.53,28.24,26.53,26.83,25.9,25.64,25.3,25.04,50.85,53.92,64.26,63.94,68.61,76.5,93,108.6,156.6,170.9,257.2,395.3,11.32,4.595,2.261,1.687,1.582,1.124,5.664,2.415,1.742,1.482,1.655,1.215
116,1436,16.3,175,176,303.4,205.7,140.3,91,68.55,49.01,51.17,43.49,41.08,38.07,37.79,219.5,145.2,108.2,90.1,68.59,61.81,53.42,50.27,43.07,42.25,39.01,58.64,43.11,37.27,32.23,28.6,26.79,27.07,26.04,25.78,25.4,25.13,49.52,52.14,61.03,60.77,65.16,72.2,89,102.9,148.4,159.8,238.5,366,5.302,3.264,2.388,1.463,1.633,1.064,2.684,1.196,0.886,0.979,1.269,0.926
116,1436,20.3,179,180,279.4,190.6,131.4,87.3,65.52,48.27,49.62,42.91,40.66,37.79,37.05,208,136.2,103.7,85.3,66.56,59.8,52.24,48.71,42.47,41.34,38.33,60.59,44.32,38.23,32.81,28.98,26.79,27.27,26.28,25.92,25.5,25.16,47.96,50.36,58.34,58.32,63.17,70.1,83.6,97.1,139.4,146.7,222.8,340.6,5.359,2.52,1.394,0.489,0.677,0.536,2.4,1.143,0.961,0.81,1.006,0.587
116,1436,24.3,183,184,261.4,179.7,123.2,83.7,62.03,47.13,46.15,41.04,39.51,36.81,35.82,199.5,131.1,100.2,81.6,64.75,57.32,50.62,46.55,41.52,39.85,37.53,65.32,45.92,39.75,33.41,29.32,26.95,27.45,26.43,26.11,25.62,25.26,46.07,48.46,55.88,55.92,60.02,66.68,79.8,92.4,132.5,137.9,207.7,315.6,4.216,1.218,1.008,0.595,0.703,0.421,1.837,0.986,0.664,0.643,0.709,0.583
116,1436,28.3,187,188,247.8,168.9,116.4,80.7,60.18,46.27,44.35,40.07,38.37,36.04,34.96,191.8,126.7,96.6,78.4,62.92,55.21,49.17,45.06,40.9,38.97,36.97,68.38,49.92,41.24,34.32,29.85,27.23,27.51,26.59,26.23,25.78,25.38,44.68,46.69,53.9,53.94,57.71,64.03,76,88.5,126.6,131.6,196,295.8,2.893,1.292,0.734,0.163,0.317,0.248,1.066,0.829,0.697,0.423,0.579,0.39
116,1436,32.3,191,192,236.6,163.4,111.8,78.1,58.2,45.59,43.59,39.39,37.67,35.41,34.21,184.3,122.6,94.5,76.5,61.38,53.46,48.05,43.88,40.16,38.01,36.41,71.1,52.61,42.39,35.13,30.28,27.39,27.75,26.75,26.38,25.94,25.52,43.33,45.38,52.27,52.41,56.47,62.5,74.7,85.7,121,125.5,186.5,277.3,2.821,1.145,0.756,0.074,0.341,0.253,1.391,0.793,0.547,0.286,0.561,0.362
116,1436,36.3,195,196,226.5,155,107,76,56.98,44.98,42.97,39.09,37.45,35.13,33.93,178.1,119.3,92.1,75,60.34,52.83,47.34,43.33,39.76,37.67,35.95,73.1,53.96,43.57,35.89,30.73,27.71,27.91,26.87,26.57,26.04,25.62,42.37,44.04,50.47,50.85,54.61,60.22,71.8,82.3,114.7,117.7,174.1,260.2,2.375,0.783,0.46,0.079,0.524,0.248,0.904,0.686,0.641,0.4,0.548,0.466
116,1436,40.3,199,200,218.5,152.3,106.2,74.8,56.37,44.52,43.05,38.95,37.17,34.82,33.69,173,116.7,89.9,72.3,59.02,51.88,46.89,42.87,39.37,37.19,35.62,75.5,55.21,44.84,36.91,31.29,28.12,28.28,27.03,26.73,26.19,25.76,41.26,43.09,49.01,49.33,52.75,58.33,68.22,77.7,108.3,110.6,163.7,245.5,2.177,0.557,0.163,0.171,0.291,0.156,1.237,0.696,0.513,0.349,0.453,0.348
116,1436,44.3,203,204,214.2,147.5,102.4,73,54.93,43.91,41.76,38.25,36.61,34.41,33.23,168,112.9,87.5,70.8,57.99,51.01,46.17,42.32,38.99,36.93,35.35,76.6,57.79,46.55,37.83,31.79,28.54,28.52,27.15,26.89,26.37,25.94,40.4,42.18,47.6,47.88,51.41,56.35,65.4,74.5,102.5,105.6,155.6,231.7,2.661,0.779,0.363,-0.045,0.459,0.274,0.758,0.398,0.226,0.344,0.325,0.235
116,1436,48.3,207,208,209.4,144.6,100.4,71.5,54.22,43.57,41.76,38.03,36.31,34.26,33.29,163.4,110.7,85.7,69.1,56.88,49.62,45.22,41.34,38.49,36.35,34.96,78.2,60.08,48.59,38.97,32.33,29.04,28.62,27.31,27.03,26.51,26.11,39.49,41.1,46.35,47.05,50.28,54.91,63.63,72.1,97.9,99.9,147.3,218.8,1.826,0.318,-0.035,-0.15,0.25,0.131,0.564,0.617,0.418,0.265,0.345,0.207
116,1436,52.3,211,212,201.9,139.1,98.2,70,53.05,43.01,40.78,37.49,35.83,33.83,32.81,158.6,108.1,84.1,67.69,56.07,49.09,44.86,40.96,38.17,36.09,34.66,79.9,62.19,49.94,39.87,32.81,29.48,28.78,27.39,27.15,26.59,26.23,38.73,40.13,45.04,45.85,48.95,53.58,61.22,68.87,93.4,94.9,140.1,208.1,1.715,0.557,0.344,-0.024,0.363,0.198,0.693,0.497,0.366,0.233,0.254,0.195
116,1436,56.3,215,216,197.5,136.6,95.8,68.63,52.4,42.62,40.39,37.17,35.56,33.58,32.61,155,105.8,82.6,66.41,55.21,48.52,44.43,40.72,37.91,35.88,34.46,81.7,64.16,50.62,40.39,32.99,29.69,29.08,27.62,27.27,26.73,26.27,37.81,39.21,43.87,44.55,47.48,51.45,59,66.43,89.2,90.4,132.7,197.6,0.785,0.326,-0.069,-0.21,0.259,0.185,0.738,0.283,0.166,0.159,0.241,0.11
116,1437,0.3,219,220,192.9,134.3,94.8,67.8,52.18,42.3,40.24,37.09,35.41,33.37,32.29,151.2,103.9,81.6,65.81,54.57,47.84,43.95,40.28,37.59,35.49,34.11,83,65.28,52,41.06,33.25,29.88,29.08,27.89,27.41,26.91,26.43,36.99,38.23,42.63,43.47,46.33,50.26,57.26,64.14,85.3,86.8,127.3,190.1,0.816,0.139,0.042,-0.066,0.297,0.164,0.608,0.398,0.181,0.175,0.234,0.188
116,1437,4.3,223,224,186.2,129.1,92.3,66.55,51.41,41.94,39.95,36.84,35.24,33.3,32.33,147.4,101.8,80.1,64.72,53.78,47.33,43.55,39.77,37.32,35.24,33.9,83.6,66.29,52.97,41.7,33.42,29.91,29.49,27.96,27.56,27.05,26.55,36.22,37.57,41.72,42.56,44.92,48.54,55.17,61.66,81.6,83,120.8,182,1.212,-0.104,0.087,-0.011,0.334,0.177,0.673,0.296,0.068,0.079,0.143,0.105
116,1437,8.3,227,228,183.5,128,90.9,65.5,50.79,41.6,39.85,36.73,35.1,33.17,32.13,144.2,100.1,78.9,63.55,53.03,46.69,43.07,39.45,37.03,34.94,33.71,83.4,66.88,53.68,42.02,33.71,30.09,29.58,28.14,27.72,27.21,26.69,35.54,36.73,40.62,41.44,43.79,46.99,53.05,59.02,78.2,79.8,115.4,174.1,0.945,-0.035,0.015,-0.105,0.285,0.151,0.624,0.5,0.373,0.347,0.228,0.181
116,1437,12.3,231,232,178.7,125.4,89.2,64.67,50.42,41.28,39.25,36.33,34.77,32.99,32.09,140.9,99,77.7,62.62,52.38,46.13,42.75,39.33,36.83,34.85,33.53,84.1,66.11,53.66,42.28,34.01,30.29,29.64,28.12,27.84,27.23,26.75,34.97,35.89,39.45,39.99,42.32,45.34,51.29,56.92,74.7,76.2,110,166,1.048,-0.004,0.035,-0.005,0.214,0.058,0.62,0.625,0.189,0.198,0.188,0.12
116,1437,16.3,235,236,174,122.9,87.7,63.59,49.6,40.9,38.75,35.99,34.46,32.65,31.69,138.7,97,76.6,61.74,51.76,45.62,42.32,38.95,36.55,34.6,33.33,83.4,66.62,54.16,42.28,34.24,30.49,29.7,28.28,28,27.35,26.83,34.03,34.98,38.41,39.07,41.36,44.19,49.62,54.91,71.8,73.2,104.7,158.3,1.029,0.126,-0.087,-0.097,0.244,0.123,0.701,0.547,0.403,0.122,0.216,0.159
116,1437,20.3,239,240,168.8,119.4,85.8,62.61,49.09,40.61,38.57,35.82,34.26,32.45,31.49,135.8,95.9,75.7,60.85,51.25,45.18,42.04,38.67,36.36,34.46,33.18,82,66.54,54.47,41.88,34.46,30.57,29.99,28.32,28.04,27.43,26.91,33.46,34.48,37.61,38.29,40.33,42.91,48.32,53.45,69.2,70.4,100.8,151.3,0.648,0.165,-0.015,-0.105,0.221,0.095,0.564,0.335,0.121,0.101,0.182,0.14
116,1437,24.3,243,244,166.8,116.4,84.2,61.74,48.64,40.35,38.49,35.62,34.1,32.33,31.37,133.1,94,74.3,60.14,50.78,44.86,41.72,38.29,36.12,34.14,32.98,84,67.75,55.33,43.05,34.54,30.71,30.01,28.5,28.14,27.48,26.95,32.92,33.78,36.82,37.54,39.53,41.92,46.71,51.33,66.64,68.65,97,145.3,0.713,-0.191,-0.133,-0.218,0.185,0.072,0.458,0.128,0.238,0.206,0.209,0.129
116,1437,28.3,247,248,162.9,113.5,82.2,61.03,47.98,39.99,37.89,35.32,33.83,32.11,31.19,130,93.2,73.9,59.35,50.2,44.33,41.36,38.03,35.85,33.93,32.79,81.5,65.97,55.13,43.35,34.8,30.73,29.95,28.56,28.14,27.51,26.87,32.33,33.19,36.13,36.75,38.65,40.88,45.78,50.89,65.19,66.94,94.2,140.1,0.686,-0.117,-0.299,-0.013,0.185,0.107,0.442,0.241,0.238,0.191,0.217,0.119
116,1437,32.3,251,252,159.4,111.7,81.5,60.02,47.46,39.71,37.75,35.12,33.62,31.93,30.99,127.6,91.8,73.1,59.37,49.82,43.91,41.08,37.75,35.62,33.66,32.63,82.4,64.34,54.57,43.29,35,30.79,29.81,28.66,28.24,27.64,26.97,31.89,32.75,35.48,36.16,38.11,40.35,44.86,49.35,62.71,64.52,90,134.3,0.465,-0.205,-0.131,0.116,0.185,0.075,0.324,0.309,0.256,0.156,0.147,0.077
116,1437,36.3,255,256,155.7,110.3,81,59.61,47.28,39.49,37.53,34.99,33.49,31.85,30.93,125.4,90.8,72.3,58.44,49.25,43.37,40.6,37.37,35.41,33.57,32.41,83.9,66.31,54.63,43.41,34.97,30.91,30.01,28.66,28.26,27.71,27.07,31.49,32.21,34.69,35.33,37.17,39.49,43.73,47.94,60.59,62.45,87,130.5,0.21,-0.222,-0.138,0.179,0.194,0.062,0.239,0.29,0.075,0.225,0.149,0.117
116,1437,40.3,259,260,154.1,108.8,79.1,58.66,46.75,39.21,37.15,34.72,33.23,31.65,30.73,123.1,89.8,71.4,57.85,48.87,43.23,40.48,37.29,35.26,33.31,32.27,83.8,66.84,55.05,43.51,35.22,31.17,30.05,28.72,28.32,27.8,27.17,31.01,31.73,34.18,34.86,36.65,38.63,42.38,46.45,58.64,60.93,84.9,126.2,0.72,-0.161,-0.18,0.171,0.155,0.086,0.555,0.338,0.222,0.135,0.096,0.08
116,1437,44.3,263,264,150.4,107.2,78.5,57.99,46.23,38.93,36.92,34.58,33.1,31.51,30.53,121.2,88.5,70.6,56.79,48.42,42.76,40.21,36.99,35.06,33.22,32.17,83.9,67.39,55.3,42.95,35.38,31.29,30.13,28.8,28.44,27.88,27.27,30.61,31.25,33.54,34.1,35.82,37.53,41.26,45,56.77,58.52,81.1,120.4,0.911,-0.096,-0.074,0.139,0.194,0.071,0.32,0.332,0.087,0.066,0.103,0.078
116,1437,48.3,267,268,149.5,104.6,77.7,57.32,45.82,38.67,36.78,34.4,32.96,31.41,30.49,119.1,86.9,69.73,56.31,47.98,42.52,39.93,36.9,34.92,33.06,32.05,86.2,68.83,55.88,43.43,35.4,31.37,30.23,28.84,28.44,27.92,27.35,30.25,30.85,33.08,33.66,35.22,36.66,40.25,43.79,54.85,56.61,78.5,117.1,0.24,0.004,-0.101,0.084,0.138,0.043,0.369,0.374,0.026,0.066,0.107,0.087
116,1437,52.3,271,272,145.8,104,76.2,56.79,45.36,38.43,36.36,34.18,32.69,31.21,30.29,117.2,85.7,68.81,55.72,47.6,42.28,39.75,36.69,34.78,32.95,31.89,84.4,67.77,56.37,43.81,35.5,31.35,30.29,28.84,28.52,27.96,27.39,29.77,30.41,32.47,33.13,34.6,36.06,39.17,42.68,53.17,54.75,75.5,112.1,0.499,-0.244,-0.143,0.071,0.123,0.034,0.247,0.309,0.219,0.119,0.099,0.148
116,1437,56.3,275,276,143.2,103,75.2,56.02,44.94,38.21,36.36,34.1,32.62,31.13,30.23,115.4,85.1,68.2,55.01,47.25,41.96,39.53,36.46,34.58,32.8,31.77,84.5,68,56.73,44.23,35.58,31.49,30.05,28.72,28.54,27.96,27.32,29.41,30.05,31.97,32.58,34.06,35.34,38.45,41.66,51.69,53.13,73,108.9,0.629,-0.161,-0.146,0.171,0.136,0.027,0.478,0.4,0.124,0.135,0.158,0.128
116,1438,0.3,279,280,141.7,102.1,74.6,55.5,44.69,37.97,36.06,33.88,32.46,30.97,30.09,113.1,83.7,67.39,54.65,46.87,41.66,39.35,36.34,34.46,32.66,31.65,84,67.67,56.93,44.19,35.7,31.61,30.07,28.92,28.6,28,27.36,29.06,29.73,31.53,32.24,33.54,34.82,37.7,40.71,50.18,51.63,70.2,104.1,0.48,-0.126,-0.23,0.108,0.134,0.021,0.182,0.152,0.136,0.101,0.101,0.082
116,1438,4.3,283,284,139.7,99.4,73.2,54.83,44.19,37.77,35.86,33.78,32.37,30.87,30.01,111.7,82.6,66.72,53.98,46.53,41.28,39.09,36.04,34.3,32.49,31.53,85.8,68.85,57.38,44.86,35.8,31.65,30.23,29,28.64,28,27.35,28.7,29.3,31.17,31.79,33.2,34.3,37.01,39.91,48.83,50.4,68.28,100.1,0.435,-0.161,-0.208,0.042,0.129,0.035,0.381,0.191,-0.026,0.032,0.096,0.088
116,1438,8.3,287,288,137.6,98.5,72.3,54.2,43.83,37.53,35.78,33.64,32.21,30.75,29.89,110.1,81.5,65.97,53.62,46.17,41,38.91,35.98,34.16,32.37,31.41,85.6,68.89,57.32,45,35.78,31.53,30.29,28.96,28.52,28.04,27.35,28.4,29.04,30.73,31.39,32.69,33.76,36.42,39.15,47.78,49.27,65.72,95.8,-0.05,-0.126,-0.222,0.034,0.057,-0.023,0.47,0.165,-0.011,0.045,0.076,0.026
116,1438,12.3,291,292,135.8,96.2,71.6,53.63,43.53,37.34,35.58,33.5,32.13,30.65,29.81,108.4,80.4,65.6,53.13,45.76,40.57,38.61,35.64,33.98,32.21,31.29,84,68.14,57.42,44.9,35.72,31.75,30.49,28.92,28.64,28.12,27.48,28.08,28.68,30.33,30.89,32.21,33.2,35.78,38.49,46.81,48.18,63.93,92.7,0.347,-0.292,-0.227,0.008,0.078,-0.012,0.243,0.194,-0.011,0.071,0.107,0.08
116,1438,16.3,295,296,133,95.5,71,53.23,43.29,37.12,35.36,33.34,31.93,30.57,29.77,106.8,79.6,64.99,52.72,45.5,40.49,38.49,35.46,33.86,32.11,31.19,85.6,67.57,57.02,44.53,35.68,31.77,30.49,28.96,28.68,28.14,27.52,27.84,28.36,29.93,30.49,31.75,32.7,35.3,37.4,45.42,47.11,62.94,91.1,0.64,-0.426,-0.257,0.016,0.079,-0.069,0.251,0.165,0.041,-0.064,0.086,0.046
116,1438,20.3,299,300,131.8,94.6,70,52.64,42.98,36.9,35.02,33.14,31.79,30.43,29.61,105.5,79.1,64.24,52.2,45.1,40.17,38.19,35.3,33.7,31.93,31.07,84.8,68.44,57.24,44.57,35.78,31.69,30.45,28.96,28.74,28.16,27.52,27.56,28.06,29.57,30.13,31.33,32.34,34.74,36.92,44.63,46.43,61.39,86.5,0.423,-0.252,-0.272,0.024,0.054,-0.004,0.17,0.191,0.008,0.071,0.106,0.055
116,1438,24.3,303,304,128.8,92.3,69.18,52.3,42.74,36.74,34.92,33.08,31.73,30.33,29.53,103.6,77.8,63.45,51.71,44.82,39.89,38.03,35.16,33.58,31.91,31.01,85.7,68.57,57.12,44.61,35.8,31.73,30.33,28.92,28.6,28.12,27.44,27.23,27.7,29.16,29.65,30.73,31.53,33.74,35.88,43.35,45.24,59.75,84.1,0.328,-0.513,-0.405,0.013,0.058,-0.044,-0.036,0.029,-0.2,-0.146,-0.079,-0.078
116,1438,28.3,307,308,102.1,81.2,61.94,49.27,39.95,36.08,32.84,31.88,30.85,29.77,28.66,96.3,68.89,57.97,47.21,43.12,37.1,36.94,33.86,33.06,31.01,30.63,83.4,64.93,55.98,43.99,35.5,31.17,30.25,28.89,28.54,28.12,27.52,26.71,27.12,28.36,28.97,29.89,30.75,32.98,35.08,42.64,43.18,56.95,80,0.309,-0.601,-0.509,-0.037,-0.064,-0.09,-0.114,-0.12,-0.136,-0.177,-0.113,-0.122
116,1438,32.3,311,312,93.9,77.7,58.86,47.45,38.39,35.56,31.75,30.95,30.15,29.29,27.92,92.8,66.63,57.22,45.04,42.24,35.46,36.18,32.8,32.56,30.33,30.29,78.1,63.53,55.56,43.47,35.66,31.09,30.57,29.05,28.6,28.12,27.05,26.31,26.61,27.68,28.16,29.01,30.05,32,34.08,41.11,41.11,54.58,75.7,0.122,-0.566,-0.138,-0.011,-0.04,-0.122,-0.126,-0.05,-0.234,-0.228,-0.109,-0.105
116,1438,36.3,315,316,88.6,74.6,58.53,46.53,37.98,35.16,31.49,30.91,29.99,29.29,27.94,89.8,64.66,56.31,45.14,41.8,35.46,35.78,32.58,32.22,30.25,30.17,72.5,60.62,55.17,42.68,35.46,31.21,30.33,29.03,28.48,27.96,26.91,25.99,26.27,27.2,27.64,28.56,29.17,31.13,32.9,39.89,39.79,50.62,71.8,0.072,-0.714,-0.101,-0.126,-0.053,-0.121,-0.016,-0.097,-0.245,-0.214,-0.129,-0.116
116,1438,40.3,319,320,86,73,57.82,46,37.36,34.92,31.61,30.79,29.95,29.13,27.88,87.2,63.81,55.31,43.99,41.01,34.62,35.5,32.3,32.14,30.01,30.01,69.03,58.82,54.1,42.34,34.96,31.33,30.09,28.93,28.4,27.88,26.99,25.75,25.95,26.73,27.16,27.92,28.5,30.49,32.1,38.53,38.69,48.26,68.53,0.126,-0.505,0.015,-0.134,-0.085,-0.116,-0.093,-0.044,-0.222,-0.243,-0.11,-0.097
116,1438,44.3,323,324,83.6,71.7,56.87,45,36.92,34.56,30.77,30.43,29.65,28.92,27.72,84.6,62.04,53.86,43.39,40.73,34.36,35.1,32.01,31.89,29.89,29.85,77.7,61.03,54.18,41.8,35.06,31.65,30.35,29.29,28.44,27.76,27.09,25.42,25.66,26.37,26.71,27.4,28.04,29.77,31.33,37.5,37.54,47.33,65.35,0.145,-0.644,-0.005,-0.074,-0.052,-0.106,-0.073,-0.031,-0.238,-0.209,-0.12,-0.112
116,1438,48.3,327,328,80.9,69.74,55.31,44.49,36.64,34.3,30.85,30.21,29.49,28.76,27.58,82.5,60.64,53.23,43.24,40.29,34.26,34.88,31.69,31.65,29.69,29.73,80,60.91,54.46,41.8,35.3,31.73,30.53,29.17,28.52,27.96,27.32,25.18,25.38,25.95,26.25,26.87,27.5,29.13,30.59,36.38,36.24,45.96,62.35,0.095,-0.509,0.022,-0.071,-0.049,-0.108,-0.109,-0.047,-0.253,-0.175,-0.118,-0.117
116,1438,52.3,331,332,78.6,68.3,54.76,44.09,36.46,34.12,30.94,30.29,29.47,28.69,27.52,80.2,59.5,52.13,42.24,39.77,33.96,34.74,31.76,31.5,29.61,29.57,80.4,60.98,54.66,42.26,35.34,31.9,30.45,29.13,28.73,28,27.18,24.98,25.16,25.73,25.95,26.55,27.08,28.69,30.15,35.54,35.44,44.53,59.39,0.145,-0.592,-0.042,-0.068,-0.058,-0.094,-0.126,-0.073,-0.245,-0.243,-0.125,-0.1
116,1438,56.3,335,336,77.4,68.06,54.57,43.63,36,33.98,30.91,30.33,29.43,28.6,27.36,78.2,58.55,51.43,41.78,39.41,34.02,34.64,31.73,31.43,29.41,29.45,79.1,60.12,54.32,42.46,35.34,32.07,30.47,29.23,28.52,28.02,27.32,24.76,24.92,25.38,25.62,26.21,26.69,28.08,29.53,35.02,35.02,42.62,56.99,0.084,-0.601,-0.096,-0.142,-0.047,-0.135,-0.085,-0.086,-0.211,-0.212,-0.13,-0.121
116,1439,0.3,339,340,75.2,66.33,53.35,43.38,35.82,33.7,30.49,30.09,29.19,28.5,27.32,76.5,57.28,50.74,41.96,39.33,33.72,34.38,31.54,31.25,29.41,29.39,79.8,60.3,54.18,42.9,35.2,31.5,30.45,29.25,28.6,28.08,27.2,24.6,24.72,25.12,25.34,25.91,26.31,27.68,28.93,34.22,34.14,41.74,54.56,0.08,-0.596,-0.119,-0.058,-0.082,-0.112,-0.154,-0.068,-0.241,-0.193,-0.103,-0.122
116,1439,4.3,343,344,72.5,64.58,51.99,42.8,35.4,33.48,30.39,29.73,29.01,28.4,27.2,74.7,56.26,50.14,40.61,38.65,33.18,34.14,31.25,31.01,29.21,29.23,82.7,60.01,53.85,43.12,35.3,31.25,30.33,28.89,28.77,28,26.93,24.42,24.54,24.86,25.06,25.57,25.87,27.08,28.42,33.46,33.3,40.33,52.28,0.099,-0.587,-0.069,-0.097,-0.034,-0.106,-0.146,-0.034,-0.264,-0.217,-0.107,-0.111
116,1439,8.3,347,348,71.2,64.19,50.62,42.18,34.86,33.16,30.21,29.63,28.85,28.28,27.14,72.9,55.8,49.31,40.27,38.34,32.76,33.84,31.13,30.91,29.09,29.13,82.2,60.88,53.61,42.72,35.24,31.46,30.37,29.17,28.73,27.96,26.98,24.26,24.38,24.66,24.84,25.26,25.59,26.81,28.04,32.7,32.16,39.41,49.87,0.179,-0.5,-0.04,-0.089,-0.065,-0.116,-0.154,-0.076,-0.283,-0.217,-0.129,-0.117
116,1439,12.3,351,352,70.2,63.61,50.72,41.52,34.68,33.02,30.11,29.59,28.85,28.16,27.02,71.7,55.05,48.97,39.53,37.98,32.54,33.66,30.93,30.77,28.95,29.01,81.9,61.13,53.82,42.5,35.34,31.9,30.13,29.01,28.64,27.96,26.83,24.15,24.23,24.5,24.62,25.08,25.38,26.43,27.54,32.08,31.48,38.32,48.24,0.122,-0.361,-0.096,-0.174,-0.08,-0.129,-0.195,-0.086,-0.279,-0.193,-0.12,-0.112
116,1439,16.3,355,356,69.56,62.41,50.6,41.23,34.42,32.86,30.01,29.43,28.7,28.12,27.04,70.4,54.79,48.52,39.25,37.7,32.3,33.5,30.77,30.61,28.95,28.95,76.1,60.6,53.41,42.5,35.3,31.78,30.33,29.01,28.52,27.96,27.06,24.03,24.11,24.32,24.46,24.9,25.14,26.07,27.06,31.33,30.77,37.4,46.67,0.084,-0.366,0.069,-0.063,-0.033,-0.111,-0.134,-0.089,-0.253,-0.193,-0.133,-0.111
116,1439,20.3,359,360,67.98,62.08,49.43,40.71,34.22,32.68,30.01,29.45,28.64,28.04,26.99,69.2,53.84,47.25,38.89,37.34,32.24,33.4,30.77,30.53,28.84,28.91,73.5,60.78,53.35,42.94,35.22,31.78,30.49,29.13,28.46,27.96,26.91,23.93,23.97,24.19,24.27,24.68,24.84,25.81,26.73,30.83,30.45,35.96,45.04,0,-0.453,-0.082,-0.076,-0.084,-0.103,-0.174,-0.076,-0.29,-0.257,-0.109,-0.12
116,1439,24.3,363,364,67.71,60.91,48.82,40.31,33.92,32.54,30.05,29.49,28.66,27.98,26.95,67.79,53.13,47.09,38.77,36.98,32.22,33.34,30.67,30.41,28.72,28.78,74.2,60.09,53.11,42.62,35.06,31.71,30.37,29.17,28.56,27.74,27.03,23.81,23.87,24.01,24.11,24.52,24.64,25.5,26.39,30.21,30.07,34.78,43.61,-0.015,-0.44,-0.057,-0.195,-0.123,-0.124,-0.215,-0.11,-0.287,-0.214,-0.13,-0.114
116,1439,28.3,367,368,65.74,60.05,49.25,39.71,33.7,32.28,29.83,29.43,28.6,27.92,26.91,66.78,52.36,46.77,38.48,36.88,32.22,33.18,30.61,30.41,28.77,28.77,78.5,60.54,52.9,42.32,34.74,31.72,30.15,29.25,28.44,27.72,26.91,23.73,23.77,23.91,24.01,24.4,24.48,25.22,26.01,29.57,29.43,34.18,42.32,0.046,-0.139,-0.106,-0.208,-0.105,-0.117,-0.146,-0.115,-0.279,-0.209,-0.137,-0.112
116,1439,32.3,371,372,64.26,59.32,48.38,39.61,33.52,32.12,29.53,29.13,28.28,27.72,26.75,65.9,51.93,46.63,38.34,36.6,31.92,33.02,30.35,30.21,28.6,28.64,80.5,61.31,53.01,42.36,34.9,31.58,30.17,29.17,28.42,27.78,26.98,23.67,23.69,23.81,23.89,24.22,24.32,25.02,25.81,29.13,28.92,32.97,40.88,0.069,-0.213,-0.136,-0.095,-0.093,-0.127,-0.17,-0.113,-0.305,-0.228,-0.137,-0.117
116,1439,36.3,375,376,63.67,58.41,47.42,38.85,33.05,31.89,29.28,29,28.32,27.7,26.73,64.6,51.25,46.19,37.99,36.34,31.67,32.63,30.13,30.09,28.48,28.54,76.8,61.46,53.05,42.54,35.16,31.79,30.19,28.82,28.32,27.66,26.87,23.57,23.59,23.71,23.79,24.09,24.19,24.84,25.5,28.56,28.3,32.62,39.93,-0.107,-0.026,-0.133,-0.15,-0.086,-0.127,-0.203,-0.131,-0.305,-0.265,-0.122,-0.12
116,1439,40.3,379,380,63.5,57.15,47.86,39.11,33.04,31.7,29.29,28.93,28.16,27.66,26.67,63.57,50.54,45.42,38.22,36.3,31.51,32.58,30.09,30.01,28.42,28.5,74.7,59.83,52.5,42,34.9,31.68,30.17,28.74,28.48,27.6,26.63,23.49,23.51,23.63,23.67,24.03,24.03,24.62,25.3,28.26,28.02,31.94,38.73,-0.08,0.048,-0.025,-0.089,-0.09,-0.139,-0.17,-0.118,-0.317,-0.249,-0.107,-0.124
116,1439,44.3,383,384,63.49,56.97,46.63,38.63,33.04,31.59,29.45,29.01,28.22,27.64,26.65,62.94,49.94,45.28,36.7,35.9,31.45,32.5,30.21,29.89,28.44,28.46,74.6,59.63,52.12,41.2,34.86,31.57,30.05,28.72,28.32,27.6,26.59,23.39,23.47,23.55,23.61,23.91,23.93,24.52,25.18,28.06,27.98,31.38,37.86,-0.034,0.148,-0.047,-0.15,-0.07,-0.107,-0.223,-0.113,-0.347,-0.233,-0.125,-0.125
116,1439,48.3,387,388,60.86,55.9,46.14,38.44,32.92,31.52,29.13,28.91,28.2,27.6,26.57,61.72,49.43,44.31,36.8,35.7,31.34,32.3,29.97,29.85,28.4,28.38,73.6,58.25,51.93,41.33,34.8,31.44,29.49,28.89,28.2,27.6,26.57,23.35,23.41,23.49,23.53,23.83,23.79,24.32,24.94,27.72,27.6,31.05,36.78,-0.03,0.104,-0.124,-0.142,-0.082,-0.131,-0.178,-0.11,-0.313,-0.275,-0.128,-0.112
116,1439,52.3,391,392,59.53,55.11,45.15,38.26,32.48,31.38,29.01,28.77,28.08,27.54,26.63,60.4,48.56,43.87,36.58,35.26,31.18,32.18,29.71,29.81,28.32,28.36,71.9,58.94,51.95,41.45,34.66,31.42,29.71,28.93,28.28,27.6,26.71,23.31,23.35,23.39,23.47,23.71,23.71,24.2,24.78,27.36,27.36,30.57,35.86,0.053,0.087,-0.04,-0.079,-0.096,-0.118,-0.219,-0.099,-0.268,-0.235,-0.133,-0.126
116,1439,56.3,395,396,58.57,55.11,45.6,37.96,32.16,31.3,29.07,28.71,28.02,27.44,26.6,59.79,48.66,44.15,36.14,35.1,30.92,32.18,29.85,29.71,28.16,28.24,74.6,56.79,51.27,40.85,34.38,31.22,29.97,28.79,28.29,27.64,26.68,23.27,23.31,23.35,23.39,23.63,23.63,24.08,24.62,27.1,26.92,30.09,35.16,0.091,-0.222,-0.124,-0.226,-0.104,-0.112,-0.219,-0.188,-0.343,-0.273,-0.117,-0.116
116,1440,0.3,399,400,58.55,54.99,44.83,37.62,32.2,31.14,29.15,28.57,27.88,27.36,26.41,59.12,47.53,43.4,36.26,35.02,30.74,32.02,29.71,29.61,28.06,28.2,70.1,53.67,50.3,40.65,34.22,31.3,30.09,28.85,28.28,27.52,26.51,23.23,23.25,23.31,23.33,23.55,23.53,23.95,24.44,26.76,26.68,29.49,34.26,0.091,-0.061,-0.124,-0.179,-0.104,-0.136,-0.223,-0.131,-0.309,-0.241,-0.121,-0.125
116,1440,4.3,403,404,57.5,53.49,43.46,37,31.98,30.94,28.87,28.55,27.84,27.32,26.45,58.23,47.15,42.98,35.66,34.9,30.49,31.84,29.53,29.53,28.08,28.12,65.05,53.27,49.79,40.63,34.14,31.34,29.89,28.73,28.12,27.4,26.43,23.15,23.19,23.23,23.27,23.49,23.47,23.83,24.28,26.39,26.29,29.09,33.58,0.084,-0.026,-0.096,-0.171,-0.104,-0.135,-0.243,-0.175,-0.294,-0.225,-0.129,-0.126
116,1440,8.3,407,408,56.56,52.78,44.33,36.56,31.76,30.82,28.89,28.45,27.68,27.24,26.35,57.27,46.7,42.72,36.06,34.6,30.53,31.74,29.49,29.45,27.96,28.04,63.85,54.4,49.63,40.31,33.74,31.16,29.53,28.73,28.04,27.4,26.51,23.15,23.17,23.21,23.23,23.41,23.39,23.75,24.16,26.13,25.89,28.72,32.86,0.13,0.057,-0.096,-0.182,-0.11,-0.125,-0.235,-0.115,-0.302,-0.238,-0.113,-0.094
116,1440,12.3,411,412,55.51,52.7,44.19,36.52,31.76,30.75,28.78,28.34,27.74,27.16,26.27,56.39,45.98,41.96,35.4,34.4,30.61,31.58,29.29,29.25,27.84,27.96,60.74,53.79,49.77,40.33,33.62,30.69,29.61,28.44,28,27.34,26.39,23.08,23.14,23.14,23.21,23.39,23.39,23.67,24.07,25.91,25.81,28.38,32.22,0.076,-0.126,-0.168,-0.118,-0.11,-0.129,-0.239,-0.147,-0.298,-0.262,-0.147,-0.115
